2026-04-21T14:47:48.649193Z  INFO matrix_sdk_ffi::platform: Logging has been set up env_filter="panic=error,hyper=warn,matrix_sdk_ffi=info,matrix_sdk=info,matrix_sdk::client=trace,matrix_sdk_crypto=debug,matrix_sdk_crypto::olm::account=trace,matrix_sdk::oidc=trace,matrix_sdk::http_client=debug,matrix_sdk::sliding_sync=info,matrix_sdk_base::sliding_sync=info,matrix_sdk_ui::timeline=info,matrix_sdk::send_queue=info,matrix_sdk::event_cache=info,matrix_sdk::latest_events=info,matrix_sdk_base::event_cache=info,matrix_sdk_sqlite::event_cache_store=info,matrix_sdk_common::cross_process_lock=warn,matrix_sdk_common::deserialized_responses=info,matrix_sdk_base::store::ambiguity_map=warn,matrix_sdk_ui::notification_client=info,matrix_sdk_base::response_processors=debug,elementx=info" | bindings/matrix-sdk-ffi/src/platform/mod.rs:602
2026-04-21T14:47:48.651839Z  INFO elementx: SalemX 26.03.4 (1) | AppCoordinator.swift:91 | spans: root
2026-04-21T14:47:48.716052Z  INFO elementx: NavigationRootCoordinator(SalemX.SplashScreenCoordinator Set root: SalemX.SplashScreenCoordinator | NavigationRootCoordinator.swift:153 | spans: root
2026-04-21T14:47:48.754746Z ERROR elementx: Biometrics error: Error Domain=com.apple.LocalAuthentication Code=-7 "No identities are enrolled." UserInfo={NSDebugDescription=No identities are enrolled., NSLocalizedDescription=Биометрическая регистрация не выполнялась.} | AppLockService.swift:172 | spans: root
2026-04-21T14:47:48.944475Z  INFO elementx: Sentry configured (enabled: false) | AppCoordinator.swift:1026 | spans: root
2026-04-21T14:47:48.963039Z  INFO elementx: App setting 'enableNotifications' is 'true' | NotificationManager.swift:51 | spans: root
2026-04-21T14:47:48.972167Z  INFO elementx: [CALL-END-TRACE][CANARY-APP-LAUNCH] local_trace_id=app_launch room_id=n/a widget_id=n/a callkit_id=n/a | AppCoordinator.swift:162 | spans: root
2026-04-21T14:47:48.976889Z  INFO elementx: Register background app refresh with result: true | AppCoordinator.swift:1205 | spans: root
2026-04-21T14:47:49.426795Z  INFO elementx: Network reachability changed to reachable | NetworkMonitor.swift:30 | spans: root
2026-04-21T14:47:49.451640Z  INFO elementx: Transitioning from `initial` to `restoringSession` with event `startWithExistingSession` | AppCoordinatorStateMachine.swift:93 | spans: root
2026-04-21T14:47:49.463347Z  INFO elementx: Application did become active | AppCoordinator.swift:1178 | spans: root
2026-04-21T14:47:49.472186Z  INFO elementx: No global proxy configured. | URL.swift:113 | spans: root > Global proxy
spawning a multithreaded tokio runtime
2026-04-21T14:47:49.492541Z DEBUG matrix_sdk::client::builder: Starting to build the Client | crates/matrix-sdk/src/client/builder/mod.rs:533 | spans: root > build
2026-04-21T14:47:50.138588Z  INFO matrix_sdk::client::builder: selected sliding sync version version=None | crates/matrix-sdk/src/client/builder/mod.rs:585 | spans: root > build{homeserver=HomeserverUrl("https://matrix.mertis.kz/")}
2026-04-21T14:47:50.145465Z DEBUG matrix_sdk::client::thread_subscriptions: Thread subscriptions catchup not enabled, not starting the catchup task | crates/matrix-sdk/src/client/thread_subscriptions.rs:161
2026-04-21T14:47:50.145499Z DEBUG matrix_sdk::client::builder: Done building the Client | crates/matrix-sdk/src/client/builder/mod.rs:637 | spans: root > build{homeserver=HomeserverUrl("https://matrix.mertis.kz/")}
2026-04-21T14:47:50.178160Z DEBUG matrix_sdk_crypto::machine: Restored an Olm account | crates/matrix-sdk-crypto/src/machine/mod.rs:330 | spans: root > restore_session_with > with_store{user_id="@aktau:mertis.kz" device_id="pHHotPZIkM" ed25519_key=M0mhG6UokHUP46hSMjDWKG61kmpw/2xLe+La75gin+s curve25519_key=pFaf/unMw0v17TGquqcrfbPxp7v3fGDpgJr8UDhiIXk}
2026-04-21T14:47:50.179437Z DEBUG matrix_sdk_crypto::machine: Creating an empty cross signing identity stub | crates/matrix-sdk-crypto/src/machine/mod.rs:378 | spans: root > restore_session_with > with_store{user_id="@aktau:mertis.kz" device_id="pHHotPZIkM" ed25519_key=M0mhG6UokHUP46hSMjDWKG61kmpw/2xLe+La75gin+s curve25519_key=pFaf/unMw0v17TGquqcrfbPxp7v3fGDpgJr8UDhiIXk}
2026-04-21T14:47:50.185459Z  INFO elementx: Set up session for user @aktau:mertis.kz at: Data: /Users/aibattt/Library/Developer/CoreSimulator/Devices/183D9DAD-0CB6-49DE-ABFD-53BFA7B724CB/data/Containers/Shared/AppGroup/71965D2B-D443-4BFB-BFF2-C3FD0CFFF5BA/Library/Application Support/kz.salemx.msg/Sessions/38488D2C-5FE6-4066-8184-6C020A969615 Caches: /Users/aibattt/Library/Developer/CoreSimulator/Devices/183D9DAD-0CB6-49DE-ABFD-53BFA7B724CB/data/Containers/Shared/AppGroup/71965D2B-D443-4BFB-BFF2-C3FD0CFFF5BA/Library/Caches/kz.salemx.msg/Sessions/38488D2C-5FE6-4066-8184-6C020A969615 | UserSessionStore.swift:145 | spans: root
2026-04-21T14:47:50.196259Z  INFO matrix_sdk::encryption::backups: Setting up secret listeners and trying to resume backups | crates/matrix-sdk/src/encryption/backups/mod.rs:752
2026-04-21T14:47:50.197432Z  INFO matrix_sdk::encryption::recovery: Setting up account data listeners and trying to setup recovery | crates/matrix-sdk/src/encryption/recovery/mod.rs:610
2026-04-21T14:47:50.198556Z  INFO elementx: Checking if backup exists on the server | SecureBackupController.swift:196 | spans: root
2026-04-21T14:47:50.203560Z DEBUG matrix_sdk::http_client::native: Sending request num_attempt=1 | crates/matrix-sdk/src/http_client/native.rs:78 | spans: root > send{request_id="REQ-1" method=GET uri="https://matrix.mertis.kz/_matrix/client/v3/room_keys/version"}
2026-04-21T14:47:50.203758Z DEBUG matrix_sdk::http_client::native: Sending request num_attempt=1 | crates/matrix-sdk/src/http_client/native.rs:78 | spans: send{request_id="REQ-0" method=GET uri="https://matrix.mertis.kz/_matrix/client/v3/user/@aktau:mertis.kz/account_data/m.secret_storage.default_key"}
2026-04-21T14:47:50.209049Z DEBUG matrix_sdk::http_client::native: Sending request num_attempt=1 | crates/matrix-sdk/src/http_client/native.rs:78 | spans: send{request_id="REQ-2" method=GET uri="https://matrix.mertis.kz/_matrix/client/v3/user/@aktau:mertis.kz/account_data/m.secret_storage.default_key"}
2026-04-21T14:47:50.209815Z  INFO elementx: Recovery state changed to: unknown, setting local state to unknown | SecureBackupController.swift:80 | spans: root
2026-04-21T14:47:50.209958Z  INFO elementx: Key backup state changed to: unknown, setting local state to unknown | SecureBackupController.swift:59 | spans: root
2026-04-21T14:47:50.210488Z  INFO elementx: Checking if backup exists on the server | SecureBackupController.swift:196 | spans: root
2026-04-21T14:47:50.210603Z DEBUG matrix_sdk::http_client::native: Sending request num_attempt=1 | crates/matrix-sdk/src/http_client/native.rs:78 | spans: root > send{request_id="REQ-3" method=GET uri="https://matrix.mertis.kz/_matrix/client/v3/room_keys/version"}
2026-04-21T14:47:50.212987Z DEBUG matrix_sdk_crypto::machine: Initialising crypto store generation at 2 | crates/matrix-sdk-crypto/src/machine/mod.rs:2852 | spans: root
2026-04-21T14:47:50.222499Z  INFO elementx: AllRooms: Updating visible range: 0..<0 | RoomSummaryProvider.swift:166 | spans: root
2026-04-21T14:47:50.226160Z  INFO elementx: AlternateAllRooms: Updating visible range: 0..<0 | RoomSummaryProvider.swift:166 | spans: root
2026-04-21T14:47:50.226323Z  INFO elementx: StaticAllRooms: Updating visible range: 0..<0 | RoomSummaryProvider.swift:166 | spans: root
2026-04-21T14:47:50.230215Z  INFO elementx: Starting sync | ClientProxy.swift:442 | spans: root
2026-04-21T14:47:50.233078Z DEBUG matrix_sdk::http_client::native: Sending request num_attempt=1 | crates/matrix-sdk/src/http_client/native.rs:78 | spans: send{request_id="REQ-4" method=GET uri="https://matrix.mertis.kz/_matrix/client/unstable/org.matrix.msc2965/auth_metadata"}
2026-04-21T14:47:50.242627Z  INFO elementx: Received sync service update: running | ClientProxy.swift:1106 | spans: root
2026-04-21T14:47:50.246863Z  INFO elementx: StaticAllRooms: Received state update: loaded(maximumNumberOfRooms: Optional(3)) | RoomSummaryProvider.swift:105 | spans: root
2026-04-21T14:47:50.247031Z  INFO elementx: AllRooms: Received state update: loaded(maximumNumberOfRooms: Optional(3)) | RoomSummaryProvider.swift:105 | spans: root
2026-04-21T14:47:50.247214Z  INFO elementx: AlternateAllRooms: Received state update: loaded(maximumNumberOfRooms: Optional(3)) | RoomSummaryProvider.swift:105 | spans: root
2026-04-21T14:47:50.248269Z  INFO matrix_sdk::sliding_sync: Marking all tracked users as dirty | crates/matrix-sdk/src/sliding_sync/mod.rs:479 | spans: root > next_sync_with_lock{store_generation=2} > sync_once{conn_id="encryption"}
2026-04-21T14:47:50.250495Z  INFO elementx: Session security state changed, verificationState: unverified, recoveryState: unknown | UserSession.swift:48 | spans: root
2026-04-21T14:47:50.254723Z DEBUG matrix_sdk::http_client: Got response | crates/matrix-sdk/src/http_client/mod.rs:214 | spans: root > send{request_id="REQ-1" method=GET uri="https://matrix.mertis.kz/_matrix/client/v3/room_keys/version" status=200 response_size="451B" request_duration=50.323625ms}
2026-04-21T14:47:50.258152Z DEBUG matrix_sdk::http_client::native: Sending request num_attempt=1 | crates/matrix-sdk/src/http_client/native.rs:78 | spans: sync_once{conn_id="room-list" pos="554/s1042_6501_62_143_248_1_254_227_0_1_1_1" timeout=0} > send{request_id="REQ-5" method=POST uri="https://matrix.mertis.kz/_matrix/client/unstable/org.matrix.simplified_msc3575/sync" request_size="647B"}
2026-04-21T14:47:50.258656Z DEBUG matrix_sdk::http_client::native: Sending request num_attempt=1 | crates/matrix-sdk/src/http_client/native.rs:78 | spans: root > next_sync_with_lock{store_generation=2} > sync_once{conn_id="encryption"  timeout=30000} > send{request_id="REQ-6" method=POST uri="https://matrix.mertis.kz/_matrix/client/unstable/org.matrix.simplified_msc3575/sync" request_size="106B"}
2026-04-21T14:47:50.259389Z  INFO elementx: Notification sound enabled: false | NotificationManager.swift:106 | spans: root
2026-04-21T14:47:50.259418Z  INFO elementx: Starting sync | ClientProxy.swift:442 | spans: root
2026-04-21T14:47:50.259622Z  INFO elementx: Transitioning from `restoringSession` to `signedIn` with event `createdUserSession` | AppCoordinatorStateMachine.swift:93 | spans: root
2026-04-21T14:47:50.261165Z DEBUG matrix_sdk_crypto::session_manager::sessions: Collected user/device pairs that are missing an Olm session missing_session_devices_by_user={} timed_out_devices_by_user={} | crates/matrix-sdk-crypto/src/session_manager/sessions.rs:285 | spans: root > next_sync_with_lock{store_generation=2} > sync_once{conn_id="encryption"  timeout=30000} > send_outgoing_requests > get_missing_sessions
2026-04-21T14:47:50.261730Z DEBUG matrix_sdk::http_client: Got response | crates/matrix-sdk/src/http_client/mod.rs:214 | spans: root > send{request_id="REQ-3" method=GET uri="https://matrix.mertis.kz/_matrix/client/v3/room_keys/version" status=200 response_size="451B" request_duration=51.072916ms}
2026-04-21T14:47:50.263221Z DEBUG matrix_sdk::http_client: Got response | crates/matrix-sdk/src/http_client/mod.rs:214 | spans: send{request_id="REQ-4" method=GET uri="https://matrix.mertis.kz/_matrix/client/unstable/org.matrix.msc2965/auth_metadata" status=200 response_size="2.6k" request_duration=29.919ms}
2026-04-21T14:47:50.263201Z ERROR matrix_sdk::http_client: Error while sending request: Api(Server(ClientApi(Error { status_code: 404, body: Standard(StandardErrorBody { kind: NotFound, message: "Account data not found" }) }))) | crates/matrix-sdk/src/http_client/mod.rs:218 | spans: send{request_id="REQ-0" method=GET uri="https://matrix.mertis.kz/_matrix/client/v3/user/@aktau:mertis.kz/account_data/m.secret_storage.default_key" status=404 response_size="58B" request_duration=57.765209ms}
2026-04-21T14:47:50.263698Z  INFO matrix_sdk::encryption::recovery: Recovery state changed from Unknown to Disabled | crates/matrix-sdk/src/encryption/recovery/mod.rs:686 | spans: root
2026-04-21T14:47:50.263936Z  INFO elementx: Session security state changed, verificationState: unverified, recoveryState: disabled | UserSession.swift:48 | spans: root
2026-04-21T14:47:50.264157Z  INFO elementx: Recovery state changed to: disabled, setting local state to disabled | SecureBackupController.swift:80 | spans: root
2026-04-21T14:47:50.264284Z DEBUG matrix_sdk::http_client::native: Sending request num_attempt=1 | crates/matrix-sdk/src/http_client/native.rs:78 | spans: root > send{request_id="REQ-7" method=GET uri="https://matrix.mertis.kz/_matrix/client/v3/room_keys/version"}
2026-04-21T14:47:50.267344Z DEBUG matrix_sdk_crypto::identities::manager: Created a /keys/query request request_id="581a01b129644098aabfaaaa2667632b" users=["@aktau:mertis.kz", "@alm:mertis.kz", "@test2:mertis.kz"] | crates/matrix-sdk-crypto/src/identities/manager.rs:877 | spans: root > next_sync_with_lock{store_generation=2} > sync_once{conn_id="encryption"  timeout=30000} > send_outgoing_requests
2026-04-21T14:47:50.269014Z  INFO elementx: NavigationRootCoordinator(NavigationTabCoordinator(Empty) Set root: NavigationTabCoordinator(Empty) | NavigationRootCoordinator.swift:153 | spans: root
2026-04-21T14:47:50.269185Z DEBUG matrix_sdk::http_client::native: Sending request num_attempt=1 | crates/matrix-sdk/src/http_client/native.rs:78 | spans: root > next_sync_with_lock{store_generation=2} > sync_once{conn_id="encryption"  timeout=30000} > send_outgoing_requests > keys_query{request_id="581a01b129644098aabfaaaa2667632b"} > send{request_id="REQ-8" method=POST uri="https://matrix.mertis.kz/_matrix/client/v3/keys/query" request_size="81B"}
2026-04-21T14:47:50.270651Z DEBUG matrix_sdk::http_client: Got response | crates/matrix-sdk/src/http_client/mod.rs:214 | spans: root > next_sync_with_lock{store_generation=2} > sync_once{conn_id="encryption"  timeout=30000} > send{request_id="REQ-6" method=POST uri="https://matrix.mertis.kz/_matrix/client/unstable/org.matrix.simplified_msc3575/sync" request_size="106B" status=200 response_size="243B" request_duration=10.69975ms}
2026-04-21T14:47:50.272476Z DEBUG matrix_sdk::http_client: Got response | crates/matrix-sdk/src/http_client/mod.rs:214 | spans: sync_once{conn_id="room-list" pos="554/s1042_6501_62_143_248_1_254_227_0_1_1_1" timeout=0} > send{request_id="REQ-5" method=POST uri="https://matrix.mertis.kz/_matrix/client/unstable/org.matrix.simplified_msc3575/sync" request_size="647B" status=200 response_size="345B" request_duration=12.434792ms}
2026-04-21T14:47:50.275777Z DEBUG matrix_sdk::http_client: Got response | crates/matrix-sdk/src/http_client/mod.rs:214 | spans: root > send{request_id="REQ-7" method=GET uri="https://matrix.mertis.kz/_matrix/client/v3/room_keys/version" status=200 response_size="451B" request_duration=11.419709ms}
2026-04-21T14:47:50.275988Z  INFO elementx: NavigationSplitCoordinator(NavigationStackCoordinator(Empty) | Empty) Set sidebar: NavigationStackCoordinator(Empty) | NavigationCoordinators.swift:302 | spans: root
2026-04-21T14:47:50.278447Z ERROR matrix_sdk::http_client: Error while sending request: Api(Server(ClientApi(Error { status_code: 404, body: Standard(StandardErrorBody { kind: NotFound, message: "Account data not found" }) }))) | crates/matrix-sdk/src/http_client/mod.rs:218 | spans: send{request_id="REQ-2" method=GET uri="https://matrix.mertis.kz/_matrix/client/v3/user/@aktau:mertis.kz/account_data/m.secret_storage.default_key" status=404 response_size="58B" request_duration=65.357292ms}
2026-04-21T14:47:50.278786Z  INFO elementx: StaticAllRooms: Received state update: loaded(maximumNumberOfRooms: Optional(3)) | RoomSummaryProvider.swift:105 | spans: root
2026-04-21T14:47:50.278909Z  INFO elementx: AlternateAllRooms: Received state update: loaded(maximumNumberOfRooms: Optional(3)) | RoomSummaryProvider.swift:105 | spans: root
2026-04-21T14:47:50.279192Z  INFO elementx: AllRooms: Received state update: loaded(maximumNumberOfRooms: Optional(3)) | RoomSummaryProvider.swift:105 | spans: root
2026-04-21T14:47:50.280030Z  INFO elementx: Session security state changed, verificationState: unverified, recoveryState: disabled | UserSession.swift:48 | spans: root
2026-04-21T14:47:50.280224Z  INFO elementx: Recovery state changed to: disabled, setting local state to disabled | SecureBackupController.swift:80 | spans: root
2026-04-21T14:47:50.280496Z DEBUG matrix_sdk::http_client::native: Sending request num_attempt=1 | crates/matrix-sdk/src/http_client/native.rs:78 | spans: root > sync_once{conn_id="room-list" pos="554/s1042_6502_62_145_250_1_254_227_0_1_1_1" timeout=0} > send{request_id="REQ-9" method=POST uri="https://matrix.mertis.kz/_matrix/client/unstable/org.matrix.simplified_msc3575/sync" request_size="646B"}
2026-04-21T14:47:50.280803Z DEBUG matrix_sdk::http_client: Got response | crates/matrix-sdk/src/http_client/mod.rs:214 | spans: root > next_sync_with_lock{store_generation=2} > sync_once{conn_id="encryption"  timeout=30000} > send_outgoing_requests > keys_query{request_id="581a01b129644098aabfaaaa2667632b"} > send{request_id="REQ-8" method=POST uri="https://matrix.mertis.kz/_matrix/client/v3/keys/query" request_size="81B" status=200 response_size="29.2k" request_duration=10.906375ms}
2026-04-21T14:47:50.281187Z DEBUG matrix_sdk_crypto::identities::manager: Handling a `/keys/query` response request_id="581a01b129644098aabfaaaa2667632b" users={"@aktau:mertis.kz", "@alm:mertis.kz", "@test2:mertis.kz"} failures={} | crates/matrix-sdk-crypto/src/identities/manager.rs:135 | spans: root > next_sync_with_lock{store_generation=2} > sync_once{conn_id="encryption"  timeout=30000} > send_outgoing_requests > keys_query{request_id="581a01b129644098aabfaaaa2667632b"}
2026-04-21T14:47:50.286830Z DEBUG matrix_sdk::http_client: Got response | crates/matrix-sdk/src/http_client/mod.rs:214 | spans: root > sync_once{conn_id="room-list" pos="554/s1042_6502_62_145_250_1_254_227_0_1_1_1" timeout=0} > send{request_id="REQ-9" method=POST uri="https://matrix.mertis.kz/_matrix/client/unstable/org.matrix.simplified_msc3575/sync" request_size="646B" status=200 response_size="344B" request_duration=6.186834ms}
2026-04-21T14:47:50.288540Z  INFO elementx: Received room list update: settingUp | ClientProxy.swift:1143 | spans: root
2026-04-21T14:47:50.289123Z DEBUG matrix_sdk::http_client::native: Sending request num_attempt=1 | crates/matrix-sdk/src/http_client/native.rs:78 | spans: send{request_id="REQ-10" method=GET uri="https://matrix.mertis.kz/_matrix/client/v3/user/@aktau:mertis.kz/account_data/m.ignored_user_list"}
2026-04-21T14:47:50.290282Z  INFO elementx: Received room list update: running | ClientProxy.swift:1143 | spans: root
2026-04-21T14:47:50.290820Z DEBUG matrix_sdk::http_client::native: Sending request num_attempt=1 | crates/matrix-sdk/src/http_client/native.rs:78 | spans: send{request_id="REQ-11" method=GET uri="https://matrix.mertis.kz/_matrix/client/v3/user/@aktau:mertis.kz/account_data/m.ignored_user_list"}
2026-04-21T14:47:50.292470Z ERROR matrix_sdk::http_client: Error while sending request: Api(Server(ClientApi(Error { status_code: 404, body: Standard(StandardErrorBody { kind: NotFound, message: "Account data not found" }) }))) | crates/matrix-sdk/src/http_client/mod.rs:218 | spans: send{request_id="REQ-10" method=GET uri="https://matrix.mertis.kz/_matrix/client/v3/user/@aktau:mertis.kz/account_data/m.ignored_user_list" status=404 response_size="58B" request_duration=3.252125ms}
2026-04-21T14:47:50.293936Z ERROR matrix_sdk::http_client: Error while sending request: Api(Server(ClientApi(Error { status_code: 404, body: Standard(StandardErrorBody { kind: NotFound, message: "Account data not found" }) }))) | crates/matrix-sdk/src/http_client/mod.rs:218 | spans: send{request_id="REQ-11" method=GET uri="https://matrix.mertis.kz/_matrix/client/v3/user/@aktau:mertis.kz/account_data/m.ignored_user_list" status=404 response_size="58B" request_duration=3.043208ms}
2026-04-21T14:47:50.296042Z DEBUG matrix_sdk::http_client::native: Sending request num_attempt=1 | crates/matrix-sdk/src/http_client/native.rs:78 | spans: sync_once{conn_id="room-list" pos="554/s1042_6502_62_145_250_1_254_227_0_1_1_1" timeout=30000} > send{request_id="REQ-12" method=POST uri="https://matrix.mertis.kz/_matrix/client/unstable/org.matrix.simplified_msc3575/sync" request_size="646B"}
2026-04-21T14:47:50.301144Z  INFO elementx: Transitioning from `initial` to `roomList(detailState: nil)` with event `start` | ChatsTabFlowCoordinatorStateMachine.swift:229 | spans: root
2026-04-21T14:47:50.312955Z DEBUG matrix_sdk_crypto::identities::manager: Finished handling of the `/keys/query` response request_id="581a01b129644098aabfaaaa2667632b" new_devices={} changed_devices={} deleted_devices={} new_identities={} changed_identities={} | crates/matrix-sdk-crypto/src/identities/manager.rs:1205 | spans: root > next_sync_with_lock{store_generation=2} > sync_once{conn_id="encryption"  timeout=30000} > send_outgoing_requests > keys_query{request_id="581a01b129644098aabfaaaa2667632b"}
2026-04-21T14:47:50.313613Z DEBUG matrix_sdk::http_client::native: Sending request num_attempt=1 | crates/matrix-sdk/src/http_client/native.rs:78 | spans: root > next_sync_with_lock{store_generation=2} > sync_once{conn_id="encryption"  timeout=30000} > send_outgoing_requests > keys_query{request_id="581a01b129644098aabfaaaa2667632b"} > update_state_after_keys_query > send{request_id="REQ-13" method=GET uri="https://matrix.mertis.kz/_matrix/client/v3/user/@aktau:mertis.kz/account_data/m.secret_storage.default_key"}
2026-04-21T14:47:50.316182Z ERROR matrix_sdk::http_client: Error while sending request: Api(Server(ClientApi(Error { status_code: 404, body: Standard(StandardErrorBody { kind: NotFound, message: "Account data not found" }) }))) | crates/matrix-sdk/src/http_client/mod.rs:218 | spans: root > next_sync_with_lock{store_generation=2} > sync_once{conn_id="encryption"  timeout=30000} > send_outgoing_requests > keys_query{request_id="581a01b129644098aabfaaaa2667632b"} > update_state_after_keys_query > send{request_id="REQ-13" method=GET uri="https://matrix.mertis.kz/_matrix/client/v3/user/@aktau:mertis.kz/account_data/m.secret_storage.default_key" status=404 response_size="58B" request_duration=2.511625ms}
2026-04-21T14:47:50.316568Z  INFO elementx: Session security state changed, verificationState: unverified, recoveryState: disabled | UserSession.swift:48 | spans: root
2026-04-21T14:47:50.316615Z  INFO elementx: Recovery state changed to: disabled, setting local state to disabled | SecureBackupController.swift:80 | spans: root
2026-04-21T14:47:50.317202Z  INFO elementx: Session security state changed, verificationState: unverified, recoveryState: disabled | UserSession.swift:48 | spans: root
2026-04-21T14:47:50.322093Z DEBUG matrix_sdk::http_client::native: Sending request num_attempt=1 | crates/matrix-sdk/src/http_client/native.rs:78 | spans: next_sync_with_lock{store_generation=2} > sync_once{conn_id="encryption" pos="0/s1042_6502_62_145_250_1_254_227_0_1_1_1" timeout=30000} > send{request_id="REQ-14" method=POST uri="https://matrix.mertis.kz/_matrix/client/unstable/org.matrix.simplified_msc3575/sync" request_size="106B"}
2026-04-21T14:47:50.322175Z DEBUG matrix_sdk_crypto::session_manager::sessions: Collected user/device pairs that are missing an Olm session missing_session_devices_by_user={} timed_out_devices_by_user={} | crates/matrix-sdk-crypto/src/session_manager/sessions.rs:285 | spans: next_sync_with_lock{store_generation=2} > sync_once{conn_id="encryption" pos="0/s1042_6502_62_145_250_1_254_227_0_1_1_1" timeout=30000} > send_outgoing_requests > get_missing_sessions
2026-04-21T14:47:50.322990Z  WARN matrix_sdk_crypto::backups: Trying to backup room keys but no backup key was found | crates/matrix-sdk-crypto/src/backups/mod.rs:519 | spans: root
2026-04-21T14:47:50.325902Z DEBUG matrix_sdk::http_client: Got response | crates/matrix-sdk/src/http_client/mod.rs:214 | spans: next_sync_with_lock{store_generation=2} > sync_once{conn_id="encryption" pos="0/s1042_6502_62_145_250_1_254_227_0_1_1_1" timeout=30000} > send{request_id="REQ-14" method=POST uri="https://matrix.mertis.kz/_matrix/client/unstable/org.matrix.simplified_msc3575/sync" request_size="106B" status=200 response_size="283B" request_duration=3.406542ms}
2026-04-21T14:47:50.329672Z  WARN matrix_sdk_crypto::backups: Trying to backup room keys but no backup key was found | crates/matrix-sdk-crypto/src/backups/mod.rs:519 | spans: root
2026-04-21T14:47:50.330254Z DEBUG matrix_sdk::http_client::native: Sending request num_attempt=1 | crates/matrix-sdk/src/http_client/native.rs:78 | spans: root > next_sync_with_lock{store_generation=2} > sync_once{conn_id="encryption" pos="0/s1042_6502_62_143_248_1_254_227_0_1_1_1" timeout=30000} > send{request_id="REQ-15" method=POST uri="https://matrix.mertis.kz/_matrix/client/unstable/org.matrix.simplified_msc3575/sync" request_size="106B"}
2026-04-21T14:47:50.330335Z DEBUG matrix_sdk_crypto::session_manager::sessions: Collected user/device pairs that are missing an Olm session missing_session_devices_by_user={} timed_out_devices_by_user={} | crates/matrix-sdk-crypto/src/session_manager/sessions.rs:285 | spans: root > next_sync_with_lock{store_generation=2} > sync_once{conn_id="encryption" pos="0/s1042_6502_62_143_248_1_254_227_0_1_1_1" timeout=30000} > send_outgoing_requests > get_missing_sessions
2026-04-21T14:47:50.332700Z  INFO elementx: NavigationStackCoordinator(SalemX.HomeScreenCoordinator) Set root: SalemX.HomeScreenCoordinator | NavigationCoordinators.swift:686 | spans: root
2026-04-21T14:47:50.339229Z  INFO elementx: NavigationStackCoordinator(SalemX.CallsScreenCoordinator) Set root: SalemX.CallsScreenCoordinator | NavigationCoordinators.swift:686 | spans: root
2026-04-21T14:47:50.349561Z  INFO elementx: NavigationStackCoordinator(SalemX.StartChatScreenCoordinator) Set root: SalemX.StartChatScreenCoordinator | NavigationCoordinators.swift:686 | spans: root
2026-04-21T14:47:50.358423Z  INFO elementx: NavigationStackCoordinator(SalemX.SettingsScreenCoordinator) Set root: SalemX.SettingsScreenCoordinator | NavigationCoordinators.swift:686 | spans: root
2026-04-21T14:47:50.358485Z  WARN elementx: Recovery is disabled, skipping onboarding and opening chats directly | UserSessionFlowCoordinator.swift:399 | spans: root
2026-04-21T14:47:50.972637Z  INFO elementx: Homeserver reachability: reachable | UserSessionFlowCoordinator.swift:275 | spans: root
2026-04-21T14:47:50.973397Z  INFO elementx: Received room summary provider update, setting view room list mode to "Showing rooms" | HomeScreenViewModel.swift:345 | spans: root
2026-04-21T14:47:50.974477Z DEBUG matrix_sdk::http_client::native: Sending request num_attempt=1 | crates/matrix-sdk/src/http_client/native.rs:78 | spans: send{request_id="REQ-16" method=GET uri="https://matrix.mertis.kz/_matrix/client/v3/profile/@aktau:mertis.kz/avatar_url"}
2026-04-21T14:47:50.978253Z DEBUG matrix_sdk::http_client: Got response | crates/matrix-sdk/src/http_client/mod.rs:214 | spans: send{request_id="REQ-16" method=GET uri="https://matrix.mertis.kz/_matrix/client/v3/profile/@aktau:mertis.kz/avatar_url" status=200 response_size="19B" request_duration=3.333083ms}
2026-04-21T14:47:51.401103Z DEBUG matrix_sdk::http_client::native: Sending request num_attempt=1 | crates/matrix-sdk/src/http_client/native.rs:78 | spans: send{request_id="REQ-17" method=GET uri="https://matrix.mertis.kz/_matrix/client/v3/profile/@aktau:mertis.kz/avatar_url"}
2026-04-21T14:47:51.401921Z DEBUG matrix_sdk::http_client::native: Sending request num_attempt=1 | crates/matrix-sdk/src/http_client/native.rs:78 | spans: send{request_id="REQ-18" method=GET uri="https://matrix.mertis.kz/_matrix/client/v3/profile/@aktau:mertis.kz/displayname"}
2026-04-21T14:47:51.403175Z  INFO elementx: Send queue status changed to enabled: false, homeserver reachability: reachable | ClientProxy.swift:295 | spans: root
2026-04-21T14:47:51.403207Z  INFO elementx: Enabling all send queues | ClientProxy.swift:298 | spans: root
2026-04-21T14:47:51.404932Z DEBUG matrix_sdk::http_client: Got response | crates/matrix-sdk/src/http_client/mod.rs:214 | spans: send{request_id="REQ-17" method=GET uri="https://matrix.mertis.kz/_matrix/client/v3/profile/@aktau:mertis.kz/avatar_url" status=200 response_size="19B" request_duration=3.765125ms}
2026-04-21T14:47:51.405573Z DEBUG matrix_sdk::http_client: Got response | crates/matrix-sdk/src/http_client/mod.rs:214 | spans: send{request_id="REQ-18" method=GET uri="https://matrix.mertis.kz/_matrix/client/v3/profile/@aktau:mertis.kz/displayname" status=200 response_size="23B" request_duration=3.607084ms}
2026-04-21T14:47:51.615537Z  INFO elementx: AllRooms: Updating visible range: 0..<2 | RoomSummaryProvider.swift:166 | spans: root
2026-04-21T14:47:51.616570Z  INFO matrix_sdk::latest_events: Timer _Creating `RoomLatestEvents` for "!diUpEzfoToUFjyhMzE:mertis.kz"_ finished in 173.042µs | crates/matrix-sdk/src/latest_events/mod.rs:342
2026-04-21T14:47:51.616616Z  INFO matrix_sdk::latest_events: Timer _Creating `RoomLatestEvents` for "!jFGCYbgmpjrPGtgDqt:mertis.kz"_ finished in 11.75µs | crates/matrix-sdk/src/latest_events/mod.rs:342
2026-04-21T14:47:51.617302Z DEBUG matrix_sdk::http_client::native: Sending request num_attempt=1 | crates/matrix-sdk/src/http_client/native.rs:78 | spans: send{request_id="REQ-19" method=GET uri="https://matrix.mertis.kz/_matrix/client/v3/profile/@aktau:mertis.kz/displayname"}
2026-04-21T14:47:51.618439Z DEBUG matrix_sdk::http_client::native: Sending request num_attempt=1 | crates/matrix-sdk/src/http_client/native.rs:78 | spans: root > sync_once{conn_id="room-list" pos="554/s1042_6502_62_145_250_1_254_227_0_1_1_1" timeout=30000} > send{request_id="REQ-20" method=POST uri="https://matrix.mertis.kz/_matrix/client/unstable/org.matrix.simplified_msc3575/sync" request_size="1.7k"}
2026-04-21T14:47:51.622485Z DEBUG matrix_sdk::http_client: Got response | crates/matrix-sdk/src/http_client/mod.rs:214 | spans: send{request_id="REQ-19" method=GET uri="https://matrix.mertis.kz/_matrix/client/v3/profile/@aktau:mertis.kz/displayname" status=200 response_size="23B" request_duration=5.094791ms}
2026-04-21T14:47:52.137961Z  INFO elementx: AllRooms: Updating visible range: 0..<1 | RoomSummaryProvider.swift:166 | spans: root
2026-04-21T14:47:52.138999Z DEBUG matrix_sdk::http_client::native: Sending request num_attempt=1 | crates/matrix-sdk/src/http_client/native.rs:78 | spans: root > sync_once{conn_id="room-list" pos="554/s1042_6502_62_145_250_1_254_227_0_1_1_1" timeout=30000} > send{request_id="REQ-21" method=POST uri="https://matrix.mertis.kz/_matrix/client/unstable/org.matrix.simplified_msc3575/sync" request_size="1.2k"}
2026-04-21T14:48:20.352199Z DEBUG matrix_sdk::http_client: Got response | crates/matrix-sdk/src/http_client/mod.rs:214 | spans: root > next_sync_with_lock{store_generation=2} > sync_once{conn_id="encryption" pos="0/s1042_6502_62_143_248_1_254_227_0_1_1_1" timeout=30000} > send{request_id="REQ-15" method=POST uri="https://matrix.mertis.kz/_matrix/client/unstable/org.matrix.simplified_msc3575/sync" request_size="106B" status=200 response_size="283B" request_duration=30.017070584s}
2026-04-21T14:48:20.380228Z  WARN matrix_sdk_crypto::backups: Trying to backup room keys but no backup key was found | crates/matrix-sdk-crypto/src/backups/mod.rs:519 | spans: root
2026-04-21T14:48:20.384329Z DEBUG matrix_sdk::http_client::native: Sending request num_attempt=1 | crates/matrix-sdk/src/http_client/native.rs:78 | spans: next_sync_with_lock{store_generation=2} > sync_once{conn_id="encryption" pos="0/s1042_6502_62_143_248_1_254_227_0_1_1_1" timeout=30000} > send{request_id="REQ-22" method=POST uri="https://matrix.mertis.kz/_matrix/client/unstable/org.matrix.simplified_msc3575/sync" request_size="106B"}
2026-04-21T14:48:20.385146Z DEBUG matrix_sdk_crypto::session_manager::sessions: Collected user/device pairs that are missing an Olm session missing_session_devices_by_user={} timed_out_devices_by_user={} | crates/matrix-sdk-crypto/src/session_manager/sessions.rs:285 | spans: next_sync_with_lock{store_generation=2} > sync_once{conn_id="encryption" pos="0/s1042_6502_62_143_248_1_254_227_0_1_1_1" timeout=30000} > send_outgoing_requests > get_missing_sessions
2026-04-21T14:48:20.391026Z ERROR matrix_sdk::http_client: Error while sending request: Api(Server(ClientApi(Error { status_code: 401, body: Standard(StandardErrorBody { kind: UnknownToken(UnknownTokenErrorData { soft_logout: false }), message: "Token is not active" }) }))) | crates/matrix-sdk/src/http_client/mod.rs:218 | spans: next_sync_with_lock{store_generation=2} > sync_once{conn_id="encryption" pos="0/s1042_6502_62_143_248_1_254_227_0_1_1_1" timeout=30000} > send{request_id="REQ-22" method=POST uri="https://matrix.mertis.kz/_matrix/client/unstable/org.matrix.simplified_msc3575/sync" request_size="106B" status=401 response_size="79B" request_duration=4.808208ms}
2026-04-21T14:48:20.391068Z TRACE matrix_sdk::client::futures: Token refresh: Unknown token error received. | crates/matrix-sdk/src/client/futures.rs:103 | spans: next_sync_with_lock{store_generation=2} > sync_once{conn_id="encryption" pos="0/s1042_6502_62_143_248_1_254_227_0_1_1_1" timeout=30000}
2026-04-21T14:48:20.391211Z TRACE matrix_sdk::client: Token refresh: Using OAuth 2.0. | crates/matrix-sdk/src/client/mod.rs:1479 | spans: next_sync_with_lock{store_generation=2} > sync_once{conn_id="encryption" pos="0/s1042_6502_62_143_248_1_254_227_0_1_1_1" timeout=30000}
2026-04-21T14:48:20.392682Z DEBUG matrix_sdk::http_client::native: Sending request num_attempt=1 | crates/matrix-sdk/src/http_client/native.rs:78 | spans: next_sync_with_lock{store_generation=2} > sync_once{conn_id="encryption" pos="0/s1042_6502_62_143_248_1_254_227_0_1_1_1" timeout=30000} > refresh_access_token > send{request_id="REQ-23" method=GET uri="https://matrix.mertis.kz/_matrix/client/unstable/org.matrix.msc2965/auth_metadata"}
2026-04-21T14:48:20.395656Z DEBUG matrix_sdk::http_client: Got response | crates/matrix-sdk/src/http_client/mod.rs:214 | spans: next_sync_with_lock{store_generation=2} > sync_once{conn_id="encryption" pos="0/s1042_6502_62_143_248_1_254_227_0_1_1_1" timeout=30000} > refresh_access_token > send{request_id="REQ-23" method=GET uri="https://matrix.mertis.kz/_matrix/client/unstable/org.matrix.msc2965/auth_metadata" status=200 response_size="2.6k" request_duration=2.419542ms}
2026-04-21T14:48:20.676739Z  INFO elementx: Saving session changes in the keychain. | KeychainController.swift:111 | spans: root
2026-04-21T14:48:20.737242Z TRACE matrix_sdk::client::futures: Token refresh: Refresh succeeded, retrying request. | crates/matrix-sdk/src/client/futures.rs:155 | spans: next_sync_with_lock{store_generation=2} > sync_once{conn_id="encryption" pos="0/s1042_6502_62_143_248_1_254_227_0_1_1_1" timeout=30000}
2026-04-21T14:48:20.737320Z DEBUG matrix_sdk::http_client::native: Sending request num_attempt=1 | crates/matrix-sdk/src/http_client/native.rs:78 | spans: next_sync_with_lock{store_generation=2} > sync_once{conn_id="encryption" pos="0/s1042_6502_62_143_248_1_254_227_0_1_1_1" timeout=30000} > send{request_id="REQ-24" method=POST uri="https://matrix.mertis.kz/_matrix/client/unstable/org.matrix.simplified_msc3575/sync" request_size="106B"}
2026-04-21T14:48:22.145210Z DEBUG matrix_sdk::http_client: Got response | crates/matrix-sdk/src/http_client/mod.rs:214 | spans: root > sync_once{conn_id="room-list" pos="554/s1042_6502_62_145_250_1_254_227_0_1_1_1" timeout=30000} > send{request_id="REQ-21" method=POST uri="https://matrix.mertis.kz/_matrix/client/unstable/org.matrix.simplified_msc3575/sync" request_size="1.2k" status=200 response_size="344B" request_duration=30.006008167s}
2026-04-21T14:48:22.148295Z DEBUG matrix_sdk::http_client::native: Sending request num_attempt=1 | crates/matrix-sdk/src/http_client/native.rs:78 | spans: root > sync_once{conn_id="room-list" pos="554/s1042_6502_62_143_248_1_254_227_0_1_1_1" timeout=30000} > send{request_id="REQ-25" method=POST uri="https://matrix.mertis.kz/_matrix/client/unstable/org.matrix.simplified_msc3575/sync" request_size="1.2k"}
2026-04-21T14:48:22.165108Z  INFO elementx: Received room list update: running | ClientProxy.swift:1143 | spans: root
2026-04-21T14:48:50.774172Z DEBUG matrix_sdk::http_client: Got response | crates/matrix-sdk/src/http_client/mod.rs:214 | spans: next_sync_with_lock{store_generation=2} > sync_once{conn_id="encryption" pos="0/s1042_6502_62_143_248_1_254_227_0_1_1_1" timeout=30000} > send{request_id="REQ-24" method=POST uri="https://matrix.mertis.kz/_matrix/client/unstable/org.matrix.simplified_msc3575/sync" request_size="106B" status=200 response_size="283B" request_duration=30.033891791s}
2026-04-21T14:48:50.806080Z  WARN matrix_sdk_crypto::backups: Trying to backup room keys but no backup key was found | crates/matrix-sdk-crypto/src/backups/mod.rs:519 | spans: root
2026-04-21T14:48:50.809954Z DEBUG matrix_sdk::http_client::native: Sending request num_attempt=1 | crates/matrix-sdk/src/http_client/native.rs:78 | spans: root > next_sync_with_lock{store_generation=2} > sync_once{conn_id="encryption" pos="0/s1042_6502_62_143_248_1_254_227_0_1_1_1" timeout=30000} > send{request_id="REQ-26" method=POST uri="https://matrix.mertis.kz/_matrix/client/unstable/org.matrix.simplified_msc3575/sync" request_size="106B"}
2026-04-21T14:48:50.811800Z DEBUG matrix_sdk_crypto::session_manager::sessions: Collected user/device pairs that are missing an Olm session missing_session_devices_by_user={} timed_out_devices_by_user={} | crates/matrix-sdk-crypto/src/session_manager/sessions.rs:285 | spans: root > next_sync_with_lock{store_generation=2} > sync_once{conn_id="encryption" pos="0/s1042_6502_62_143_248_1_254_227_0_1_1_1" timeout=30000} > send_outgoing_requests > get_missing_sessions
2026-04-21T14:48:52.157635Z DEBUG matrix_sdk::http_client: Got response | crates/matrix-sdk/src/http_client/mod.rs:214 | spans: root > sync_once{conn_id="room-list" pos="554/s1042_6502_62_143_248_1_254_227_0_1_1_1" timeout=30000} > send{request_id="REQ-25" method=POST uri="https://matrix.mertis.kz/_matrix/client/unstable/org.matrix.simplified_msc3575/sync" request_size="1.2k" status=200 response_size="344B" request_duration=30.006111917s}
2026-04-21T14:48:52.170166Z DEBUG matrix_sdk::http_client::native: Sending request num_attempt=1 | crates/matrix-sdk/src/http_client/native.rs:78 | spans: root > sync_once{conn_id="room-list" pos="554/s1042_6502_62_143_248_1_254_227_0_1_1_1" timeout=30000} > send{request_id="REQ-27" method=POST uri="https://matrix.mertis.kz/_matrix/client/unstable/org.matrix.simplified_msc3575/sync" request_size="1.2k"}
2026-04-21T14:48:52.170740Z  INFO elementx: Received room list update: running | ClientProxy.swift:1143 | spans: root
2026-04-21T14:49:20.815058Z DEBUG matrix_sdk::http_client: Got response | crates/matrix-sdk/src/http_client/mod.rs:214 | spans: root > next_sync_with_lock{store_generation=2} > sync_once{conn_id="encryption" pos="0/s1042_6502_62_143_248_1_254_227_0_1_1_1" timeout=30000} > send{request_id="REQ-26" method=POST uri="https://matrix.mertis.kz/_matrix/client/unstable/org.matrix.simplified_msc3575/sync" request_size="106B" status=200 response_size="283B" request_duration=30.004766791s}
2026-04-21T14:49:20.818805Z  WARN matrix_sdk_crypto::backups: Trying to backup room keys but no backup key was found | crates/matrix-sdk-crypto/src/backups/mod.rs:519 | spans: root
2026-04-21T14:49:20.819475Z DEBUG matrix_sdk::http_client::native: Sending request num_attempt=1 | crates/matrix-sdk/src/http_client/native.rs:78 | spans: root > next_sync_with_lock{store_generation=2} > sync_once{conn_id="encryption" pos="0/s1042_6502_62_143_248_1_254_227_0_1_1_1" timeout=30000} > send{request_id="REQ-28" method=POST uri="https://matrix.mertis.kz/_matrix/client/unstable/org.matrix.simplified_msc3575/sync" request_size="106B"}
2026-04-21T14:49:20.819562Z DEBUG matrix_sdk_crypto::session_manager::sessions: Collected user/device pairs that are missing an Olm session missing_session_devices_by_user={} timed_out_devices_by_user={} | crates/matrix-sdk-crypto/src/session_manager/sessions.rs:285 | spans: root > next_sync_with_lock{store_generation=2} > sync_once{conn_id="encryption" pos="0/s1042_6502_62_143_248_1_254_227_0_1_1_1" timeout=30000} > send_outgoing_requests > get_missing_sessions
2026-04-21T14:49:22.177576Z DEBUG matrix_sdk::http_client: Got response | crates/matrix-sdk/src/http_client/mod.rs:214 | spans: root > sync_once{conn_id="room-list" pos="554/s1042_6502_62_143_248_1_254_227_0_1_1_1" timeout=30000} > send{request_id="REQ-27" method=POST uri="https://matrix.mertis.kz/_matrix/client/unstable/org.matrix.simplified_msc3575/sync" request_size="1.2k" status=200 response_size="344B" request_duration=30.006781333s}
2026-04-21T14:49:22.181474Z  INFO elementx: Received room list update: running | ClientProxy.swift:1143 | spans: root
2026-04-21T14:49:22.181584Z DEBUG matrix_sdk::http_client::native: Sending request num_attempt=1 | crates/matrix-sdk/src/http_client/native.rs:78 | spans: root > sync_once{conn_id="room-list" pos="554/s1042_6502_62_143_248_1_254_227_0_1_1_1" timeout=30000} > send{request_id="REQ-29" method=POST uri="https://matrix.mertis.kz/_matrix/client/unstable/org.matrix.simplified_msc3575/sync" request_size="1.2k"}
2026-04-21T14:49:31.974864Z DEBUG matrix_sdk::http_client: Got response | crates/matrix-sdk/src/http_client/mod.rs:214 | spans: root > next_sync_with_lock{store_generation=2} > sync_once{conn_id="encryption" pos="0/s1042_6502_62_143_248_1_254_227_0_1_1_1" timeout=30000} > send{request_id="REQ-28" method=POST uri="https://matrix.mertis.kz/_matrix/client/unstable/org.matrix.simplified_msc3575/sync" request_size="106B" status=200 response_size="283B" request_duration=11.155129791s}
2026-04-21T14:49:31.978250Z  WARN matrix_sdk_crypto::backups: Trying to backup room keys but no backup key was found | crates/matrix-sdk-crypto/src/backups/mod.rs:519 | spans: root
2026-04-21T14:49:31.978810Z DEBUG matrix_sdk::http_client::native: Sending request num_attempt=1 | crates/matrix-sdk/src/http_client/native.rs:78 | spans: root > next_sync_with_lock{store_generation=2} > sync_once{conn_id="encryption" pos="0/s1050_6503_62_145_252_1_254_227_0_1_1_1" timeout=30000} > send{request_id="REQ-30" method=POST uri="https://matrix.mertis.kz/_matrix/client/unstable/org.matrix.simplified_msc3575/sync" request_size="106B"}
2026-04-21T14:49:31.978885Z DEBUG matrix_sdk_crypto::session_manager::sessions: Collected user/device pairs that are missing an Olm session missing_session_devices_by_user={} timed_out_devices_by_user={} | crates/matrix-sdk-crypto/src/session_manager/sessions.rs:285 | spans: root > next_sync_with_lock{store_generation=2} > sync_once{conn_id="encryption" pos="0/s1050_6503_62_145_252_1_254_227_0_1_1_1" timeout=30000} > send_outgoing_requests > get_missing_sessions
2026-04-21T14:49:32.012968Z DEBUG matrix_sdk::http_client: Got response | crates/matrix-sdk/src/http_client/mod.rs:214 | spans: root > sync_once{conn_id="room-list" pos="554/s1042_6502_62_143_248_1_254_227_0_1_1_1" timeout=30000} > send{request_id="REQ-29" method=POST uri="https://matrix.mertis.kz/_matrix/client/unstable/org.matrix.simplified_msc3575/sync" request_size="1.2k" status=200 response_size="1.2k" request_duration=9.831226291s}
2026-04-21T14:49:32.013064Z  INFO matrix_sdk::latest_events: Timer _Creating `RoomLatestEvents` for "!gYUcaiXKlqrhQvYLpn:mertis.kz"_ finished in 29.458µs | crates/matrix-sdk/src/latest_events/mod.rs:342 | spans: root > sync_once{conn_id="room-list" pos="554/s1042_6502_62_143_248_1_254_227_0_1_1_1" timeout=30000} > handle_response > subscribe_to_room_latest_events
2026-04-21T14:49:32.013151Z ERROR matrix_sdk::latest_events::room_latest_events: Room is unknown room=WeakRoom { client: WeakClient { client: (Weak) }, room_id: "!gYUcaiXKlqrhQvYLpn:mertis.kz" } | crates/matrix-sdk/src/latest_events/room_latest_events.rs:158 | spans: root
2026-04-21T14:49:32.015576Z  INFO matrix_sdk_base::room: RoomMember not found for the user's own id | crates/matrix-sdk-base/src/room/mod.rs:271 | spans: is_direct{room_id="!gYUcaiXKlqrhQvYLpn:mertis.kz"}
2026-04-21T14:49:32.015707Z  INFO matrix_sdk_base::room: RoomMember not found for the user's own id | crates/matrix-sdk-base/src/room/mod.rs:271 | spans: is_direct{room_id="!gYUcaiXKlqrhQvYLpn:mertis.kz"}
2026-04-21T14:49:32.015831Z  INFO matrix_sdk_base::room: RoomMember not found for the user's own id | crates/matrix-sdk-base/src/room/mod.rs:271 | spans: is_direct{room_id="!gYUcaiXKlqrhQvYLpn:mertis.kz"}
2026-04-21T14:49:32.015870Z DEBUG matrix_sdk_base::response_processors::account_data::global: Found direct room data in the Store, applying it | crates/matrix-sdk-base/src/response_processors/account_data/global.rs:147 | spans: root > sync_once{conn_id="room-list" pos="554/s1042_6502_62_143_248_1_254_227_0_1_1_1" timeout=30000} > handle_response
2026-04-21T14:49:32.016111Z DEBUG matrix_sdk_base::response_processors::account_data::global: couldn't find room in state changes or store room=!XCYDoMZkcMWYQVRfHR:mertis.kz | crates/matrix-sdk-base/src/response_processors/account_data/global.rs:176 | spans: root > sync_once{conn_id="room-list" pos="554/s1042_6502_62_143_248_1_254_227_0_1_1_1" timeout=30000} > handle_response > process_direct_rooms
2026-04-21T14:49:32.021057Z  INFO elementx: Received room list update: running | ClientProxy.swift:1143 | spans: root
2026-04-21T14:49:32.022088Z DEBUG matrix_sdk::http_client::native: Sending request num_attempt=1 | crates/matrix-sdk/src/http_client/native.rs:78 | spans: root > sync_once{conn_id="room-list" pos="559/s1050_6503_62_145_252_1_254_227_0_1_1_1" timeout=0} > send{request_id="REQ-31" method=POST uri="https://matrix.mertis.kz/_matrix/client/unstable/org.matrix.simplified_msc3575/sync" request_size="1.2k"}
2026-04-21T14:49:32.040233Z  INFO elementx: StaticAllRooms: Received state update: loaded(maximumNumberOfRooms: Optional(4)) | RoomSummaryProvider.swift:105 | spans: root
2026-04-21T14:49:32.040565Z  INFO elementx: AllRooms: Received state update: loaded(maximumNumberOfRooms: Optional(4)) | RoomSummaryProvider.swift:105 | spans: root
2026-04-21T14:49:32.040600Z  INFO elementx: AlternateAllRooms: Received state update: loaded(maximumNumberOfRooms: Optional(4)) | RoomSummaryProvider.swift:105 | spans: root
2026-04-21T14:49:32.134935Z DEBUG matrix_sdk::http_client::native: Sending request num_attempt=1 | crates/matrix-sdk/src/http_client/native.rs:78 | spans: root > send{request_id="REQ-32" method=GET uri="https://matrix.mertis.kz/_matrix/client/v1/media/thumbnail/mertis.kz/HYnMQXvajSBilMkQELIHosqf"}
2026-04-21T14:49:32.783238Z DEBUG matrix_sdk::http_client: Got response | crates/matrix-sdk/src/http_client/mod.rs:214 | spans: root > sync_once{conn_id="room-list" pos="559/s1050_6503_62_145_252_1_254_227_0_1_1_1" timeout=0} > send{request_id="REQ-31" method=POST uri="https://matrix.mertis.kz/_matrix/client/unstable/org.matrix.simplified_msc3575/sync" request_size="1.2k" status=200 response_size="376B" request_duration=761.01825ms}
2026-04-21T14:49:32.784053Z  INFO elementx: Received room list update: running | ClientProxy.swift:1143 | spans: root
2026-04-21T14:49:32.784153Z DEBUG matrix_sdk::http_client::native: Sending request num_attempt=1 | crates/matrix-sdk/src/http_client/native.rs:78 | spans: root > sync_once{conn_id="room-list" pos="559/s1050_6503_62_145_253_1_254_227_0_1_1_1" timeout=30000} > send{request_id="REQ-33" method=POST uri="https://matrix.mertis.kz/_matrix/client/unstable/org.matrix.simplified_msc3575/sync" request_size="1.2k"}
2026-04-21T14:49:32.988724Z DEBUG matrix_sdk::http_client: Got response | crates/matrix-sdk/src/http_client/mod.rs:214 | spans: root > send{request_id="REQ-32" method=GET uri="https://matrix.mertis.kz/_matrix/client/v1/media/thumbnail/mertis.kz/HYnMQXvajSBilMkQELIHosqf" status=200 response_size="51.6k" request_duration=853.70775ms}
2026-04-21T14:49:33.682585Z DEBUG matrix_sdk::http_client::native: Sending request num_attempt=1 | crates/matrix-sdk/src/http_client/native.rs:78 | spans: join_room_by_id_or_alias{alias="!gYUcaiXKlqrhQvYLpn:mertis.kz" server_names=[]} > send{request_id="REQ-34" method=POST uri="https://matrix.mertis.kz/_matrix/client/v3/join/!gYUcaiXKlqrhQvYLpn:mertis.kz" request_size="2B"}
2026-04-21T14:49:33.867646Z DEBUG matrix_sdk::http_client: Got response | crates/matrix-sdk/src/http_client/mod.rs:214 | spans: join_room_by_id_or_alias{alias="!gYUcaiXKlqrhQvYLpn:mertis.kz" server_names=[]} > send{request_id="REQ-34" method=POST uri="https://matrix.mertis.kz/_matrix/client/v3/join/!gYUcaiXKlqrhQvYLpn:mertis.kz" request_size="2B" status=200 response_size="43B" request_duration=184.9515ms}
2026-04-21T14:49:33.867736Z  INFO matrix_sdk::client: Completing room join room_id="!gYUcaiXKlqrhQvYLpn:mertis.kz" pre_join_room_info=Some(PreJoinRoomInfo { inviter: Some(RoomMember { inner: RoomMember { event: Stripped(StrippedStateEvent { content: PossiblyRedactedRoomMemberEventContent { avatar_url: Some("mxc://mertis.kz/HYnMQXvajSBilMkQELIHosqf"), displayname: Some("alm"), is_direct: None, membership: "join", third_party_invite: None, blurhash: None, reason: None, join_authorized_via_users_server: None }, sender: "@alm:mertis.kz", state_key: "@alm:mertis.kz" }), profile: None, presence: None, power_levels: RoomPowerLevels { ban: 50, events: {}, events_default: 0, invite: 0, kick: 50, redact: 50, state_default: 50, users: {"@alm:mertis.kz": 100}, users_default: 0, notifications: NotificationPowerLevels { room: 50 }, rules: RoomPowerLevelsRules { privileged_creators: None } }, max_power_level: 100, display_name_ambiguous: false, is_ignored: false }, client: Client }) }) | crates/matrix-sdk/src/client/mod.rs:1603 | spans: join_room_by_id_or_alias{alias="!gYUcaiXKlqrhQvYLpn:mertis.kz" server_names=[]}
2026-04-21T14:49:33.868891Z  INFO matrix_sdk::latest_events::latest_event: Skipping the computation of a remote `LatestEventValue` from a `RoomInfo` | crates/matrix-sdk/src/latest_events/latest_event/mod.rs:185 | spans: root
2026-04-21T14:49:33.868986Z DEBUG matrix_sdk::http_client::native: Sending request num_attempt=1 | crates/matrix-sdk/src/http_client/native.rs:78 | spans: join_room_by_id_or_alias{alias="!gYUcaiXKlqrhQvYLpn:mertis.kz" server_names=[]} > send{request_id="REQ-35" method=GET uri="https://matrix.mertis.kz/_matrix/client/v3/rooms/!gYUcaiXKlqrhQvYLpn:mertis.kz/members"}
2026-04-21T14:49:33.872953Z DEBUG matrix_sdk::http_client: Got response | crates/matrix-sdk/src/http_client/mod.rs:214 | spans: root > next_sync_with_lock{store_generation=2} > sync_once{conn_id="encryption" pos="0/s1050_6503_62_145_252_1_254_227_0_1_1_1" timeout=30000} > send{request_id="REQ-30" method=POST uri="https://matrix.mertis.kz/_matrix/client/unstable/org.matrix.simplified_msc3575/sync" request_size="106B" status=200 response_size="318B" request_duration=1.89408175s}
2026-04-21T14:49:33.875571Z  WARN matrix_sdk_crypto::backups: Trying to backup room keys but no backup key was found | crates/matrix-sdk-crypto/src/backups/mod.rs:519 | spans: root
2026-04-21T14:49:33.875970Z DEBUG matrix_sdk::http_client::native: Sending request num_attempt=1 | crates/matrix-sdk/src/http_client/native.rs:78 | spans: root > next_sync_with_lock{store_generation=2} > sync_once{conn_id="encryption" pos="0/s1051_6503_62_145_253_1_254_227_0_1_1_1" timeout=30000} > send{request_id="REQ-36" method=POST uri="https://matrix.mertis.kz/_matrix/client/unstable/org.matrix.simplified_msc3575/sync" request_size="106B"}
2026-04-21T14:49:33.876033Z DEBUG matrix_sdk_crypto::session_manager::sessions: Collected user/device pairs that are missing an Olm session missing_session_devices_by_user={} timed_out_devices_by_user={} | crates/matrix-sdk-crypto/src/session_manager/sessions.rs:285 | spans: root > next_sync_with_lock{store_generation=2} > sync_once{conn_id="encryption" pos="0/s1051_6503_62_145_253_1_254_227_0_1_1_1" timeout=30000} > send_outgoing_requests > get_missing_sessions
2026-04-21T14:49:33.876067Z DEBUG matrix_sdk_crypto::identities::manager: Created a /keys/query request request_id="1cc0b1bf994a4e10ab1214efd674ef79" users=["@aktau:mertis.kz", "@alm:mertis.kz"] | crates/matrix-sdk-crypto/src/identities/manager.rs:877 | spans: root > next_sync_with_lock{store_generation=2} > sync_once{conn_id="encryption" pos="0/s1051_6503_62_145_253_1_254_227_0_1_1_1" timeout=30000} > send_outgoing_requests
2026-04-21T14:49:33.876164Z DEBUG matrix_sdk::http_client::native: Sending request num_attempt=1 | crates/matrix-sdk/src/http_client/native.rs:78 | spans: root > next_sync_with_lock{store_generation=2} > sync_once{conn_id="encryption" pos="0/s1051_6503_62_145_253_1_254_227_0_1_1_1" timeout=30000} > send_outgoing_requests > keys_query{request_id="1cc0b1bf994a4e10ab1214efd674ef79"} > send{request_id="REQ-37" method=POST uri="https://matrix.mertis.kz/_matrix/client/v3/keys/query" request_size="59B"}
2026-04-21T14:49:33.883372Z DEBUG matrix_sdk::http_client: Got response | crates/matrix-sdk/src/http_client/mod.rs:214 | spans: join_room_by_id_or_alias{alias="!gYUcaiXKlqrhQvYLpn:mertis.kz" server_names=[]} > send{request_id="REQ-35" method=GET uri="https://matrix.mertis.kz/_matrix/client/v3/rooms/!gYUcaiXKlqrhQvYLpn:mertis.kz/members" status=200 response_size="1.0k" request_duration=14.256834ms}
2026-04-21T14:49:33.885210Z DEBUG matrix_sdk::http_client::native: Sending request num_attempt=1 | crates/matrix-sdk/src/http_client/native.rs:78 | spans: join_room_by_id_or_alias{alias="!gYUcaiXKlqrhQvYLpn:mertis.kz" server_names=[]} > send{request_id="REQ-38" method=PUT uri="https://matrix.mertis.kz/_matrix/client/v3/user/@aktau:mertis.kz/account_data/m.direct" request_size="191B"}
2026-04-21T14:49:33.893765Z DEBUG matrix_sdk::http_client: Got response | crates/matrix-sdk/src/http_client/mod.rs:214 | spans: root > sync_once{conn_id="room-list" pos="559/s1050_6503_62_145_253_1_254_227_0_1_1_1" timeout=30000} > send{request_id="REQ-33" method=POST uri="https://matrix.mertis.kz/_matrix/client/unstable/org.matrix.simplified_msc3575/sync" request_size="1.2k" status=200 response_size="3.0k" request_duration=1.109541833s}
2026-04-21T14:49:33.893920Z DEBUG matrix_sdk::http_client: Got response | crates/matrix-sdk/src/http_client/mod.rs:214 | spans: root > next_sync_with_lock{store_generation=2} > sync_once{conn_id="encryption" pos="0/s1051_6503_62_145_253_1_254_227_0_1_1_1" timeout=30000} > send_outgoing_requests > keys_query{request_id="1cc0b1bf994a4e10ab1214efd674ef79"} > send{request_id="REQ-37" method=POST uri="https://matrix.mertis.kz/_matrix/client/v3/keys/query" request_size="59B" status=200 response_size="16.1k" request_duration=17.696875ms}
2026-04-21T14:49:33.893949Z DEBUG matrix_sdk_crypto::identities::manager: Handling a `/keys/query` response request_id="1cc0b1bf994a4e10ab1214efd674ef79" users={"@aktau:mertis.kz", "@alm:mertis.kz"} failures={} | crates/matrix-sdk-crypto/src/identities/manager.rs:135 | spans: root > next_sync_with_lock{store_generation=2} > sync_once{conn_id="encryption" pos="0/s1051_6503_62_145_253_1_254_227_0_1_1_1" timeout=30000} > send_outgoing_requests > keys_query{request_id="1cc0b1bf994a4e10ab1214efd674ef79"}
2026-04-21T14:49:33.896610Z DEBUG matrix_sdk_base::response_processors::account_data::global: Found direct room data in the Store, applying it | crates/matrix-sdk-base/src/response_processors/account_data/global.rs:147 | spans: root > sync_once{conn_id="room-list" pos="559/s1050_6503_62_145_253_1_254_227_0_1_1_1" timeout=30000} > handle_response
2026-04-21T14:49:33.900617Z DEBUG matrix_sdk_crypto::identities::manager: Finished handling of the `/keys/query` response request_id="1cc0b1bf994a4e10ab1214efd674ef79" new_devices={} changed_devices={} deleted_devices={} new_identities={} changed_identities={} | crates/matrix-sdk-crypto/src/identities/manager.rs:1205 | spans: root > next_sync_with_lock{store_generation=2} > sync_once{conn_id="encryption" pos="0/s1051_6503_62_145_253_1_254_227_0_1_1_1" timeout=30000} > send_outgoing_requests > keys_query{request_id="1cc0b1bf994a4e10ab1214efd674ef79"}
2026-04-21T14:49:33.900789Z DEBUG matrix_sdk::http_client::native: Sending request num_attempt=1 | crates/matrix-sdk/src/http_client/native.rs:78 | spans: root > next_sync_with_lock{store_generation=2} > sync_once{conn_id="encryption" pos="0/s1051_6503_62_145_253_1_254_227_0_1_1_1" timeout=30000} > send_outgoing_requests > keys_query{request_id="1cc0b1bf994a4e10ab1214efd674ef79"} > update_state_after_keys_query > send{request_id="REQ-39" method=GET uri="https://matrix.mertis.kz/_matrix/client/v3/user/@aktau:mertis.kz/account_data/m.secret_storage.default_key"}
2026-04-21T14:49:33.902611Z  INFO elementx: Received room list update: running | ClientProxy.swift:1143 | spans: root
2026-04-21T14:49:33.903490Z DEBUG matrix_sdk::http_client::native: Sending request num_attempt=1 | crates/matrix-sdk/src/http_client/native.rs:78 | spans: root > sync_once{conn_id="room-list" pos="559/s1051_6503_62_145_253_1_254_227_0_1_1_1" timeout=30000} > send{request_id="REQ-40" method=POST uri="https://matrix.mertis.kz/_matrix/client/unstable/org.matrix.simplified_msc3575/sync" request_size="1.2k"}
2026-04-21T14:49:33.904581Z ERROR matrix_sdk::http_client: Error while sending request: Api(Server(ClientApi(Error { status_code: 404, body: Standard(StandardErrorBody { kind: NotFound, message: "Account data not found" }) }))) | crates/matrix-sdk/src/http_client/mod.rs:218 | spans: root > next_sync_with_lock{store_generation=2} > sync_once{conn_id="encryption" pos="0/s1051_6503_62_145_253_1_254_227_0_1_1_1" timeout=30000} > send_outgoing_requests > keys_query{request_id="1cc0b1bf994a4e10ab1214efd674ef79"} > update_state_after_keys_query > send{request_id="REQ-39" method=GET uri="https://matrix.mertis.kz/_matrix/client/v3/user/@aktau:mertis.kz/account_data/m.secret_storage.default_key" status=404 response_size="58B" request_duration=3.64825ms}
2026-04-21T14:49:33.917651Z  INFO elementx: Session security state changed, verificationState: unverified, recoveryState: disabled | UserSession.swift:48 | spans: root
2026-04-21T14:49:33.920838Z  INFO elementx: Recovery state changed to: disabled, setting local state to disabled | SecureBackupController.swift:80 | spans: root
2026-04-21T14:49:33.970984Z DEBUG matrix_sdk::http_client: Got response | crates/matrix-sdk/src/http_client/mod.rs:214 | spans: root > next_sync_with_lock{store_generation=2} > sync_once{conn_id="encryption" pos="0/s1051_6503_62_145_253_1_254_227_0_1_1_1" timeout=30000} > send{request_id="REQ-36" method=POST uri="https://matrix.mertis.kz/_matrix/client/unstable/org.matrix.simplified_msc3575/sync" request_size="106B" status=200 response_size="283B" request_duration=94.894ms}
2026-04-21T14:49:33.971158Z DEBUG matrix_sdk::http_client: Got response | crates/matrix-sdk/src/http_client/mod.rs:214 | spans: join_room_by_id_or_alias{alias="!gYUcaiXKlqrhQvYLpn:mertis.kz" server_names=[]} > send{request_id="REQ-38" method=PUT uri="https://matrix.mertis.kz/_matrix/client/v3/user/@aktau:mertis.kz/account_data/m.direct" request_size="191B" status=200 response_size="2B" request_duration=85.770875ms}
2026-04-21T14:49:33.971288Z  INFO elementx: Wait for !gYUcaiXKlqrhQvYLpn:mertis.kz | ClientProxy.swift:1207 | spans: root
2026-04-21T14:49:33.971663Z DEBUG matrix_sdk::client: Found just created room! | crates/matrix-sdk/src/client/mod.rs:3166 | spans: root
2026-04-21T14:49:33.971696Z  INFO elementx: Wait for !gYUcaiXKlqrhQvYLpn:mertis.kz got remote echo. | ClientProxy.swift:1213 | spans: root
2026-04-21T14:49:33.972120Z ERROR elementx: invalid room size | AnalyticsService.swift:188 | spans: root
2026-04-21T14:49:33.973156Z  WARN matrix_sdk_crypto::backups: Trying to backup room keys but no backup key was found | crates/matrix-sdk-crypto/src/backups/mod.rs:519 | spans: root
2026-04-21T14:49:33.973972Z DEBUG matrix_sdk::http_client::native: Sending request num_attempt=1 | crates/matrix-sdk/src/http_client/native.rs:78 | spans: root > next_sync_with_lock{store_generation=2} > sync_once{conn_id="encryption" pos="0/s1051_6503_62_145_254_1_254_227_0_1_1_1" timeout=30000} > send{request_id="REQ-41" method=POST uri="https://matrix.mertis.kz/_matrix/client/unstable/org.matrix.simplified_msc3575/sync" request_size="106B"}
2026-04-21T14:49:33.974097Z DEBUG matrix_sdk::http_client: Got response | crates/matrix-sdk/src/http_client/mod.rs:214 | spans: root > sync_once{conn_id="room-list" pos="559/s1051_6503_62_145_253_1_254_227_0_1_1_1" timeout=30000} > send{request_id="REQ-40" method=POST uri="https://matrix.mertis.kz/_matrix/client/unstable/org.matrix.simplified_msc3575/sync" request_size="1.2k" status=200 response_size="597B" request_duration=70.496167ms}
2026-04-21T14:49:33.974200Z DEBUG matrix_sdk_crypto::session_manager::sessions: Collected user/device pairs that are missing an Olm session missing_session_devices_by_user={} timed_out_devices_by_user={} | crates/matrix-sdk-crypto/src/session_manager/sessions.rs:285 | spans: root > next_sync_with_lock{store_generation=2} > sync_once{conn_id="encryption" pos="0/s1051_6503_62_145_254_1_254_227_0_1_1_1" timeout=30000} > send_outgoing_requests > get_missing_sessions
2026-04-21T14:49:33.976096Z  INFO elementx: Received room list update: running | ClientProxy.swift:1143 | spans: root
2026-04-21T14:49:33.976235Z DEBUG matrix_sdk::http_client::native: Sending request num_attempt=1 | crates/matrix-sdk/src/http_client/native.rs:78 | spans: root > sync_once{conn_id="room-list" pos="559/s1051_6503_62_145_254_1_254_227_0_1_1_1" timeout=30000} > send{request_id="REQ-42" method=POST uri="https://matrix.mertis.kz/_matrix/client/unstable/org.matrix.simplified_msc3575/sync" request_size="1.2k"}
2026-04-21T14:49:33.996273Z  INFO elementx: Transitioning from `roomList(detailState: nil)` to `roomList(detailState: Optional(SalemX.ChatsTabFlowCoordinatorStateMachine.DetailState.room(roomID: "!gYUcaiXKlqrhQvYLpn:mertis.kz")))` with event `selectRoom(roomID: "!gYUcaiXKlqrhQvYLpn:mertis.kz", via: [], entryPoint: SalemX.RoomFlowCoordinatorEntryPoint.room)` | ChatsTabFlowCoordinatorStateMachine.swift:229 | spans: root
2026-04-21T14:49:34.008122Z  INFO elementx: NavigationSplitCoordinator(NavigationStackCoordinator(SalemX.HomeScreenCoordinator) | NavigationStackCoordinator(Empty)) Set detail: NavigationStackCoordinator(Empty) | NavigationCoordinators.swift:302 | spans: root
2026-04-21T14:49:34.016034Z  INFO elementx: Minimizing audio call without Picture in Picture. | UserSessionFlowCoordinator.swift:587 | spans: root
2026-04-21T14:49:34.042750Z ERROR elementx: Received background task early termination | ClientProxy.swift:247 | spans: root
2026-04-21T14:49:34.043760Z DEBUG matrix_sdk::http_client::native: Sending request num_attempt=1 | crates/matrix-sdk/src/http_client/native.rs:78 | spans: root > send{request_id="REQ-43" method=GET uri="https://matrix.mertis.kz/_matrix/client/v3/rooms/!gYUcaiXKlqrhQvYLpn:mertis.kz/members"}
2026-04-21T14:49:34.044244Z DEBUG matrix_sdk::http_client::native: Sending request num_attempt=1 | crates/matrix-sdk/src/http_client/native.rs:78 | spans: root > sync_once{conn_id="room-list" pos="559/s1051_6503_62_145_254_1_254_227_0_1_1_1" timeout=30000} > send{request_id="REQ-44" method=POST uri="https://matrix.mertis.kz/_matrix/client/unstable/org.matrix.simplified_msc3575/sync" request_size="1.2k"}
2026-04-21T14:49:34.049243Z DEBUG matrix_sdk::http_client: Got response | crates/matrix-sdk/src/http_client/mod.rs:214 | spans: root > send{request_id="REQ-43" method=GET uri="https://matrix.mertis.kz/_matrix/client/v3/rooms/!gYUcaiXKlqrhQvYLpn:mertis.kz/members" status=200 response_size="1.0k" request_duration=5.310792ms}
2026-04-21T14:49:34.052418Z  INFO elementx: Received requests to join update, requests id: [] | JoinedRoomProxy.swift:787 | spans: root
2026-04-21T14:49:34.061194Z  INFO elementx: Transitioning from `initial` to `room` with event `presentRoom(presentationAction: nil)` | RoomFlowCoordinator.swift:546 | spans: root
2026-04-21T14:49:34.135011Z  INFO elementx: NavigationStackCoordinator(SalemX.RoomScreenCoordinator) Set root: SalemX.RoomScreenCoordinator | NavigationCoordinators.swift:686 | spans: root
2026-04-21T14:49:34.345908Z  INFO elementx: Flagging room !gYUcaiXKlqrhQvYLpn:mertis.kz as unread: false | JoinedRoomProxy.swift:554 | spans: root
2026-04-21T14:49:34.365961Z DEBUG matrix_sdk::http_client::native: Sending request num_attempt=1 | crates/matrix-sdk/src/http_client/native.rs:78 | spans: send{request_id="REQ-45" method=GET uri="https://matrix.mertis.kz/_matrix/client/v1/media/thumbnail/mertis.kz/HYnMQXvajSBilMkQELIHosqf"}
2026-04-21T14:49:34.366578Z ERROR elementx: Received background task early termination | ClientProxy.swift:247 | spans: root
2026-04-21T14:49:34.373722Z DEBUG matrix_sdk::http_client: Got response | crates/matrix-sdk/src/http_client/mod.rs:214 | spans: send{request_id="REQ-45" method=GET uri="https://matrix.mertis.kz/_matrix/client/v1/media/thumbnail/mertis.kz/HYnMQXvajSBilMkQELIHosqf" status=200 response_size="51.6k" request_duration=7.671166ms}
2026-04-21T14:49:34.459046Z  INFO elementx: Sending read receipt for eventID: $c3k4Q5KLczBFIY0T83UGEnJUoug3D5Bh0jSTkz0P7Bc | TimelineProxy.swift:459 | spans: root
2026-04-21T14:49:34.459148Z  INFO elementx: Finished sending read receipt for eventID: $c3k4Q5KLczBFIY0T83UGEnJUoug3D5Bh0jSTkz0P7Bc | TimelineProxy.swift:463 | spans: root
2026-04-21T14:49:34.470165Z  INFO elementx: Started back pagination request | TimelineController.swift:102 | spans: root
2026-04-21T14:49:34.470240Z  INFO elementx: Paginating backwards | TimelineProxy.swift:124 | spans: root
2026-04-21T14:49:34.470541Z DEBUG matrix_sdk::http_client::native: Sending request num_attempt=1 | crates/matrix-sdk/src/http_client/native.rs:78 | spans: root > paginate_backwards{room_id="!gYUcaiXKlqrhQvYLpn:mertis.kz"} > run_backwards_once{batch_size=20} > messages{room_id="!gYUcaiXKlqrhQvYLpn:mertis.kz" options=MessagesOptions { from: "t9-1050_6503_62_145_253_1_254_227_0_1_1_1", dir: Backward, limit: 20 }} > send{request_id="REQ-46" method=GET uri="https://matrix.mertis.kz/_matrix/client/v3/rooms/!gYUcaiXKlqrhQvYLpn:mertis.kz/messages"}
2026-04-21T14:49:34.500027Z  INFO elementx: Sending read receipt for eventID: $c3k4Q5KLczBFIY0T83UGEnJUoug3D5Bh0jSTkz0P7Bc | TimelineProxy.swift:459 | spans: root
2026-04-21T14:49:34.500128Z  INFO elementx: Finished sending read receipt for eventID: $c3k4Q5KLczBFIY0T83UGEnJUoug3D5Bh0jSTkz0P7Bc | TimelineProxy.swift:463 | spans: root
2026-04-21T14:49:34.521424Z DEBUG matrix_sdk::http_client: Got response | crates/matrix-sdk/src/http_client/mod.rs:214 | spans: root > paginate_backwards{room_id="!gYUcaiXKlqrhQvYLpn:mertis.kz"} > run_backwards_once{batch_size=20} > messages{room_id="!gYUcaiXKlqrhQvYLpn:mertis.kz" options=MessagesOptions { from: "t9-1050_6503_62_145_253_1_254_227_0_1_1_1", dir: Backward, limit: 20 }} > send{request_id="REQ-46" method=GET uri="https://matrix.mertis.kz/_matrix/client/v3/rooms/!gYUcaiXKlqrhQvYLpn:mertis.kz/messages" status=200 response_size="3.1k" request_duration=50.789042ms}
2026-04-21T14:49:34.526108Z  INFO elementx: Finished paginating backwards | TimelineProxy.swift:128 | spans: root
2026-04-21T14:49:34.526417Z  INFO elementx: Finished back pagination request | TimelineController.swift:105 | spans: root
2026-04-21T14:49:34.526991Z  INFO elementx: Received room info update | JoinedRoomProxy.swift:147 | spans: root
2026-04-21T14:49:34.536682Z  INFO elementx: Sending read receipt for eventID: $c3k4Q5KLczBFIY0T83UGEnJUoug3D5Bh0jSTkz0P7Bc | TimelineProxy.swift:459 | spans: root
2026-04-21T14:49:34.536707Z  INFO elementx: Started back pagination request | TimelineController.swift:102 | spans: root
2026-04-21T14:49:34.536750Z  INFO elementx: Finished sending read receipt for eventID: $c3k4Q5KLczBFIY0T83UGEnJUoug3D5Bh0jSTkz0P7Bc | TimelineProxy.swift:463 | spans: root
2026-04-21T14:49:34.536772Z  INFO elementx: Paginating backwards | TimelineProxy.swift:124 | spans: root
2026-04-21T14:49:34.536850Z DEBUG matrix_sdk::http_client::native: Sending request num_attempt=1 | crates/matrix-sdk/src/http_client/native.rs:78 | spans: root > paginate_backwards{room_id="!gYUcaiXKlqrhQvYLpn:mertis.kz"} > run_backwards_once{batch_size=20} > messages{room_id="!gYUcaiXKlqrhQvYLpn:mertis.kz" options=MessagesOptions { from: "t1-1042_6503_62_145_253_1_254_227_0_1_1_1", dir: Backward, limit: 20 }} > send{request_id="REQ-47" method=GET uri="https://matrix.mertis.kz/_matrix/client/v3/rooms/!gYUcaiXKlqrhQvYLpn:mertis.kz/messages"}
2026-04-21T14:49:34.569977Z DEBUG matrix_sdk::http_client: Got response | crates/matrix-sdk/src/http_client/mod.rs:214 | spans: root > paginate_backwards{room_id="!gYUcaiXKlqrhQvYLpn:mertis.kz"} > run_backwards_once{batch_size=20} > messages{room_id="!gYUcaiXKlqrhQvYLpn:mertis.kz" options=MessagesOptions { from: "t1-1042_6503_62_145_253_1_254_227_0_1_1_1", dir: Backward, limit: 20 }} > send{request_id="REQ-47" method=GET uri="https://matrix.mertis.kz/_matrix/client/v3/rooms/!gYUcaiXKlqrhQvYLpn:mertis.kz/messages" status=200 response_size="64B" request_duration=33.020166ms}
2026-04-21T14:49:34.571082Z  INFO elementx: Finished paginating backwards | TimelineProxy.swift:128 | spans: root
2026-04-21T14:49:34.574826Z  INFO elementx: Sending read receipt for eventID: $EMm-ASuwatIk5uKF91Xwx_NeRtgHxtI2rjlQr3Jpq5E | TimelineProxy.swift:459 | spans: root
2026-04-21T14:49:34.574989Z  INFO elementx: Finished sending read receipt for eventID: $EMm-ASuwatIk5uKF91Xwx_NeRtgHxtI2rjlQr3Jpq5E | TimelineProxy.swift:463 | spans: root
2026-04-21T14:49:34.575619Z  INFO elementx: Finished back pagination request | TimelineController.swift:105 | spans: root
2026-04-21T14:49:34.596462Z  INFO elementx: Sending read receipt for eventID: $EMm-ASuwatIk5uKF91Xwx_NeRtgHxtI2rjlQr3Jpq5E | TimelineProxy.swift:459 | spans: root
2026-04-21T14:49:34.596546Z  INFO elementx: Finished sending read receipt for eventID: $EMm-ASuwatIk5uKF91Xwx_NeRtgHxtI2rjlQr3Jpq5E | TimelineProxy.swift:463 | spans: root
2026-04-21T14:49:34.603378Z  INFO elementx: Sending read receipt for eventID: $EMm-ASuwatIk5uKF91Xwx_NeRtgHxtI2rjlQr3Jpq5E | TimelineProxy.swift:459 | spans: root
2026-04-21T14:49:34.603465Z  INFO elementx: Finished sending read receipt for eventID: $EMm-ASuwatIk5uKF91Xwx_NeRtgHxtI2rjlQr3Jpq5E | TimelineProxy.swift:463 | spans: root
2026-04-21T14:49:36.481194Z DEBUG matrix_sdk::http_client::native: Sending request num_attempt=1 | crates/matrix-sdk/src/http_client/native.rs:78 | spans: root > send{request_id="REQ-48" method=GET uri="https://matrix.mertis.kz/_matrix/client/v1/media/thumbnail/mertis.kz/HYnMQXvajSBilMkQELIHosqf"}
2026-04-21T14:49:36.484616Z DEBUG matrix_sdk::http_client::native: Sending request num_attempt=1 | crates/matrix-sdk/src/http_client/native.rs:78 | spans: root > send{request_id="REQ-49" method=GET uri="https://matrix.mertis.kz/_matrix/client/v3/profile/@aktau:mertis.kz"}
2026-04-21T14:49:36.494446Z DEBUG matrix_sdk::http_client: Got response | crates/matrix-sdk/src/http_client/mod.rs:214 | spans: root > send{request_id="REQ-49" method=GET uri="https://matrix.mertis.kz/_matrix/client/v3/profile/@aktau:mertis.kz" status=200 response_size="23B" request_duration=9.604416ms}
2026-04-21T14:49:36.495929Z  INFO elementx: Call session 753610C0-D6FF-48FD-BE82-F6CF4BF65240 transition idle -> outgoing_ringing on invite | ElementCallService.swift:945 | spans: root
2026-04-21T14:49:36.496373Z ERROR elementx: Transaction not started or already finished | Signposter.swift:82 | spans: root
2026-04-21T14:49:36.498041Z ERROR elementx: Received background task early termination | ClientProxy.swift:247 | spans: root
2026-04-21T14:49:36.574491Z DEBUG matrix_sdk::http_client: Got response | crates/matrix-sdk/src/http_client/mod.rs:214 | spans: root > send{request_id="REQ-48" method=GET uri="https://matrix.mertis.kz/_matrix/client/v1/media/thumbnail/mertis.kz/HYnMQXvajSBilMkQELIHosqf" status=200 response_size="216.2k" request_duration=93.204125ms}
2026-04-21T14:49:37.753401Z  INFO elementx: URL changed to: file:///Users/aibattt/Library/Developer/CoreSimulator/Devices/183D9DAD-0CB6-49DE-ABFD-53BFA7B724CB/data/Containers/Bundle/Application/B3A92083-211F-45F5-B065-BED21EF80240/SalemX.app/EmbeddedElementCall_EmbeddedElementCall.bundle/dist/index.html?controlledAudioDevices=false&header=none&showControls=false&hideScreensharing=true#?userId=@aktau:mertis.kz&roomId=!gYUcaiXKlqrhQvYLpn:mertis.kz&widgetId=DC2E48E2-EC4D-4665-A904-764747F8DEF8&displayName=aktau&lang=ru-KZ&theme=light&clientId=kz.salemx.msg&deviceId=pHHotPZIkM&baseUrl=https://matrix.mertis.kz/&parentUrl=file:///Users/aibattt/Library/Developer/CoreSimulator/Devices/183D9DAD-0CB6-49DE-ABFD-53BFA7B724CB/data/Containers/Bundle/Application/B3A92083-211F-45F5-B065-BED21EF80240/SalemX.app/EmbeddedElementCall_EmbeddedElementCall.bundle/dist/index.html&perParticipantE2EE=true&intent=start_call_dm_voice&rageshakeSubmitUrl=https://rageshake.localhost/submit&controlledAudioDevices=false&header=none&showControls=false&hideScreensharing=true | CallScreenViewModel.swift:181 | spans: root
2026-04-21T14:49:38.256762Z DEBUG matrix_sdk::http_client::native: Sending request num_attempt=1 | crates/matrix-sdk/src/http_client/native.rs:78 | spans: root > send{request_id="REQ-50" method=POST uri="https://matrix.mertis.kz/_matrix/client/v3/user/@aktau:mertis.kz/openid/request_token" request_size="2B"}
2026-04-21T14:49:38.269336Z DEBUG matrix_sdk::http_client: Got response | crates/matrix-sdk/src/http_client/mod.rs:214 | spans: root > send{request_id="REQ-50" method=POST uri="https://matrix.mertis.kz/_matrix/client/v3/user/@aktau:mertis.kz/openid/request_token" request_size="2B" status=200 response_size="116B" request_duration=12.426584ms}
2026-04-21T14:49:38.791231Z DEBUG matrix_sdk::http_client::native: Sending request num_attempt=1 | crates/matrix-sdk/src/http_client/native.rs:78 | spans: root > send{request_id="REQ-51" method=PUT uri="https://matrix.mertis.kz/_matrix/client/v3/rooms/!gYUcaiXKlqrhQvYLpn:mertis.kz/state/org.matrix.msc3401.call.member/_@aktau:mertis.kz_pHHotPZIkM_m.call" request_size="2B"}
2026-04-21T14:49:38.828122Z DEBUG matrix_sdk::http_client: Got response | crates/matrix-sdk/src/http_client/mod.rs:214 | spans: root > send{request_id="REQ-51" method=PUT uri="https://matrix.mertis.kz/_matrix/client/v3/rooms/!gYUcaiXKlqrhQvYLpn:mertis.kz/state/org.matrix.msc3401.call.member/_@aktau:mertis.kz_pHHotPZIkM_m.call" request_size="2B" status=200 response_size="39B" request_duration=36.724333ms}
2026-04-21T14:49:38.832798Z DEBUG matrix_sdk::http_client::native: Sending request num_attempt=1 | crates/matrix-sdk/src/http_client/native.rs:78 | spans: root > send{request_id="REQ-52" method=POST uri="https://matrix.mertis.kz/_matrix/client/v3/user/@aktau:mertis.kz/openid/request_token" request_size="2B"}
2026-04-21T14:49:38.844683Z DEBUG matrix_sdk::http_client: Got response | crates/matrix-sdk/src/http_client/mod.rs:214 | spans: root > send{request_id="REQ-52" method=POST uri="https://matrix.mertis.kz/_matrix/client/v3/user/@aktau:mertis.kz/openid/request_token" request_size="2B" status=200 response_size="116B" request_duration=11.695042ms}
2026-04-21T14:49:38.845409Z DEBUG matrix_sdk::http_client::native: Sending request num_attempt=1 | crates/matrix-sdk/src/http_client/native.rs:78 | spans: root > send_state_event_raw > send{request_id="REQ-53" method=PUT uri="https://matrix.mertis.kz/_matrix/client/v3/rooms/!gYUcaiXKlqrhQvYLpn:mertis.kz/state/org.matrix.msc3401.call.member/_@aktau:mertis.kz_pHHotPZIkM_m.call" request_size="386B"}
2026-04-21T14:49:39.002779Z DEBUG matrix_sdk::http_client: Got response | crates/matrix-sdk/src/http_client/mod.rs:214 | spans: root > next_sync_with_lock{store_generation=2} > sync_once{conn_id="encryption" pos="0/s1051_6503_62_145_254_1_254_227_0_1_1_1" timeout=30000} > send{request_id="REQ-41" method=POST uri="https://matrix.mertis.kz/_matrix/client/unstable/org.matrix.simplified_msc3575/sync" request_size="106B" status=200 response_size="283B" request_duration=5.0284055s}
2026-04-21T14:49:39.010268Z  WARN matrix_sdk_crypto::backups: Trying to backup room keys but no backup key was found | crates/matrix-sdk-crypto/src/backups/mod.rs:519 | spans: root
2026-04-21T14:49:39.011298Z DEBUG matrix_sdk::http_client::native: Sending request num_attempt=1 | crates/matrix-sdk/src/http_client/native.rs:78 | spans: root > next_sync_with_lock{store_generation=2} > sync_once{conn_id="encryption" pos="0/s1052_6503_62_145_254_1_254_227_0_1_1_1" timeout=30000} > send{request_id="REQ-54" method=POST uri="https://matrix.mertis.kz/_matrix/client/unstable/org.matrix.simplified_msc3575/sync" request_size="106B"}
2026-04-21T14:49:39.011445Z DEBUG matrix_sdk_crypto::session_manager::sessions: Collected user/device pairs that are missing an Olm session missing_session_devices_by_user={} timed_out_devices_by_user={} | crates/matrix-sdk-crypto/src/session_manager/sessions.rs:285 | spans: root > next_sync_with_lock{store_generation=2} > sync_once{conn_id="encryption" pos="0/s1052_6503_62_145_254_1_254_227_0_1_1_1" timeout=30000} > send_outgoing_requests > get_missing_sessions
2026-04-21T14:49:39.015445Z DEBUG matrix_sdk::http_client: Got response | crates/matrix-sdk/src/http_client/mod.rs:214 | spans: root > send_state_event_raw > send{request_id="REQ-53" method=PUT uri="https://matrix.mertis.kz/_matrix/client/v3/rooms/!gYUcaiXKlqrhQvYLpn:mertis.kz/state/org.matrix.msc3401.call.member/_@aktau:mertis.kz_pHHotPZIkM_m.call" request_size="386B" status=200 response_size="59B" request_duration=169.440125ms}
2026-04-21T14:49:39.021739Z DEBUG matrix_sdk::http_client::native: Sending request num_attempt=1 | crates/matrix-sdk/src/http_client/native.rs:78 | spans: root > send{request_id="REQ-55" method=POST uri="https://matrix.mertis.kz/_matrix/client/unstable/org.matrix.msc4140/delayed_events/syd_DKrkaiEccthScKBthKLz" request_size="20B"}
2026-04-21T14:49:39.055209Z DEBUG matrix_sdk::http_client: Got response | crates/matrix-sdk/src/http_client/mod.rs:214 | spans: root > send{request_id="REQ-55" method=POST uri="https://matrix.mertis.kz/_matrix/client/unstable/org.matrix.msc4140/delayed_events/syd_DKrkaiEccthScKBthKLz" request_size="20B" status=200 response_size="2B" request_duration=33.248333ms}
2026-04-21T14:49:39.078273Z DEBUG matrix_sdk::http_client: Got response | crates/matrix-sdk/src/http_client/mod.rs:214 | spans: root > sync_once{conn_id="room-list" pos="559/s1051_6503_62_145_254_1_254_227_0_1_1_1" timeout=30000} > send{request_id="REQ-44" method=POST uri="https://matrix.mertis.kz/_matrix/client/unstable/org.matrix.simplified_msc3575/sync" request_size="1.2k" status=200 response_size="5.0k" request_duration=5.033871458s}
2026-04-21T14:49:39.080299Z DEBUG matrix_sdk_base::response_processors::account_data::global: Found direct room data in the Store, applying it | crates/matrix-sdk-base/src/response_processors/account_data/global.rs:147 | spans: root > sync_once{conn_id="room-list" pos="559/s1051_6503_62_145_254_1_254_227_0_1_1_1" timeout=30000} > handle_response
2026-04-21T14:49:39.082138Z  INFO elementx: Received room info update | JoinedRoomProxy.swift:147 | spans: root
2026-04-21T14:49:39.083388Z  INFO elementx: Received requests to join update, requests id: [] | JoinedRoomProxy.swift:787 | spans: root
2026-04-21T14:49:39.083623Z  INFO elementx: Received room info update | JoinedRoomProxy.swift:147 | spans: root
2026-04-21T14:49:39.084689Z  INFO elementx: Received requests to join update, requests id: [] | JoinedRoomProxy.swift:787 | spans: root
2026-04-21T14:49:39.086379Z DEBUG matrix_sdk::http_client::native: Sending request num_attempt=1 | crates/matrix-sdk/src/http_client/native.rs:78 | spans: root > sync_once{conn_id="room-list" pos="562/s1052_6503_62_145_254_1_254_227_0_1_1_1" timeout=30000} > send{request_id="REQ-56" method=POST uri="https://matrix.mertis.kz/_matrix/client/unstable/org.matrix.simplified_msc3575/sync" request_size="1.2k"}
2026-04-21T14:49:39.092365Z  INFO elementx: Received room info update | JoinedRoomProxy.swift:147 | spans: root
2026-04-21T14:49:39.096935Z  INFO elementx: Received room list update: running | ClientProxy.swift:1143 | spans: root
2026-04-21T14:49:39.149572Z  INFO elementx: Sending read receipt for eventID: $EMm-ASuwatIk5uKF91Xwx_NeRtgHxtI2rjlQr3Jpq5E | TimelineProxy.swift:459 | spans: root
2026-04-21T14:49:39.149754Z  INFO elementx: Finished sending read receipt for eventID: $EMm-ASuwatIk5uKF91Xwx_NeRtgHxtI2rjlQr3Jpq5E | TimelineProxy.swift:463 | spans: root
2026-04-21T14:49:39.206866Z DEBUG matrix_sdk::http_client::native: Sending request num_attempt=1 | crates/matrix-sdk/src/http_client/native.rs:78 | spans: root > send{request_id="REQ-57" method=POST uri="https://matrix.mertis.kz/_matrix/client/v3/user/@aktau:mertis.kz/openid/request_token" request_size="2B"}
2026-04-21T14:49:39.288353Z DEBUG matrix_sdk::http_client: Got response | crates/matrix-sdk/src/http_client/mod.rs:214 | spans: root > send{request_id="REQ-57" method=POST uri="https://matrix.mertis.kz/_matrix/client/v3/user/@aktau:mertis.kz/openid/request_token" request_size="2B" status=200 response_size="116B" request_duration=81.3675ms}
2026-04-21T14:49:39.288445Z DEBUG matrix_sdk::http_client::native: Sending request num_attempt=1 | crates/matrix-sdk/src/http_client/native.rs:78 | spans: root > send{request_id="REQ-58" method=POST uri="https://matrix.mertis.kz/_matrix/client/v3/user/@aktau:mertis.kz/openid/request_token" request_size="2B"}
2026-04-21T14:49:39.304911Z DEBUG matrix_sdk::http_client: Got response | crates/matrix-sdk/src/http_client/mod.rs:214 | spans: root > send{request_id="REQ-58" method=POST uri="https://matrix.mertis.kz/_matrix/client/v3/user/@aktau:mertis.kz/openid/request_token" request_size="2B" status=200 response_size="116B" request_duration=16.41575ms}
2026-04-21T14:49:39.312932Z DEBUG matrix_sdk_crypto::session_manager::sessions: Collected user/device pairs that are missing an Olm session missing_session_devices_by_user={"@aktau:mertis.kz": {"24201cxcg2", "2fFRSN56EQ", "36cVbvJbOz", "BWjaGLgBcL", "DhnVP1QJmW", "FYktHikyZL", "K8n2GhfVzf", "LNY5wGStRr", "MLKdvAB3Hy", "QBux8Po03W", "QsFyqwZl0e", "SQStUlyD4C", "W0zah3ACFg", "WN5rnQytvy", "WX3jZdbvMw", "WrU4iR5eBX", "bhuGIeFJqq", "hUtqHiSq37", "lDka92MiyF", "m53ntGqSgq", "oqQ12dvZfP", "orJyJGvfRq", "pqoil9GXqf", "qoh9d6Fdof", "rUMY78WsAx"}, "@alm:mertis.kz": {"ZSEpIs1eFo"}} timed_out_devices_by_user={} | crates/matrix-sdk-crypto/src/session_manager/sessions.rs:285 | spans: root > send_raw{room_id="!gYUcaiXKlqrhQvYLpn:mertis.kz" transaction_id="31574c19e6d648a9a97365cb941d9c2e" is_room_encrypted=true} > preshare_room_key{room_id="!gYUcaiXKlqrhQvYLpn:mertis.kz" store_generation=2} > get_missing_sessions
2026-04-21T14:49:39.314997Z DEBUG matrix_sdk::http_client::native: Sending request num_attempt=1 | crates/matrix-sdk/src/http_client/native.rs:78 | spans: root > send_raw{room_id="!gYUcaiXKlqrhQvYLpn:mertis.kz" transaction_id="31574c19e6d648a9a97365cb941d9c2e" is_room_encrypted=true} > preshare_room_key{room_id="!gYUcaiXKlqrhQvYLpn:mertis.kz" store_generation=2} > send{request_id="REQ-59" method=POST uri="https://matrix.mertis.kz/_matrix/client/v3/keys/claim" request_size="933B"}
2026-04-21T14:49:39.950465Z DEBUG matrix_sdk::http_client: Got response | crates/matrix-sdk/src/http_client/mod.rs:214 | spans: root > next_sync_with_lock{store_generation=2} > sync_once{conn_id="encryption" pos="0/s1052_6503_62_145_254_1_254_227_0_1_1_1" timeout=30000} > send{request_id="REQ-54" method=POST uri="https://matrix.mertis.kz/_matrix/client/unstable/org.matrix.simplified_msc3575/sync" request_size="106B" status=200 response_size="283B" request_duration=938.810583ms}
2026-04-21T14:49:39.955574Z  WARN matrix_sdk_crypto::backups: Trying to backup room keys but no backup key was found | crates/matrix-sdk-crypto/src/backups/mod.rs:519 | spans: root
2026-04-21T14:49:39.956357Z DEBUG matrix_sdk::http_client::native: Sending request num_attempt=1 | crates/matrix-sdk/src/http_client/native.rs:78 | spans: root > next_sync_with_lock{store_generation=2} > sync_once{conn_id="encryption" pos="0/s1052_6504_62_145_254_1_254_227_0_1_1_1" timeout=30000} > send{request_id="REQ-60" method=POST uri="https://matrix.mertis.kz/_matrix/client/unstable/org.matrix.simplified_msc3575/sync" request_size="106B"}
2026-04-21T14:49:40.159969Z DEBUG matrix_sdk::http_client: Got response | crates/matrix-sdk/src/http_client/mod.rs:214 | spans: root > send_raw{room_id="!gYUcaiXKlqrhQvYLpn:mertis.kz" transaction_id="31574c19e6d648a9a97365cb941d9c2e" is_room_encrypted=true} > preshare_room_key{room_id="!gYUcaiXKlqrhQvYLpn:mertis.kz" store_generation=2} > send{request_id="REQ-59" method=POST uri="https://matrix.mertis.kz/_matrix/client/v3/keys/claim" request_size="933B" status=200 response_size="6.5k" request_duration=842.863958ms}
2026-04-21T14:49:40.160964Z DEBUG matrix_sdk_crypto::session_manager::sessions: Received a `/keys/claim` response request_id="b8ee0c342bf44be3977b0ab011593529" one_time_keys={"@aktau:mertis.kz": {"24201cxcg2": {"signed_curve25519:AAAAAAAAAB0"}, "2fFRSN56EQ": {"signed_curve25519:AAAAAAAAABA"}, "36cVbvJbOz": {"signed_curve25519:AAAAAAAAABc"}, "BWjaGLgBcL": {"signed_curve25519:AAAAAAAAABM"}, "DhnVP1QJmW": {"signed_curve25519:AAAAAAAAABA"}, "FYktHikyZL": {"signed_curve25519:AAAAAAAAAAk"}, "K8n2GhfVzf": {"signed_curve25519:AAAAAAAAAA4"}, "LNY5wGStRr": {"signed_curve25519:AAAAAAAAABc"}, "MLKdvAB3Hy": {"signed_curve25519:AAAAAAAAAAI"}, "QBux8Po03W": {"signed_curve25519:AAAAAAAAAAg"}, "QsFyqwZl0e": {"signed_curve25519:AAAAAAAAABs"}, "SQStUlyD4C": {"signed_curve25519:AAAAAAAAAB8"}, "W0zah3ACFg": {"signed_curve25519:AAAAAAAAABc"}, "WN5rnQytvy": {"signed_curve25519:AAAAAAAAAAo"}, "WX3jZdbvMw": {"signed_curve25519:AAAAAAAAAC8"}, "WrU4iR5eBX": {"signed_curve25519:AAAAAAAAAAE"}, "bhuGIeFJqq": {"signed_curve25519:AAAAAAAAABQ"}, "hUtqHiSq37": {"signed_curve25519:AAAAAAAAAAY"}, "lDka92MiyF": {"signed_curve25519:AAAAAAAAAAU"}, "m53ntGqSgq": {"signed_curve25519:AAAAAAAAAAQ"}, "oqQ12dvZfP": {"signed_curve25519:AAAAAAAAABg"}, "orJyJGvfRq": {"signed_curve25519:AAAAAAAAAB4"}, "pqoil9GXqf": {"signed_curve25519:AAAAAAAAAAk"}, "qoh9d6Fdof": {"signed_curve25519:AAAAAAAAABY"}, "rUMY78WsAx": {"signed_curve25519:AAAAAAAAAAs"}}, "@alm:mertis.kz": {"ZSEpIs1eFo": {"signed_curve25519:AAAAAAAAAA0"}}} failures={} | crates/matrix-sdk-crypto/src/session_manager/sessions.rs:450 | spans: root > send_raw{room_id="!gYUcaiXKlqrhQvYLpn:mertis.kz" transaction_id="31574c19e6d648a9a97365cb941d9c2e" is_room_encrypted=true} > preshare_room_key{room_id="!gYUcaiXKlqrhQvYLpn:mertis.kz" store_generation=2} > receive_keys_claim_response{request_id="b8ee0c342bf44be3977b0ab011593529"}
2026-04-21T14:49:40.164715Z TRACE matrix_sdk_crypto::olm::account: Finished searching for a valid pre-key bundle result=Ok(Olm3DH { key: SignedKey { key: "curve25519:+Z1L99GPF1KCNz1ELeKuL+nRgj64y6k2kEh3BipV4Cw", signatures: Signatures({"@aktau:mertis.kz": {"ed25519:24201cxcg2": Ok(Ed25519("ed25519:QQmF6olhC2JIFN+XTXHX3+E9m+MBpph5uzWUzLbPp5fG9U98GVwC0nFklcCP7o84tUAUNZlxexX/sxTGiyUdDg"))}}), fallback: None, other: {} } }) | crates/matrix-sdk-crypto/src/olm/account.rs:1014 | spans: root > send_raw{room_id="!gYUcaiXKlqrhQvYLpn:mertis.kz" transaction_id="31574c19e6d648a9a97365cb941d9c2e" is_room_encrypted=true} > preshare_room_key{room_id="!gYUcaiXKlqrhQvYLpn:mertis.kz" store_generation=2} > receive_keys_claim_response{request_id="b8ee0c342bf44be3977b0ab011593529"} > find_pre_key_bundle{user_id="@aktau:mertis.kz" device_id="24201cxcg2" algorithms=["m.olm.v1.curve25519-aes-sha2", "m.megolm.v1.aes-sha2"]}
2026-04-21T14:49:40.167856Z TRACE matrix_sdk_crypto::olm::account: Finished searching for a valid pre-key bundle result=Ok(Olm3DH { key: SignedKey { key: "curve25519:fnuv7pQv9FBfBd9t3AEa5Gv29m8nnA5Vj+v6UXBhuxA", signatures: Signatures({"@aktau:mertis.kz": {"ed25519:2fFRSN56EQ": Ok(Ed25519("ed25519:AA+zfvkpGS0yjQdVXYZpjxD2/kW6cWrTwmR9lHh+2spjROnWNJvQ28adcnEHQ8ibPo11yr8xj+VdN6cDxwDXAQ"))}}), fallback: None, other: {} } }) | crates/matrix-sdk-crypto/src/olm/account.rs:1014 | spans: root > send_raw{room_id="!gYUcaiXKlqrhQvYLpn:mertis.kz" transaction_id="31574c19e6d648a9a97365cb941d9c2e" is_room_encrypted=true} > preshare_room_key{room_id="!gYUcaiXKlqrhQvYLpn:mertis.kz" store_generation=2} > receive_keys_claim_response{request_id="b8ee0c342bf44be3977b0ab011593529"} > find_pre_key_bundle{user_id="@aktau:mertis.kz" device_id="2fFRSN56EQ" algorithms=["m.olm.v1.curve25519-aes-sha2", "m.megolm.v1.aes-sha2"]}
2026-04-21T14:49:40.169190Z TRACE matrix_sdk_crypto::olm::account: Finished searching for a valid pre-key bundle result=Ok(Olm3DH { key: SignedKey { key: "curve25519:vwKgbt24z3alJ3Jqt8Rm9I+GaR0rxfvTfQSIcMnxOBk", signatures: Signatures({"@aktau:mertis.kz": {"ed25519:36cVbvJbOz": Ok(Ed25519("ed25519:sTNVnf7H2VseYAzAJWKlP9HztKg1GKTBy8hB2Cok3rCRV6YCiAqgfFGbj+aUsS/IndbYJUrrjGkjD3SZvA2iCQ"))}}), fallback: None, other: {} } }) | crates/matrix-sdk-crypto/src/olm/account.rs:1014 | spans: root > send_raw{room_id="!gYUcaiXKlqrhQvYLpn:mertis.kz" transaction_id="31574c19e6d648a9a97365cb941d9c2e" is_room_encrypted=true} > preshare_room_key{room_id="!gYUcaiXKlqrhQvYLpn:mertis.kz" store_generation=2} > receive_keys_claim_response{request_id="b8ee0c342bf44be3977b0ab011593529"} > find_pre_key_bundle{user_id="@aktau:mertis.kz" device_id="36cVbvJbOz" algorithms=["m.olm.v1.curve25519-aes-sha2", "m.megolm.v1.aes-sha2"]}
2026-04-21T14:49:40.170110Z TRACE matrix_sdk_crypto::olm::account: Finished searching for a valid pre-key bundle result=Ok(Olm3DH { key: SignedKey { key: "curve25519:lfMKcWDg22CTtFtsilKPagax54aKd57p1h/L0WpmUwk", signatures: Signatures({"@aktau:mertis.kz": {"ed25519:BWjaGLgBcL": Ok(Ed25519("ed25519:jjA34KalWJza/8zvcPIBP3OBXDuSLydWuWnoyzLFQqiLXll5sjIH6cnz0cgn995r0IdtxHMWzEFM/u6V0EFaAA"))}}), fallback: None, other: {} } }) | crates/matrix-sdk-crypto/src/olm/account.rs:1014 | spans: root > send_raw{room_id="!gYUcaiXKlqrhQvYLpn:mertis.kz" transaction_id="31574c19e6d648a9a97365cb941d9c2e" is_room_encrypted=true} > preshare_room_key{room_id="!gYUcaiXKlqrhQvYLpn:mertis.kz" store_generation=2} > receive_keys_claim_response{request_id="b8ee0c342bf44be3977b0ab011593529"} > find_pre_key_bundle{user_id="@aktau:mertis.kz" device_id="BWjaGLgBcL" algorithms=["m.olm.v1.curve25519-aes-sha2", "m.megolm.v1.aes-sha2"]}
2026-04-21T14:49:40.171048Z TRACE matrix_sdk_crypto::olm::account: Finished searching for a valid pre-key bundle result=Ok(Olm3DH { key: SignedKey { key: "curve25519:koVPGjqX0qNLasn/rz5kKTQ0iyviX8gZQk/kAOpnVS0", signatures: Signatures({"@aktau:mertis.kz": {"ed25519:DhnVP1QJmW": Ok(Ed25519("ed25519:DqwYuEvj78tv5kc4kvbC0EBIUEkO763azjc+g4U5vd1y9XkiKl26NgbK/X4XExCfyFrVkiyHe5lp1YqCOkmiBw"))}}), fallback: None, other: {} } }) | crates/matrix-sdk-crypto/src/olm/account.rs:1014 | spans: root > send_raw{room_id="!gYUcaiXKlqrhQvYLpn:mertis.kz" transaction_id="31574c19e6d648a9a97365cb941d9c2e" is_room_encrypted=true} > preshare_room_key{room_id="!gYUcaiXKlqrhQvYLpn:mertis.kz" store_generation=2} > receive_keys_claim_response{request_id="b8ee0c342bf44be3977b0ab011593529"} > find_pre_key_bundle{user_id="@aktau:mertis.kz" device_id="DhnVP1QJmW" algorithms=["m.olm.v1.curve25519-aes-sha2", "m.megolm.v1.aes-sha2"]}
2026-04-21T14:49:40.171950Z TRACE matrix_sdk_crypto::olm::account: Finished searching for a valid pre-key bundle result=Ok(Olm3DH { key: SignedKey { key: "curve25519:sH/Lz7GzTqHZdynqZ4fbLu5fMP4nJKryvQ+tFWb+pho", signatures: Signatures({"@aktau:mertis.kz": {"ed25519:FYktHikyZL": Ok(Ed25519("ed25519:DbX7BFBV6dzsjLPGvsyhqO4+1R5TNMpjpdqicqvIdU/teIIBuHn0HmNOC+Nwa9mW3NZGNrgHvJeAj6iqcNlXDg"))}}), fallback: None, other: {} } }) | crates/matrix-sdk-crypto/src/olm/account.rs:1014 | spans: root > send_raw{room_id="!gYUcaiXKlqrhQvYLpn:mertis.kz" transaction_id="31574c19e6d648a9a97365cb941d9c2e" is_room_encrypted=true} > preshare_room_key{room_id="!gYUcaiXKlqrhQvYLpn:mertis.kz" store_generation=2} > receive_keys_claim_response{request_id="b8ee0c342bf44be3977b0ab011593529"} > find_pre_key_bundle{user_id="@aktau:mertis.kz" device_id="FYktHikyZL" algorithms=["m.olm.v1.curve25519-aes-sha2", "m.megolm.v1.aes-sha2"]}
2026-04-21T14:49:40.172530Z TRACE matrix_sdk_crypto::olm::account: Finished searching for a valid pre-key bundle result=Ok(Olm3DH { key: SignedKey { key: "curve25519:QaW3OcafFJhM0upAUp2mIlpw/hT30o1IuvcoWUSI/2w", signatures: Signatures({"@aktau:mertis.kz": {"ed25519:K8n2GhfVzf": Ok(Ed25519("ed25519:brM3qx/44dILDC9NWkEBeEmJyacPYF3B5ClnzbyUjNQS2T5foplkZMTezdXRUERKaNuGptsze7ase2TyNJdZDg"))}}), fallback: None, other: {} } }) | crates/matrix-sdk-crypto/src/olm/account.rs:1014 | spans: root > send_raw{room_id="!gYUcaiXKlqrhQvYLpn:mertis.kz" transaction_id="31574c19e6d648a9a97365cb941d9c2e" is_room_encrypted=true} > preshare_room_key{room_id="!gYUcaiXKlqrhQvYLpn:mertis.kz" store_generation=2} > receive_keys_claim_response{request_id="b8ee0c342bf44be3977b0ab011593529"} > find_pre_key_bundle{user_id="@aktau:mertis.kz" device_id="K8n2GhfVzf" algorithms=["m.olm.v1.curve25519-aes-sha2", "m.megolm.v1.aes-sha2"]}
2026-04-21T14:49:40.173062Z TRACE matrix_sdk_crypto::olm::account: Finished searching for a valid pre-key bundle result=Ok(Olm3DH { key: SignedKey { key: "curve25519:fF5nxQObsgLyIDC8Z6atxPbrosg3h3OjDQh+xUE0dwc", signatures: Signatures({"@aktau:mertis.kz": {"ed25519:LNY5wGStRr": Ok(Ed25519("ed25519:86HzcnSrOKIEr07W+iKqH6uDzRnb/6p31V1J61jghdHsowBpGtOPtzN8S1EwD9kDT7q9gi6UYSRyrCafT2R3Aw"))}}), fallback: None, other: {} } }) | crates/matrix-sdk-crypto/src/olm/account.rs:1014 | spans: root > send_raw{room_id="!gYUcaiXKlqrhQvYLpn:mertis.kz" transaction_id="31574c19e6d648a9a97365cb941d9c2e" is_room_encrypted=true} > preshare_room_key{room_id="!gYUcaiXKlqrhQvYLpn:mertis.kz" store_generation=2} > receive_keys_claim_response{request_id="b8ee0c342bf44be3977b0ab011593529"} > find_pre_key_bundle{user_id="@aktau:mertis.kz" device_id="LNY5wGStRr" algorithms=["m.olm.v1.curve25519-aes-sha2", "m.megolm.v1.aes-sha2"]}
2026-04-21T14:49:40.173537Z TRACE matrix_sdk_crypto::olm::account: Finished searching for a valid pre-key bundle result=Ok(Olm3DH { key: SignedKey { key: "curve25519:k0laEH3T19E1L0CDCaIxvzAQeVfRhazx6sGCB91iFic", signatures: Signatures({"@aktau:mertis.kz": {"ed25519:MLKdvAB3Hy": Ok(Ed25519("ed25519:32bVPZZmJSYlybMvbQjTpj5CRmP3pabmzOFXr+OV1KqOuvXWd45iQTPf+p5SqTreifYAfZYt5z35IxaRAjY1AQ"))}}), fallback: None, other: {} } }) | crates/matrix-sdk-crypto/src/olm/account.rs:1014 | spans: root > send_raw{room_id="!gYUcaiXKlqrhQvYLpn:mertis.kz" transaction_id="31574c19e6d648a9a97365cb941d9c2e" is_room_encrypted=true} > preshare_room_key{room_id="!gYUcaiXKlqrhQvYLpn:mertis.kz" store_generation=2} > receive_keys_claim_response{request_id="b8ee0c342bf44be3977b0ab011593529"} > find_pre_key_bundle{user_id="@aktau:mertis.kz" device_id="MLKdvAB3Hy" algorithms=["m.olm.v1.curve25519-aes-sha2", "m.megolm.v1.aes-sha2"]}
2026-04-21T14:49:40.173975Z TRACE matrix_sdk_crypto::olm::account: Finished searching for a valid pre-key bundle result=Ok(Olm3DH { key: SignedKey { key: "curve25519:YoHiwEf2mrg093G+LmuSKYF9j8mqUaNtiagO05K/HGQ", signatures: Signatures({"@aktau:mertis.kz": {"ed25519:QBux8Po03W": Ok(Ed25519("ed25519:XZ9gpah5w6ESHaX2CL/UUaUBjuqmfbcT8LE3lYOqC282yswPKWhP020HsPYkzAdvosGsu5sbc2eLU0EAUCmlAA"))}}), fallback: None, other: {} } }) | crates/matrix-sdk-crypto/src/olm/account.rs:1014 | spans: root > send_raw{room_id="!gYUcaiXKlqrhQvYLpn:mertis.kz" transaction_id="31574c19e6d648a9a97365cb941d9c2e" is_room_encrypted=true} > preshare_room_key{room_id="!gYUcaiXKlqrhQvYLpn:mertis.kz" store_generation=2} > receive_keys_claim_response{request_id="b8ee0c342bf44be3977b0ab011593529"} > find_pre_key_bundle{user_id="@aktau:mertis.kz" device_id="QBux8Po03W" algorithms=["m.olm.v1.curve25519-aes-sha2", "m.megolm.v1.aes-sha2"]}
2026-04-21T14:49:40.174367Z TRACE matrix_sdk_crypto::olm::account: Finished searching for a valid pre-key bundle result=Ok(Olm3DH { key: SignedKey { key: "curve25519:rnfkEsR0N9IQ7Bmavz0Kqfh59/HN/LgVH+E+kE5iaA0", signatures: Signatures({"@aktau:mertis.kz": {"ed25519:QsFyqwZl0e": Ok(Ed25519("ed25519:3xeDI100NcuG0TmJI3azxDXYf2dPIbazg6S9e8qiD5oBiGoFnkn+vROcMRw2Fty9DhnHdQtyRec6uiC6+TzlAQ"))}}), fallback: None, other: {} } }) | crates/matrix-sdk-crypto/src/olm/account.rs:1014 | spans: root > send_raw{room_id="!gYUcaiXKlqrhQvYLpn:mertis.kz" transaction_id="31574c19e6d648a9a97365cb941d9c2e" is_room_encrypted=true} > preshare_room_key{room_id="!gYUcaiXKlqrhQvYLpn:mertis.kz" store_generation=2} > receive_keys_claim_response{request_id="b8ee0c342bf44be3977b0ab011593529"} > find_pre_key_bundle{user_id="@aktau:mertis.kz" device_id="QsFyqwZl0e" algorithms=["m.olm.v1.curve25519-aes-sha2", "m.megolm.v1.aes-sha2"]}
2026-04-21T14:49:40.174797Z TRACE matrix_sdk_crypto::olm::account: Finished searching for a valid pre-key bundle result=Ok(Olm3DH { key: SignedKey { key: "curve25519:r1OYXQNXOdQwm/Z4QPVwN437utEs+t8b/nsgGH0930Q", signatures: Signatures({"@aktau:mertis.kz": {"ed25519:SQStUlyD4C": Ok(Ed25519("ed25519:XRcG2RHi6p+rOQi2D1eaT114NTGYq51C3TZ7zq7PSQFCdEyMT74pUfuE0lakU9qyByM4qtmT0MoY/udEmYbvDg"))}}), fallback: None, other: {} } }) | crates/matrix-sdk-crypto/src/olm/account.rs:1014 | spans: root > send_raw{room_id="!gYUcaiXKlqrhQvYLpn:mertis.kz" transaction_id="31574c19e6d648a9a97365cb941d9c2e" is_room_encrypted=true} > preshare_room_key{room_id="!gYUcaiXKlqrhQvYLpn:mertis.kz" store_generation=2} > receive_keys_claim_response{request_id="b8ee0c342bf44be3977b0ab011593529"} > find_pre_key_bundle{user_id="@aktau:mertis.kz" device_id="SQStUlyD4C" algorithms=["m.olm.v1.curve25519-aes-sha2", "m.megolm.v1.aes-sha2"]}
2026-04-21T14:49:40.175238Z TRACE matrix_sdk_crypto::olm::account: Finished searching for a valid pre-key bundle result=Ok(Olm3DH { key: SignedKey { key: "curve25519:iLUf60nvKVyecm9fnoZtYm5/9MgS/cpkWUmY8xOgWgI", signatures: Signatures({"@aktau:mertis.kz": {"ed25519:W0zah3ACFg": Ok(Ed25519("ed25519:J2nQYMkgW9cZvUqg9YWeLvdjEyVWXIQLA+XXFYa2BoBZy6bDIIlkrqy61CKbSfc4o7r1HK2rXr3NKd/QVP2eBQ"))}}), fallback: None, other: {} } }) | crates/matrix-sdk-crypto/src/olm/account.rs:1014 | spans: root > send_raw{room_id="!gYUcaiXKlqrhQvYLpn:mertis.kz" transaction_id="31574c19e6d648a9a97365cb941d9c2e" is_room_encrypted=true} > preshare_room_key{room_id="!gYUcaiXKlqrhQvYLpn:mertis.kz" store_generation=2} > receive_keys_claim_response{request_id="b8ee0c342bf44be3977b0ab011593529"} > find_pre_key_bundle{user_id="@aktau:mertis.kz" device_id="W0zah3ACFg" algorithms=["m.olm.v1.curve25519-aes-sha2", "m.megolm.v1.aes-sha2"]}
2026-04-21T14:49:40.175656Z TRACE matrix_sdk_crypto::olm::account: Finished searching for a valid pre-key bundle result=Ok(Olm3DH { key: SignedKey { key: "curve25519:pTllZnDxalqQNLXbbNJ2MxeOaucuw5QKiYICewbNZS0", signatures: Signatures({"@aktau:mertis.kz": {"ed25519:WN5rnQytvy": Ok(Ed25519("ed25519:kLq/AqP/qpm/OUVdI8Kre0HJ4g2ap9ZW4MqElO+Ze8116tSQ6Z0HWvRlHp6lxQANwRJmhuCI0AE4O+zLlJdcBQ"))}}), fallback: None, other: {} } }) | crates/matrix-sdk-crypto/src/olm/account.rs:1014 | spans: root > send_raw{room_id="!gYUcaiXKlqrhQvYLpn:mertis.kz" transaction_id="31574c19e6d648a9a97365cb941d9c2e" is_room_encrypted=true} > preshare_room_key{room_id="!gYUcaiXKlqrhQvYLpn:mertis.kz" store_generation=2} > receive_keys_claim_response{request_id="b8ee0c342bf44be3977b0ab011593529"} > find_pre_key_bundle{user_id="@aktau:mertis.kz" device_id="WN5rnQytvy" algorithms=["m.olm.v1.curve25519-aes-sha2", "m.megolm.v1.aes-sha2"]}
2026-04-21T14:49:40.176058Z TRACE matrix_sdk_crypto::olm::account: Finished searching for a valid pre-key bundle result=Ok(Olm3DH { key: SignedKey { key: "curve25519:3ExzY02Km6UxBUPyLwRZouuwMkrdISzgOMZQjQb79gQ", signatures: Signatures({"@aktau:mertis.kz": {"ed25519:WX3jZdbvMw": Ok(Ed25519("ed25519:0qV0kbqT0cPVDJ7l2C8H0HiibzgY2N37ZOm88cDsD5g3OVOHWtdvD93XmvJKKHJkmYFU1a2LJh9f99GqQiy0Dg"))}}), fallback: None, other: {} } }) | crates/matrix-sdk-crypto/src/olm/account.rs:1014 | spans: root > send_raw{room_id="!gYUcaiXKlqrhQvYLpn:mertis.kz" transaction_id="31574c19e6d648a9a97365cb941d9c2e" is_room_encrypted=true} > preshare_room_key{room_id="!gYUcaiXKlqrhQvYLpn:mertis.kz" store_generation=2} > receive_keys_claim_response{request_id="b8ee0c342bf44be3977b0ab011593529"} > find_pre_key_bundle{user_id="@aktau:mertis.kz" device_id="WX3jZdbvMw" algorithms=["m.olm.v1.curve25519-aes-sha2", "m.megolm.v1.aes-sha2"]}
2026-04-21T14:49:40.176490Z TRACE matrix_sdk_crypto::olm::account: Finished searching for a valid pre-key bundle result=Ok(Olm3DH { key: SignedKey { key: "curve25519:ZxXQslbfikK0RausHMo9feISv6wS3cXe7PZvEZpWUm4", signatures: Signatures({"@aktau:mertis.kz": {"ed25519:WrU4iR5eBX": Ok(Ed25519("ed25519:F+xMz2AzW4lyF2r9sRhyOP87l9M8fD0frl8rCXRmF02jNggSh1aDG8b5LD4/obmraNk1H10fWipAivDvueznBA"))}}), fallback: None, other: {} } }) | crates/matrix-sdk-crypto/src/olm/account.rs:1014 | spans: root > send_raw{room_id="!gYUcaiXKlqrhQvYLpn:mertis.kz" transaction_id="31574c19e6d648a9a97365cb941d9c2e" is_room_encrypted=true} > preshare_room_key{room_id="!gYUcaiXKlqrhQvYLpn:mertis.kz" store_generation=2} > receive_keys_claim_response{request_id="b8ee0c342bf44be3977b0ab011593529"} > find_pre_key_bundle{user_id="@aktau:mertis.kz" device_id="WrU4iR5eBX" algorithms=["m.olm.v1.curve25519-aes-sha2", "m.megolm.v1.aes-sha2"]}
2026-04-21T14:49:40.176925Z TRACE matrix_sdk_crypto::olm::account: Finished searching for a valid pre-key bundle result=Ok(Olm3DH { key: SignedKey { key: "curve25519:OIZEBdMSSs83Bms7f7NfTwBJcg++aO/68ej5EMDJ+mY", signatures: Signatures({"@aktau:mertis.kz": {"ed25519:bhuGIeFJqq": Ok(Ed25519("ed25519:rcAY/oZFdep6G72pIyTX4SgBOWPLoMAMr/1E8Y1I+zEGEV44ymxVIOabt7h8U3ExsxrfWZZG/sG/hP97d0eNCQ"))}}), fallback: None, other: {} } }) | crates/matrix-sdk-crypto/src/olm/account.rs:1014 | spans: root > send_raw{room_id="!gYUcaiXKlqrhQvYLpn:mertis.kz" transaction_id="31574c19e6d648a9a97365cb941d9c2e" is_room_encrypted=true} > preshare_room_key{room_id="!gYUcaiXKlqrhQvYLpn:mertis.kz" store_generation=2} > receive_keys_claim_response{request_id="b8ee0c342bf44be3977b0ab011593529"} > find_pre_key_bundle{user_id="@aktau:mertis.kz" device_id="bhuGIeFJqq" algorithms=["m.olm.v1.curve25519-aes-sha2", "m.megolm.v1.aes-sha2"]}
2026-04-21T14:49:40.177319Z TRACE matrix_sdk_crypto::olm::account: Finished searching for a valid pre-key bundle result=Ok(Olm3DH { key: SignedKey { key: "curve25519:ORY7QrboRijUpr2qCIhNgKLCsDHLCYsjsFfmg4BpVSE", signatures: Signatures({"@aktau:mertis.kz": {"ed25519:hUtqHiSq37": Ok(Ed25519("ed25519:47LPJx8AWrmXyvRxcR/Z5i3mdwsC5v5LyM8Hjj+HxdRH+xhccnreBa3m5HYDyjNtA48MMabZPPX+Rb6pJwqVDA"))}}), fallback: None, other: {} } }) | crates/matrix-sdk-crypto/src/olm/account.rs:1014 | spans: root > send_raw{room_id="!gYUcaiXKlqrhQvYLpn:mertis.kz" transaction_id="31574c19e6d648a9a97365cb941d9c2e" is_room_encrypted=true} > preshare_room_key{room_id="!gYUcaiXKlqrhQvYLpn:mertis.kz" store_generation=2} > receive_keys_claim_response{request_id="b8ee0c342bf44be3977b0ab011593529"} > find_pre_key_bundle{user_id="@aktau:mertis.kz" device_id="hUtqHiSq37" algorithms=["m.olm.v1.curve25519-aes-sha2", "m.megolm.v1.aes-sha2"]}
2026-04-21T14:49:40.177670Z TRACE matrix_sdk_crypto::olm::account: Finished searching for a valid pre-key bundle result=Ok(Olm3DH { key: SignedKey { key: "curve25519:jIK7eM38TMuoMO5YqSs7D6UuCxAxGM3vfirX1JxMIkM", signatures: Signatures({"@aktau:mertis.kz": {"ed25519:lDka92MiyF": Ok(Ed25519("ed25519:TqLS6+mb0fFzwKSDyNm6vkNcmdnhb8QqnNMf8iw1p5HDzI/p5FFdVDYIw4dGPXhzpN0LJ416YSUHOQm5vP6SAw"))}}), fallback: None, other: {} } }) | crates/matrix-sdk-crypto/src/olm/account.rs:1014 | spans: root > send_raw{room_id="!gYUcaiXKlqrhQvYLpn:mertis.kz" transaction_id="31574c19e6d648a9a97365cb941d9c2e" is_room_encrypted=true} > preshare_room_key{room_id="!gYUcaiXKlqrhQvYLpn:mertis.kz" store_generation=2} > receive_keys_claim_response{request_id="b8ee0c342bf44be3977b0ab011593529"} > find_pre_key_bundle{user_id="@aktau:mertis.kz" device_id="lDka92MiyF" algorithms=["m.olm.v1.curve25519-aes-sha2", "m.megolm.v1.aes-sha2"]}
2026-04-21T14:49:40.178049Z TRACE matrix_sdk_crypto::olm::account: Finished searching for a valid pre-key bundle result=Ok(Olm3DH { key: SignedKey { key: "curve25519:x8TMANZ2h5XzApZNIPGKRXW/S0KSWHKdTYAdDHvq+HU", signatures: Signatures({"@aktau:mertis.kz": {"ed25519:m53ntGqSgq": Ok(Ed25519("ed25519:qAwwuZobBRjN4axE/sBBxe6QPmkrY2wP7bdKt2evIj0ihRJa21YNjB24LxAEWWL70WyQK9esD57HW1F8gHWzCw"))}}), fallback: None, other: {} } }) | crates/matrix-sdk-crypto/src/olm/account.rs:1014 | spans: root > send_raw{room_id="!gYUcaiXKlqrhQvYLpn:mertis.kz" transaction_id="31574c19e6d648a9a97365cb941d9c2e" is_room_encrypted=true} > preshare_room_key{room_id="!gYUcaiXKlqrhQvYLpn:mertis.kz" store_generation=2} > receive_keys_claim_response{request_id="b8ee0c342bf44be3977b0ab011593529"} > find_pre_key_bundle{user_id="@aktau:mertis.kz" device_id="m53ntGqSgq" algorithms=["m.olm.v1.curve25519-aes-sha2", "m.megolm.v1.aes-sha2"]}
2026-04-21T14:49:40.178404Z TRACE matrix_sdk_crypto::olm::account: Finished searching for a valid pre-key bundle result=Ok(Olm3DH { key: SignedKey { key: "curve25519:evaU6VoHB+fZaO9QP4XfxBMRFrppFFYtib8godfVGio", signatures: Signatures({"@aktau:mertis.kz": {"ed25519:oqQ12dvZfP": Ok(Ed25519("ed25519:yEH8A9Nrrgptw8Dcd/Fp7TPitkxO5rGXCogC1LN0DnMMalL52Zuzxy4SGN6Pdz44DhGNVyjWnqjSqIMcyWwACA"))}}), fallback: None, other: {} } }) | crates/matrix-sdk-crypto/src/olm/account.rs:1014 | spans: root > send_raw{room_id="!gYUcaiXKlqrhQvYLpn:mertis.kz" transaction_id="31574c19e6d648a9a97365cb941d9c2e" is_room_encrypted=true} > preshare_room_key{room_id="!gYUcaiXKlqrhQvYLpn:mertis.kz" store_generation=2} > receive_keys_claim_response{request_id="b8ee0c342bf44be3977b0ab011593529"} > find_pre_key_bundle{user_id="@aktau:mertis.kz" device_id="oqQ12dvZfP" algorithms=["m.olm.v1.curve25519-aes-sha2", "m.megolm.v1.aes-sha2"]}
2026-04-21T14:49:40.178737Z TRACE matrix_sdk_crypto::olm::account: Finished searching for a valid pre-key bundle result=Ok(Olm3DH { key: SignedKey { key: "curve25519:q84RJv9kYaOogoLU0zVErpSq+HBfl1iq7NXHokXgBVo", signatures: Signatures({"@aktau:mertis.kz": {"ed25519:orJyJGvfRq": Ok(Ed25519("ed25519:zHBTsfpSaCioYLwUoqKwCRjxPuh1Iu5H67tfp936nidbZqtmLdWNbVwhaftsdbVwH4uogOWCPvrav2mdBx/3BA"))}}), fallback: None, other: {} } }) | crates/matrix-sdk-crypto/src/olm/account.rs:1014 | spans: root > send_raw{room_id="!gYUcaiXKlqrhQvYLpn:mertis.kz" transaction_id="31574c19e6d648a9a97365cb941d9c2e" is_room_encrypted=true} > preshare_room_key{room_id="!gYUcaiXKlqrhQvYLpn:mertis.kz" store_generation=2} > receive_keys_claim_response{request_id="b8ee0c342bf44be3977b0ab011593529"} > find_pre_key_bundle{user_id="@aktau:mertis.kz" device_id="orJyJGvfRq" algorithms=["m.olm.v1.curve25519-aes-sha2", "m.megolm.v1.aes-sha2"]}
2026-04-21T14:49:40.179089Z TRACE matrix_sdk_crypto::olm::account: Finished searching for a valid pre-key bundle result=Ok(Olm3DH { key: SignedKey { key: "curve25519:cFueInyQtZAQquI4XmA8kThwDDPydB9oRYcT4kVzuQs", signatures: Signatures({"@aktau:mertis.kz": {"ed25519:pqoil9GXqf": Ok(Ed25519("ed25519:ISW9tBRZGRPz+OQPdjy+olDTaxBjaRhr84UUi6oM22viqCILNsyxYB4KC3qQD6y6zm5jf2Ncs+5lCAQBO/i6BA"))}}), fallback: None, other: {} } }) | crates/matrix-sdk-crypto/src/olm/account.rs:1014 | spans: root > send_raw{room_id="!gYUcaiXKlqrhQvYLpn:mertis.kz" transaction_id="31574c19e6d648a9a97365cb941d9c2e" is_room_encrypted=true} > preshare_room_key{room_id="!gYUcaiXKlqrhQvYLpn:mertis.kz" store_generation=2} > receive_keys_claim_response{request_id="b8ee0c342bf44be3977b0ab011593529"} > find_pre_key_bundle{user_id="@aktau:mertis.kz" device_id="pqoil9GXqf" algorithms=["m.olm.v1.curve25519-aes-sha2", "m.megolm.v1.aes-sha2"]}
2026-04-21T14:49:40.179478Z TRACE matrix_sdk_crypto::olm::account: Finished searching for a valid pre-key bundle result=Ok(Olm3DH { key: SignedKey { key: "curve25519:0Xst4LkfAA7queOvij6LAkRw5AVlLxOzTSlwuEosdg0", signatures: Signatures({"@aktau:mertis.kz": {"ed25519:qoh9d6Fdof": Ok(Ed25519("ed25519:So98triqCV/zHyTjjuYDWcVqqfxb+khHp94Gu8p8BPJb8KdPzV8LwgwuXs4LmOBW1d7ulGr2v4D25d6QfOfHBQ"))}}), fallback: None, other: {} } }) | crates/matrix-sdk-crypto/src/olm/account.rs:1014 | spans: root > send_raw{room_id="!gYUcaiXKlqrhQvYLpn:mertis.kz" transaction_id="31574c19e6d648a9a97365cb941d9c2e" is_room_encrypted=true} > preshare_room_key{room_id="!gYUcaiXKlqrhQvYLpn:mertis.kz" store_generation=2} > receive_keys_claim_response{request_id="b8ee0c342bf44be3977b0ab011593529"} > find_pre_key_bundle{user_id="@aktau:mertis.kz" device_id="qoh9d6Fdof" algorithms=["m.olm.v1.curve25519-aes-sha2", "m.megolm.v1.aes-sha2"]}
2026-04-21T14:49:40.179839Z TRACE matrix_sdk_crypto::olm::account: Finished searching for a valid pre-key bundle result=Ok(Olm3DH { key: SignedKey { key: "curve25519:e7QQnXuEFdCV4zFUKeRvMh2unvYL3kl6yP00fY2llxk", signatures: Signatures({"@aktau:mertis.kz": {"ed25519:rUMY78WsAx": Ok(Ed25519("ed25519:r4jch810uWsLOHeyLtMTYv8EhDpmIdjtGVg8rvcalQUUgtnfcJF3UQ/WcE0IDO2YR6nPI6vwPbrQgnSt68QRCw"))}}), fallback: None, other: {} } }) | crates/matrix-sdk-crypto/src/olm/account.rs:1014 | spans: root > send_raw{room_id="!gYUcaiXKlqrhQvYLpn:mertis.kz" transaction_id="31574c19e6d648a9a97365cb941d9c2e" is_room_encrypted=true} > preshare_room_key{room_id="!gYUcaiXKlqrhQvYLpn:mertis.kz" store_generation=2} > receive_keys_claim_response{request_id="b8ee0c342bf44be3977b0ab011593529"} > find_pre_key_bundle{user_id="@aktau:mertis.kz" device_id="rUMY78WsAx" algorithms=["m.olm.v1.curve25519-aes-sha2", "m.megolm.v1.aes-sha2"]}
2026-04-21T14:49:40.180187Z TRACE matrix_sdk_crypto::olm::account: Finished searching for a valid pre-key bundle result=Ok(Olm3DH { key: SignedKey { key: "curve25519:uUw8g3zTKFlnexopPIbn8YZhprYsTdrlpqQc6T3GdWI", signatures: Signatures({"@alm:mertis.kz": {"ed25519:ZSEpIs1eFo": Ok(Ed25519("ed25519:QPp6nMqAEu2/9eIHDCKrWThaSggD+Nmj6VHE1SgEXDA/uYiz3hp90n+mpXwhtjd9avgU2BTomqEH8pRECkSZBw"))}}), fallback: None, other: {} } }) | crates/matrix-sdk-crypto/src/olm/account.rs:1014 | spans: root > send_raw{room_id="!gYUcaiXKlqrhQvYLpn:mertis.kz" transaction_id="31574c19e6d648a9a97365cb941d9c2e" is_room_encrypted=true} > preshare_room_key{room_id="!gYUcaiXKlqrhQvYLpn:mertis.kz" store_generation=2} > receive_keys_claim_response{request_id="b8ee0c342bf44be3977b0ab011593529"} > find_pre_key_bundle{user_id="@alm:mertis.kz" device_id="ZSEpIs1eFo" algorithms=["m.olm.v1.curve25519-aes-sha2", "m.megolm.v1.aes-sha2"]}
2026-04-21T14:49:40.185248Z  INFO matrix_sdk_crypto::session_manager::sessions: Established new Olm sessions sessions={"@aktau:mertis.kz": {"24201cxcg2": session_id: VR4+eRNCK5JMTWrQwfwNC5nBY2IqZQGUROC24U9ADqc, algorithm: m.olm.v1.curve25519-aes-sha2, fallback_key_used: false, "2fFRSN56EQ": session_id: G8gOyAVvj2k6Fc6E92FPXnoio8RzxpSdrfGsIk8Spfg, algorithm: m.olm.v1.curve25519-aes-sha2, fallback_key_used: false, "36cVbvJbOz": session_id: QW9zkdVxAiAAa9E2Ny7InyejPaNgDS2TyNHGoyFgV9U, algorithm: m.olm.v1.curve25519-aes-sha2, fallback_key_used: false, "BWjaGLgBcL": session_id: YrC6OjBTNfD5Yj2o4P547ug+/IpFeI8DJN8QJ9kYnb0, algorithm: m.olm.v1.curve25519-aes-sha2, fallback_key_used: false, "DhnVP1QJmW": session_id: E0kPuRSdGactTrtMnIcsRcdJU0cnThJrMF68NPkyn3k, algorithm: m.olm.v1.curve25519-aes-sha2, fallback_key_used: false, "FYktHikyZL": session_id: clCiMd1+tnbrBRlq1UceMeh4BN9RGCYSc1sUI3RCLxQ, algorithm: m.olm.v1.curve25519-aes-sha2, fallback_key_used: false, "K8n2GhfVzf": session_id: dZL24Ty9vlusZ+7rVAGJ3qYGyJTPlN0sdCUx4cpEb/I, algorithm: m.olm.v1.curve25519-aes-sha2, fallback_key_used: false, "LNY5wGStRr": session_id: cxqaQch7hvYR9k9DMtgWGyc7EvSIx+H6GHO3uGb6Prw, algorithm: m.olm.v1.curve25519-aes-sha2, fallback_key_used: false, "MLKdvAB3Hy": session_id: KeptWSfmvAOHbno2mLgaai/cORBRD/+1n7Pa8znMB70, algorithm: m.olm.v1.curve25519-aes-sha2, fallback_key_used: false, "QBux8Po03W": session_id: 1iYCA4wXMR3co+y34+Z37CaY7hCUf9gKr83l6fv/uJk, algorithm: m.olm.v1.curve25519-aes-sha2, fallback_key_used: false, "QsFyqwZl0e": session_id: xbt4VxeBMiWXXCYbLlIYbSE7uBYie62iVLR4cpH5egE, algorithm: m.olm.v1.curve25519-aes-sha2, fallback_key_used: false, "SQStUlyD4C": session_id: u9VbvII+WIC+O9zQGYaEZn8VxjQklYDmwjhOtyslRac, algorithm: m.olm.v1.curve25519-aes-sha2, fallback_key_used: false, "W0zah3ACFg": session_id: XdprmglgHKjj+7nV2nztrp+N3dZOSmXgQt4WPskhj6c, algorithm: m.olm.v1.curve25519-aes-sha2, fallback_key_used: false, "WN5rnQytvy": session_id: xUY7E5FjanECN7r3N5F7q91nJIVaVaWjuzOChGWaQ64, algorithm: m.olm.v1.curve25519-aes-sha2, fallback_key_used: false, "WX3jZdbvMw": session_id: JkUqTwawYmaBQkryP+H/NYtrDxrrklieYawiijKnc34, algorithm: m.olm.v1.curve25519-aes-sha2, fallback_key_used: false, "WrU4iR5eBX": session_id: 5r09T1IQMH5kJw8GHmkhuIHoUY6DFvfaimFnJLk4pxQ, algorithm: m.olm.v1.curve25519-aes-sha2, fallback_key_used: false, "bhuGIeFJqq": session_id: 1Vc2+8jO9Uf3J+tCTK2SO4OmmtXQ7AXs4cRElepelLk, algorithm: m.olm.v1.curve25519-aes-sha2, fallback_key_used: false, "hUtqHiSq37": session_id: xLKWGYkIqSvlHIMOhxsthUNEx3gXFQSAJ+hVGJ4ozXE, algorithm: m.olm.v1.curve25519-aes-sha2, fallback_key_used: false, "lDka92MiyF": session_id: 4TEgf8Br4BCvalllLpreHJ7wIWnz0q1yThuieK8Hfq0, algorithm: m.olm.v1.curve25519-aes-sha2, fallback_key_used: false, "m53ntGqSgq": session_id: k2VWCV4QT1HzB17DKZnia7FWkV++omrNAxKmIEnhxaw, algorithm: m.olm.v1.curve25519-aes-sha2, fallback_key_used: false, "oqQ12dvZfP": session_id: q1+OlT9pMYOXl5b+A+fLBZ71hnjKfQV0RRV0wBifPn0, algorithm: m.olm.v1.curve25519-aes-sha2, fallback_key_used: false, "orJyJGvfRq": session_id: 8wQrGF7OCT/ZmS/KCX3LUHFuNA5X+oOMg2ul6A+vSuc, algorithm: m.olm.v1.curve25519-aes-sha2, fallback_key_used: false, "pqoil9GXqf": session_id: l/JKa34hB0HsaYi7UGRnJy7GltGOa/C9CKpuNx8+m1o, algorithm: m.olm.v1.curve25519-aes-sha2, fallback_key_used: false, "qoh9d6Fdof": session_id: 2Z5QRAah+GIoDxmsGKHWpTtC43J99XFg1Yg0K+vU1zs, algorithm: m.olm.v1.curve25519-aes-sha2, fallback_key_used: false, "rUMY78WsAx": session_id: f3H50F+tomYcm/aqMKi9WlJc1kDZQroQGVJcWWeJZOw, algorithm: m.olm.v1.curve25519-aes-sha2, fallback_key_used: false}, "@alm:mertis.kz": {"ZSEpIs1eFo": session_id: IzRhrd5/gmT18vQEycCENWrFebybi6pD1CGfwPM3ubo, algorithm: m.olm.v1.curve25519-aes-sha2, fallback_key_used: false}} | crates/matrix-sdk-crypto/src/session_manager/sessions.rs:562 | spans: root > send_raw{room_id="!gYUcaiXKlqrhQvYLpn:mertis.kz" transaction_id="31574c19e6d648a9a97365cb941d9c2e" is_room_encrypted=true} > preshare_room_key{room_id="!gYUcaiXKlqrhQvYLpn:mertis.kz" store_generation=2} > receive_keys_claim_response{request_id="b8ee0c342bf44be3977b0ab011593529"}
2026-04-21T14:49:40.185967Z DEBUG matrix_sdk_crypto::session_manager::sessions: Collected user/device pairs that are missing an Olm session missing_session_devices_by_user={} timed_out_devices_by_user={} | crates/matrix-sdk-crypto/src/session_manager/sessions.rs:285 | spans: root > next_sync_with_lock{store_generation=2} > sync_once{conn_id="encryption" pos="0/s1052_6504_62_145_254_1_254_227_0_1_1_1" timeout=30000} > send_outgoing_requests > get_missing_sessions
2026-04-21T14:49:40.186903Z TRACE matrix_sdk_crypto::olm::account: Creating a new room key room_id="!gYUcaiXKlqrhQvYLpn:mertis.kz" algorithm="m.megolm.v1.aes-sha2" | crates/matrix-sdk-crypto/src/olm/account.rs:211 | spans: root > send_raw{room_id="!gYUcaiXKlqrhQvYLpn:mertis.kz" transaction_id="31574c19e6d648a9a97365cb941d9c2e" is_room_encrypted=true} > preshare_room_key{room_id="!gYUcaiXKlqrhQvYLpn:mertis.kz" store_generation=2} > share_room_key > share_room_key{room_id="!gYUcaiXKlqrhQvYLpn:mertis.kz"}
2026-04-21T14:49:40.189487Z  INFO matrix_sdk_crypto::session_manager::group_sessions: Trying to encrypt a room key recipients={"@aktau:mertis.kz": {"24201cxcg2", "2fFRSN56EQ", "36cVbvJbOz", "BWjaGLgBcL", "DhnVP1QJmW", "FYktHikyZL", "K8n2GhfVzf", "LNY5wGStRr", "MLKdvAB3Hy", "QBux8Po03W", "QsFyqwZl0e", "SQStUlyD4C", "W0zah3ACFg", "WN5rnQytvy", "WX3jZdbvMw", "WrU4iR5eBX", "bhuGIeFJqq", "hUtqHiSq37", "lDka92MiyF", "m53ntGqSgq", "oqQ12dvZfP", "orJyJGvfRq", "pqoil9GXqf", "qoh9d6Fdof", "rUMY78WsAx"}, "@alm:mertis.kz": {"ZSEpIs1eFo"}} message_index=0 room_id="!gYUcaiXKlqrhQvYLpn:mertis.kz" session_id="xwuxgJ/UowFrNlEw9UkrgR0i8kUeg9wfgPCRZ4fUJDs" | crates/matrix-sdk-crypto/src/session_manager/group_sessions/mod.rs:485 | spans: root > send_raw{room_id="!gYUcaiXKlqrhQvYLpn:mertis.kz" transaction_id="31574c19e6d648a9a97365cb941d9c2e" is_room_encrypted=true} > preshare_room_key{room_id="!gYUcaiXKlqrhQvYLpn:mertis.kz" store_generation=2} > share_room_key > share_room_key{room_id="!gYUcaiXKlqrhQvYLpn:mertis.kz" session_id="xwuxgJ/UowFrNlEw9UkrgR0i8kUeg9wfgPCRZ4fUJDs"}
2026-04-21T14:49:40.191358Z DEBUG matrix_sdk_crypto::olm::session: Successfully encrypted an event session=Session { session_id: "YrC6OjBTNfD5Yj2o4P547ug+/IpFeI8DJN8QJ9kYnb0", sending_ratchet: DoubleRatchet(ActiveDoubleRatchet { ratchet_count: 0, parent_ratchet_key: None, ratchet_key: RatchetPublicKey("curve25519:gwC8RQkTsLEEvNrNX4mN+AbdCnQput6+WlHnRjKajQw"), chain_index: 1, .. }), receiving_chains: [], config: SessionConfig { version: V1 }, .. } | crates/matrix-sdk-crypto/src/olm/session.rs:130 | spans: root > encrypt{recipient="@aktau:mertis.kz" recipient_device="BWjaGLgBcL" recipient_key=Some("curve25519:NBUiF9WkGp1fIzwC9ZLKQz4eAh1fgv+ZJRmpL+fBrVg") message_id="01KPR89D2XD1BV4PC1NXXHRM74"}
2026-04-21T14:49:40.191385Z DEBUG matrix_sdk_crypto::olm::session: Successfully encrypted an event session=Session { session_id: "q1+OlT9pMYOXl5b+A+fLBZ71hnjKfQV0RRV0wBifPn0", sending_ratchet: DoubleRatchet(ActiveDoubleRatchet { ratchet_count: 0, parent_ratchet_key: None, ratchet_key: RatchetPublicKey("curve25519:NlboQIusGD1tTMGHZxqywuCRbVz9CsfQ29KNSvJxaWY"), chain_index: 1, .. }), receiving_chains: [], config: SessionConfig { version: V1 }, .. } | crates/matrix-sdk-crypto/src/olm/session.rs:130 | spans: root > encrypt{recipient="@aktau:mertis.kz" recipient_device="oqQ12dvZfP" recipient_key=Some("curve25519:nc124JnNaVIwrKK/UGox+jm+P9G5gJe+sNSBVKvrTXA") message_id="01KPR89D2XWS7CRQPJQ8104XJE"}
2026-04-21T14:49:40.191410Z DEBUG matrix_sdk_crypto::olm::session: Successfully encrypted an event session=Session { session_id: "1Vc2+8jO9Uf3J+tCTK2SO4OmmtXQ7AXs4cRElepelLk", sending_ratchet: DoubleRatchet(ActiveDoubleRatchet { ratchet_count: 0, parent_ratchet_key: None, ratchet_key: RatchetPublicKey("curve25519:d7TCAzO4fiFEi9J15QsIkQndHioVec8DEFOobyvXxAk"), chain_index: 1, .. }), receiving_chains: [], config: SessionConfig { version: V1 }, .. } | crates/matrix-sdk-crypto/src/olm/session.rs:130 | spans: root > encrypt{recipient="@aktau:mertis.kz" recipient_device="bhuGIeFJqq" recipient_key=Some("curve25519:vV7exekWD4c4FZULUnjT7v6faDsDeGZPpl+ryCyw6Fo") message_id="01KPR89D2XJPPBS9A9KT0S6C4F"}
2026-04-21T14:49:40.191432Z DEBUG matrix_sdk_crypto::olm::session: Successfully encrypted an event session=Session { session_id: "xUY7E5FjanECN7r3N5F7q91nJIVaVaWjuzOChGWaQ64", sending_ratchet: DoubleRatchet(ActiveDoubleRatchet { ratchet_count: 0, parent_ratchet_key: None, ratchet_key: RatchetPublicKey("curve25519:vs0EQHdOQhP/wHjnAzWFYwOoQhKuDGbhel2MluM0Vxg"), chain_index: 1, .. }), receiving_chains: [], config: SessionConfig { version: V1 }, .. } | crates/matrix-sdk-crypto/src/olm/session.rs:130 | spans: root > encrypt{recipient="@aktau:mertis.kz" recipient_device="WN5rnQytvy" recipient_key=Some("curve25519:/OwfoG3qVnP9HczabyylLrBW+iFmwCl1ssEhQDqFt0A") message_id="01KPR89D2XD36416S2ZCPXYFEH"}
2026-04-21T14:49:40.191453Z DEBUG matrix_sdk_crypto::olm::session: Successfully encrypted an event session=Session { session_id: "IzRhrd5/gmT18vQEycCENWrFebybi6pD1CGfwPM3ubo", sending_ratchet: DoubleRatchet(ActiveDoubleRatchet { ratchet_count: 0, parent_ratchet_key: None, ratchet_key: RatchetPublicKey("curve25519:u+ApwkSfq/p4dZXa7h0/bIpb9uXrBWdfSTeb3e9qLjM"), chain_index: 1, .. }), receiving_chains: [], config: SessionConfig { version: V1 }, .. } | crates/matrix-sdk-crypto/src/olm/session.rs:130 | spans: root > encrypt{recipient="@alm:mertis.kz" recipient_device="ZSEpIs1eFo" recipient_key=Some("curve25519:CvmUjKI/SB+ISUMqblZFRRXWzLcayd+rAU+R5uLaUGE") message_id="01KPR89D2XTDT5DF53GG4CAQZJ"}
2026-04-21T14:49:40.191467Z DEBUG matrix_sdk_crypto::olm::session: Successfully encrypted an event session=Session { session_id: "f3H50F+tomYcm/aqMKi9WlJc1kDZQroQGVJcWWeJZOw", sending_ratchet: DoubleRatchet(ActiveDoubleRatchet { ratchet_count: 0, parent_ratchet_key: None, ratchet_key: RatchetPublicKey("curve25519:JMqhTCLDujWBxlqlZcsapCgH/Oip4d1YnwnkhivvXCA"), chain_index: 1, .. }), receiving_chains: [], config: SessionConfig { version: V1 }, .. } | crates/matrix-sdk-crypto/src/olm/session.rs:130 | spans: root > encrypt{recipient="@aktau:mertis.kz" recipient_device="rUMY78WsAx" recipient_key=Some("curve25519:j0Tivfr0+/PS/vldtx0agSbJznc+F3b508XLXkN34Bw") message_id="01KPR89D2XHFW3HGBJ6Z5TDCFJ"}
2026-04-21T14:49:40.191489Z DEBUG matrix_sdk_crypto::olm::session: Successfully encrypted an event session=Session { session_id: "cxqaQch7hvYR9k9DMtgWGyc7EvSIx+H6GHO3uGb6Prw", sending_ratchet: DoubleRatchet(ActiveDoubleRatchet { ratchet_count: 0, parent_ratchet_key: None, ratchet_key: RatchetPublicKey("curve25519:qGqtGFlr7E66pq1BSH5mpdBaeqJIYL8XYxz9LoJzyXU"), chain_index: 1, .. }), receiving_chains: [], config: SessionConfig { version: V1 }, .. } | crates/matrix-sdk-crypto/src/olm/session.rs:130 | spans: root > encrypt{recipient="@aktau:mertis.kz" recipient_device="LNY5wGStRr" recipient_key=Some("curve25519:FJM/8t2x5orsKhazmMpSH+62+0gBUGU7yu+ZQ1xLmm8") message_id="01KPR89D2XG1XTRNG03TV1GDKE"}
2026-04-21T14:49:40.191507Z DEBUG matrix_sdk_crypto::olm::session: Successfully encrypted an event session=Session { session_id: "2Z5QRAah+GIoDxmsGKHWpTtC43J99XFg1Yg0K+vU1zs", sending_ratchet: DoubleRatchet(ActiveDoubleRatchet { ratchet_count: 0, parent_ratchet_key: None, ratchet_key: RatchetPublicKey("curve25519:ht/5lJkMaQfS/8LnHmcanSlpR/7h1PVibB3UpSLN4VY"), chain_index: 1, .. }), receiving_chains: [], config: SessionConfig { version: V1 }, .. } | crates/matrix-sdk-crypto/src/olm/session.rs:130 | spans: root > encrypt{recipient="@aktau:mertis.kz" recipient_device="qoh9d6Fdof" recipient_key=Some("curve25519:NmDG/8hieB5zWUTt3AacHJvsb5V4Wrg3+RQaQ2O42X8") message_id="01KPR89D2X93PJ22E6AK4ST0FJ"}
2026-04-21T14:49:40.192006Z DEBUG matrix_sdk_crypto::olm::session: Successfully encrypted an event session=Session { session_id: "1iYCA4wXMR3co+y34+Z37CaY7hCUf9gKr83l6fv/uJk", sending_ratchet: DoubleRatchet(ActiveDoubleRatchet { ratchet_count: 0, parent_ratchet_key: None, ratchet_key: RatchetPublicKey("curve25519:fP1NDay7gY5JQilrbT9Fw6C5kz0FDx8IjXgJnB8JA3M"), chain_index: 1, .. }), receiving_chains: [], config: SessionConfig { version: V1 }, .. } | crates/matrix-sdk-crypto/src/olm/session.rs:130 | spans: root > encrypt{recipient="@aktau:mertis.kz" recipient_device="QBux8Po03W" recipient_key=Some("curve25519:HU1ar+O1VVAnCnfhfUYMT9Tu39qzAX/psYijryDMdxU") message_id="01KPR89D2Z9E91W2TCEV0M80PG"}
2026-04-21T14:49:40.192026Z DEBUG matrix_sdk_crypto::olm::session: Successfully encrypted an event session=Session { session_id: "QW9zkdVxAiAAa9E2Ny7InyejPaNgDS2TyNHGoyFgV9U", sending_ratchet: DoubleRatchet(ActiveDoubleRatchet { ratchet_count: 0, parent_ratchet_key: None, ratchet_key: RatchetPublicKey("curve25519:xvwt9TLosYDAbQvnpLlr5Ti6IpHbLa8FTULCRSMrfm4"), chain_index: 1, .. }), receiving_chains: [], config: SessionConfig { version: V1 }, .. } | crates/matrix-sdk-crypto/src/olm/session.rs:130 | spans: root > encrypt{recipient="@aktau:mertis.kz" recipient_device="36cVbvJbOz" recipient_key=Some("curve25519:yWqVIKN3IE6+EqgYzfHNaCLFFp88DOkWvccxX/MJgV0") message_id="01KPR89D2ZCG9RE5268WXJM8E7"}
2026-04-21T14:49:40.192130Z DEBUG matrix_sdk_crypto::olm::session: Successfully encrypted an event session=Session { session_id: "KeptWSfmvAOHbno2mLgaai/cORBRD/+1n7Pa8znMB70", sending_ratchet: DoubleRatchet(ActiveDoubleRatchet { ratchet_count: 0, parent_ratchet_key: None, ratchet_key: RatchetPublicKey("curve25519:mWJR58RETVpPMhGO5s7br8oPHQgcL/EoxU/rr4GhbEg"), chain_index: 1, .. }), receiving_chains: [], config: SessionConfig { version: V1 }, .. } | crates/matrix-sdk-crypto/src/olm/session.rs:130 | spans: root > encrypt{recipient="@aktau:mertis.kz" recipient_device="MLKdvAB3Hy" recipient_key=Some("curve25519:p24C9qmTWYWj5RHOGwK9u+8U9d0Ty4KG/JI40GCK1nk") message_id="01KPR89D2ZEA8S8NJCK6W92GRT"}
2026-04-21T14:49:40.192169Z DEBUG matrix_sdk_crypto::olm::session: Successfully encrypted an event session=Session { session_id: "u9VbvII+WIC+O9zQGYaEZn8VxjQklYDmwjhOtyslRac", sending_ratchet: DoubleRatchet(ActiveDoubleRatchet { ratchet_count: 0, parent_ratchet_key: None, ratchet_key: RatchetPublicKey("curve25519:sb6q0WeMxoAkJlPnBtABk+wE2C9aYI/wwtInRnrsbEI"), chain_index: 1, .. }), receiving_chains: [], config: SessionConfig { version: V1 }, .. } | crates/matrix-sdk-crypto/src/olm/session.rs:130 | spans: root > encrypt{recipient="@aktau:mertis.kz" recipient_device="SQStUlyD4C" recipient_key=Some("curve25519:ke5fA7ALt+hWI1u6BJdTvenprEtD/TNcFTC7IlyfvVY") message_id="01KPR89D30REAWR0HXGPS9RN4S"}
2026-04-21T14:49:40.192182Z DEBUG matrix_sdk_crypto::olm::session: Successfully encrypted an event session=Session { session_id: "G8gOyAVvj2k6Fc6E92FPXnoio8RzxpSdrfGsIk8Spfg", sending_ratchet: DoubleRatchet(ActiveDoubleRatchet { ratchet_count: 0, parent_ratchet_key: None, ratchet_key: RatchetPublicKey("curve25519:UQJa1pnOUHgixlj4XrtQzDgtIz4Ghntjixq08qmcgVY"), chain_index: 1, .. }), receiving_chains: [], config: SessionConfig { version: V1 }, .. } | crates/matrix-sdk-crypto/src/olm/session.rs:130 | spans: root > encrypt{recipient="@aktau:mertis.kz" recipient_device="2fFRSN56EQ" recipient_key=Some("curve25519:bPNOGIvFzYALk7+GzjknsFNkeLUfaA7+rdPKlmg4rGA") message_id="01KPR89D306WRSFMHYD5WYQXHK"}
2026-04-21T14:49:40.192205Z DEBUG matrix_sdk_crypto::olm::session: Successfully encrypted an event session=Session { session_id: "k2VWCV4QT1HzB17DKZnia7FWkV++omrNAxKmIEnhxaw", sending_ratchet: DoubleRatchet(ActiveDoubleRatchet { ratchet_count: 0, parent_ratchet_key: None, ratchet_key: RatchetPublicKey("curve25519:FP9xldkKePo0yM9LzGYCnb39Yp2wGrpm+zquHulVk2w"), chain_index: 1, .. }), receiving_chains: [], config: SessionConfig { version: V1 }, .. } | crates/matrix-sdk-crypto/src/olm/session.rs:130 | spans: root > encrypt{recipient="@aktau:mertis.kz" recipient_device="m53ntGqSgq" recipient_key=Some("curve25519:dmNi+Vqz2GY+zcaKJmpE4TX1OdZtpunvWW9bEdEu230") message_id="01KPR89D30J89Y5E94J71PBJ2V"}
2026-04-21T14:49:40.192314Z DEBUG matrix_sdk_crypto::olm::session: Successfully encrypted an event session=Session { session_id: "l/JKa34hB0HsaYi7UGRnJy7GltGOa/C9CKpuNx8+m1o", sending_ratchet: DoubleRatchet(ActiveDoubleRatchet { ratchet_count: 0, parent_ratchet_key: None, ratchet_key: RatchetPublicKey("curve25519:kLtYmyNlkovGYDk3GsrnXTLOY4TNc65hjpVtKxuhOWE"), chain_index: 1, .. }), receiving_chains: [], config: SessionConfig { version: V1 }, .. } | crates/matrix-sdk-crypto/src/olm/session.rs:130 | spans: root > encrypt{recipient="@aktau:mertis.kz" recipient_device="pqoil9GXqf" recipient_key=Some("curve25519:ukqXaf5bnJx8Re086OKoRocm+1Y+gVuiugM3bkEExWE") message_id="01KPR89D30VKBJ2H3FG4229D75"}
2026-04-21T14:49:40.192350Z DEBUG matrix_sdk_crypto::olm::session: Successfully encrypted an event session=Session { session_id: "clCiMd1+tnbrBRlq1UceMeh4BN9RGCYSc1sUI3RCLxQ", sending_ratchet: DoubleRatchet(ActiveDoubleRatchet { ratchet_count: 0, parent_ratchet_key: None, ratchet_key: RatchetPublicKey("curve25519:zO5qNsFKTKGvWFOssdlm0GPMtPvBybvoqr4IgP9c1Hk"), chain_index: 1, .. }), receiving_chains: [], config: SessionConfig { version: V1 }, .. } | crates/matrix-sdk-crypto/src/olm/session.rs:130 | spans: root > encrypt{recipient="@aktau:mertis.kz" recipient_device="FYktHikyZL" recipient_key=Some("curve25519:m4ZnMUYo6CE0dRwigoeNn+U0fHbL24YqqoRUIr+pdX0") message_id="01KPR89D304KYFV1FPT6MFCB5H"}
2026-04-21T14:49:40.192420Z DEBUG matrix_sdk_crypto::olm::session: Successfully encrypted an event session=Session { session_id: "dZL24Ty9vlusZ+7rVAGJ3qYGyJTPlN0sdCUx4cpEb/I", sending_ratchet: DoubleRatchet(ActiveDoubleRatchet { ratchet_count: 0, parent_ratchet_key: None, ratchet_key: RatchetPublicKey("curve25519:d5lFKr2rXTq7go7sDaEP6kUejaMW1R0DuDcf7GmxR1w"), chain_index: 1, .. }), receiving_chains: [], config: SessionConfig { version: V1 }, .. } | crates/matrix-sdk-crypto/src/olm/session.rs:130 | spans: root > encrypt{recipient="@aktau:mertis.kz" recipient_device="K8n2GhfVzf" recipient_key=Some("curve25519:I7mWjohFcfrlNy7jLe/PT/FWzuFCI8k+Uyt1C9XHIiA") message_id="01KPR89D30WQCSQZ8HVW2HGZSC"}
2026-04-21T14:49:40.192475Z DEBUG matrix_sdk_crypto::olm::session: Successfully encrypted an event session=Session { session_id: "JkUqTwawYmaBQkryP+H/NYtrDxrrklieYawiijKnc34", sending_ratchet: DoubleRatchet(ActiveDoubleRatchet { ratchet_count: 0, parent_ratchet_key: None, ratchet_key: RatchetPublicKey("curve25519:L8TEnpussxigdQJ1JdW5YzlXG2sX/9XxAhvj+HO8Ams"), chain_index: 1, .. }), receiving_chains: [], config: SessionConfig { version: V1 }, .. } | crates/matrix-sdk-crypto/src/olm/session.rs:130 | spans: root > encrypt{recipient="@aktau:mertis.kz" recipient_device="WX3jZdbvMw" recipient_key=Some("curve25519:7VDPNfSgnt59tiYUXSmEg6tuv9PWIyzKCO/km6i0yDU") message_id="01KPR89D30YS2KKEKAPQK38TDW"}
2026-04-21T14:49:40.192518Z DEBUG matrix_sdk_crypto::olm::session: Successfully encrypted an event session=Session { session_id: "4TEgf8Br4BCvalllLpreHJ7wIWnz0q1yThuieK8Hfq0", sending_ratchet: DoubleRatchet(ActiveDoubleRatchet { ratchet_count: 0, parent_ratchet_key: None, ratchet_key: RatchetPublicKey("curve25519:zPZGM4jHHihYYwcvEj67zDGttavBc/S6hYYegTVtwkk"), chain_index: 1, .. }), receiving_chains: [], config: SessionConfig { version: V1 }, .. } | crates/matrix-sdk-crypto/src/olm/session.rs:130 | spans: root > encrypt{recipient="@aktau:mertis.kz" recipient_device="lDka92MiyF" recipient_key=Some("curve25519:zuh/4WpDLhIutGEI7+K5XgYYQTnbFz1DlrDbSpgKUzQ") message_id="01KPR89D30Q6STGDPQND1WCTJR"}
2026-04-21T14:49:40.192544Z DEBUG matrix_sdk_crypto::olm::session: Successfully encrypted an event session=Session { session_id: "E0kPuRSdGactTrtMnIcsRcdJU0cnThJrMF68NPkyn3k", sending_ratchet: DoubleRatchet(ActiveDoubleRatchet { ratchet_count: 0, parent_ratchet_key: None, ratchet_key: RatchetPublicKey("curve25519:CK/uWEahCBtiNoaR1gNeU5De1z+ByMel5BRgvKY3gkU"), chain_index: 1, .. }), receiving_chains: [], config: SessionConfig { version: V1 }, .. } | crates/matrix-sdk-crypto/src/olm/session.rs:130 | spans: root > encrypt{recipient="@aktau:mertis.kz" recipient_device="DhnVP1QJmW" recipient_key=Some("curve25519:CiclcRKA2uNtIytmmlwZoY3PDlhIaxdKgoOm9/athR0") message_id="01KPR89D30P0X98E3HERKGJWP7"}
2026-04-21T14:49:40.192562Z DEBUG matrix_sdk_crypto::olm::session: Successfully encrypted an event session=Session { session_id: "5r09T1IQMH5kJw8GHmkhuIHoUY6DFvfaimFnJLk4pxQ", sending_ratchet: DoubleRatchet(ActiveDoubleRatchet { ratchet_count: 0, parent_ratchet_key: None, ratchet_key: RatchetPublicKey("curve25519:m9VeZeodpFZn9QiOKe0LIbtuL9KCLkq1G8KTUbkBiHs"), chain_index: 1, .. }), receiving_chains: [], config: SessionConfig { version: V1 }, .. } | crates/matrix-sdk-crypto/src/olm/session.rs:130 | spans: root > encrypt{recipient="@aktau:mertis.kz" recipient_device="WrU4iR5eBX" recipient_key=Some("curve25519:EqJyVaebJS45kH0bPOhz1YGSGpIFXX3IGHugfp0HLFI") message_id="01KPR89D30Z3B21BBCVJN9K5JS"}
2026-04-21T14:49:40.192630Z DEBUG matrix_sdk_crypto::olm::session: Successfully encrypted an event session=Session { session_id: "xLKWGYkIqSvlHIMOhxsthUNEx3gXFQSAJ+hVGJ4ozXE", sending_ratchet: DoubleRatchet(ActiveDoubleRatchet { ratchet_count: 0, parent_ratchet_key: None, ratchet_key: RatchetPublicKey("curve25519:I3hIVa1zIB+FfwefhHk4iK8sxVxRcK7OSkiS7zLLYUc"), chain_index: 1, .. }), receiving_chains: [], config: SessionConfig { version: V1 }, .. } | crates/matrix-sdk-crypto/src/olm/session.rs:130 | spans: root > encrypt{recipient="@aktau:mertis.kz" recipient_device="hUtqHiSq37" recipient_key=Some("curve25519:n44k4/FOE45t4bp7k3FORMVOFVqZp6E5sk12i8Jwt0U") message_id="01KPR89D309TJAXQFEHNZ4X4YC"}
2026-04-21T14:49:40.192655Z DEBUG matrix_sdk_crypto::olm::session: Successfully encrypted an event session=Session { session_id: "XdprmglgHKjj+7nV2nztrp+N3dZOSmXgQt4WPskhj6c", sending_ratchet: DoubleRatchet(ActiveDoubleRatchet { ratchet_count: 0, parent_ratchet_key: None, ratchet_key: RatchetPublicKey("curve25519:xtO02V4irmv42dFLgPQm8sTUBg8NGxx1G4JxdEAwcDI"), chain_index: 1, .. }), receiving_chains: [], config: SessionConfig { version: V1 }, .. } | crates/matrix-sdk-crypto/src/olm/session.rs:130 | spans: root > encrypt{recipient="@aktau:mertis.kz" recipient_device="W0zah3ACFg" recipient_key=Some("curve25519:q9g7Qd9LDJZTnL/2jpwT/W/2AANkEvscuFc2mOuXzVI") message_id="01KPR89D30QVGXWDJQ7Z45VPMG"}
2026-04-21T14:49:40.192693Z DEBUG matrix_sdk_crypto::olm::session: Successfully encrypted an event session=Session { session_id: "VR4+eRNCK5JMTWrQwfwNC5nBY2IqZQGUROC24U9ADqc", sending_ratchet: DoubleRatchet(ActiveDoubleRatchet { ratchet_count: 0, parent_ratchet_key: None, ratchet_key: RatchetPublicKey("curve25519:qVxn4hDr5Il+Y9UMvZYvyUy0qV4SDgEoji9SwDBlzlI"), chain_index: 1, .. }), receiving_chains: [], config: SessionConfig { version: V1 }, .. } | crates/matrix-sdk-crypto/src/olm/session.rs:130 | spans: root > encrypt{recipient="@aktau:mertis.kz" recipient_device="24201cxcg2" recipient_key=Some("curve25519:aCrijGR7Ydj1WaSvG0XeBfe+JllvWzFnDZYCdWBY7B0") message_id="01KPR89D2Z0EGNE06C7ZV4FZZ5"}
2026-04-21T14:49:40.192743Z DEBUG matrix_sdk_crypto::olm::session: Successfully encrypted an event session=Session { session_id: "8wQrGF7OCT/ZmS/KCX3LUHFuNA5X+oOMg2ul6A+vSuc", sending_ratchet: DoubleRatchet(ActiveDoubleRatchet { ratchet_count: 0, parent_ratchet_key: None, ratchet_key: RatchetPublicKey("curve25519:ohanKkNohRZiTZH7CH8Bo4riXHeWJ5Kcnla70PoZJkk"), chain_index: 1, .. }), receiving_chains: [], config: SessionConfig { version: V1 }, .. } | crates/matrix-sdk-crypto/src/olm/session.rs:130 | spans: root > encrypt{recipient="@aktau:mertis.kz" recipient_device="orJyJGvfRq" recipient_key=Some("curve25519:vkEm+E9Ha5mWDWb4Jjm1DWt5KtTscefZ9ySfYMGaJno") message_id="01KPR89D308R7AJFBKSE92BCDZ"}
2026-04-21T14:49:40.192759Z DEBUG matrix_sdk_crypto::olm::session: Successfully encrypted an event session=Session { session_id: "xbt4VxeBMiWXXCYbLlIYbSE7uBYie62iVLR4cpH5egE", sending_ratchet: DoubleRatchet(ActiveDoubleRatchet { ratchet_count: 0, parent_ratchet_key: None, ratchet_key: RatchetPublicKey("curve25519:fi3plIUqCPIC5UYzHVqfNX5AqDAMhg+r4PPNOxJHWl4"), chain_index: 1, .. }), receiving_chains: [], config: SessionConfig { version: V1 }, .. } | crates/matrix-sdk-crypto/src/olm/session.rs:130 | spans: root > encrypt{recipient="@aktau:mertis.kz" recipient_device="QsFyqwZl0e" recipient_key=Some("curve25519:StxpW0d7NmZWP2RrFboI8M3VYK8Nf8jDOsQtN5AMCQQ") message_id="01KPR89D30D9XHR8KXT7ZFG3WX"}
2026-04-21T14:49:40.193934Z  INFO matrix_sdk_crypto::session_manager::group_sessions: Created batch of to-device messages of type m.room.encrypted request_id="60d036a908b4452cafb637969e141ee8" message_list=[("01KPR89D2Z0EGNE06C7ZV4FZZ5", "@aktau:mertis.kz", "24201cxcg2"), ("01KPR89D306WRSFMHYD5WYQXHK", "@aktau:mertis.kz", "2fFRSN56EQ"), ("01KPR89D2ZCG9RE5268WXJM8E7", "@aktau:mertis.kz", "36cVbvJbOz"), ("01KPR89D2XD1BV4PC1NXXHRM74", "@aktau:mertis.kz", "BWjaGLgBcL"), ("01KPR89D30P0X98E3HERKGJWP7", "@aktau:mertis.kz", "DhnVP1QJmW"), ("01KPR89D304KYFV1FPT6MFCB5H", "@aktau:mertis.kz", "FYktHikyZL"), ("01KPR89D30WQCSQZ8HVW2HGZSC", "@aktau:mertis.kz", "K8n2GhfVzf"), ("01KPR89D2XG1XTRNG03TV1GDKE", "@aktau:mertis.kz", "LNY5wGStRr"), ("01KPR89D2ZEA8S8NJCK6W92GRT", "@aktau:mertis.kz", "MLKdvAB3Hy"), ("01KPR89D2Z9E91W2TCEV0M80PG", "@aktau:mertis.kz", "QBux8Po03W"), ("01KPR89D30D9XHR8KXT7ZFG3WX", "@aktau:mertis.kz", "QsFyqwZl0e"), ("01KPR89D30REAWR0HXGPS9RN4S", "@aktau:mertis.kz", "SQStUlyD4C"), ("01KPR89D30QVGXWDJQ7Z45VPMG", "@aktau:mertis.kz", "W0zah3ACFg"), ("01KPR89D2XD36416S2ZCPXYFEH", "@aktau:mertis.kz", "WN5rnQytvy"), ("01KPR89D30YS2KKEKAPQK38TDW", "@aktau:mertis.kz", "WX3jZdbvMw"), ("01KPR89D30Z3B21BBCVJN9K5JS", "@aktau:mertis.kz", "WrU4iR5eBX"), ("01KPR89D2XJPPBS9A9KT0S6C4F", "@aktau:mertis.kz", "bhuGIeFJqq"), ("01KPR89D309TJAXQFEHNZ4X4YC", "@aktau:mertis.kz", "hUtqHiSq37"), ("01KPR89D30Q6STGDPQND1WCTJR", "@aktau:mertis.kz", "lDka92MiyF"), ("01KPR89D30J89Y5E94J71PBJ2V", "@aktau:mertis.kz", "m53ntGqSgq"), ("01KPR89D2XWS7CRQPJQ8104XJE", "@aktau:mertis.kz", "oqQ12dvZfP"), ("01KPR89D308R7AJFBKSE92BCDZ", "@aktau:mertis.kz", "orJyJGvfRq"), ("01KPR89D30VKBJ2H3FG4229D75", "@aktau:mertis.kz", "pqoil9GXqf"), ("01KPR89D2X93PJ22E6AK4ST0FJ", "@aktau:mertis.kz", "qoh9d6Fdof"), ("01KPR89D2XHFW3HGBJ6Z5TDCFJ", "@aktau:mertis.kz", "rUMY78WsAx"), ("01KPR89D2XTDT5DF53GG4CAQZJ", "@alm:mertis.kz", "ZSEpIs1eFo")] | crates/matrix-sdk-crypto/src/session_manager/group_sessions/mod.rs:630 | spans: root > send_raw{room_id="!gYUcaiXKlqrhQvYLpn:mertis.kz" transaction_id="31574c19e6d648a9a97365cb941d9c2e" is_room_encrypted=true} > preshare_room_key{room_id="!gYUcaiXKlqrhQvYLpn:mertis.kz" store_generation=2} > share_room_key > share_room_key{room_id="!gYUcaiXKlqrhQvYLpn:mertis.kz" session_id="xwuxgJ/UowFrNlEw9UkrgR0i8kUeg9wfgPCRZ4fUJDs"}
2026-04-21T14:49:40.198040Z DEBUG matrix_sdk::http_client::native: Sending request num_attempt=1 | crates/matrix-sdk/src/http_client/native.rs:78 | spans: root > send_raw{room_id="!gYUcaiXKlqrhQvYLpn:mertis.kz" transaction_id="31574c19e6d648a9a97365cb941d9c2e" is_room_encrypted=true} > preshare_room_key{room_id="!gYUcaiXKlqrhQvYLpn:mertis.kz" store_generation=2} > share_room_key > send{request_id="REQ-61" method=PUT uri="https://matrix.mertis.kz/_matrix/client/v3/sendToDevice/m.room.encrypted/60d036a908b4452cafb637969e141ee8" request_size="55.1k"}
2026-04-21T14:49:40.237203Z DEBUG matrix_sdk::http_client: Got response | crates/matrix-sdk/src/http_client/mod.rs:214 | spans: root > send_raw{room_id="!gYUcaiXKlqrhQvYLpn:mertis.kz" transaction_id="31574c19e6d648a9a97365cb941d9c2e" is_room_encrypted=true} > preshare_room_key{room_id="!gYUcaiXKlqrhQvYLpn:mertis.kz" store_generation=2} > share_room_key > send{request_id="REQ-61" method=PUT uri="https://matrix.mertis.kz/_matrix/client/v3/sendToDevice/m.room.encrypted/60d036a908b4452cafb637969e141ee8" request_size="55.1k" status=200 response_size="2B" request_duration=39.069417ms}
2026-04-21T14:49:40.237909Z  INFO matrix_sdk_crypto::olm::group_sessions::outbound: Marking to-device request carrying a room key or a withheld as sent request_id="60d036a908b4452cafb637969e141ee8" recipients={"@aktau:mertis.kz": {"24201cxcg2", "2fFRSN56EQ", "36cVbvJbOz", "BWjaGLgBcL", "DhnVP1QJmW", "FYktHikyZL", "K8n2GhfVzf", "LNY5wGStRr", "MLKdvAB3Hy", "QBux8Po03W", "QsFyqwZl0e", "SQStUlyD4C", "W0zah3ACFg", "WN5rnQytvy", "WX3jZdbvMw", "WrU4iR5eBX", "bhuGIeFJqq", "hUtqHiSq37", "lDka92MiyF", "m53ntGqSgq", "oqQ12dvZfP", "orJyJGvfRq", "pqoil9GXqf", "qoh9d6Fdof", "rUMY78WsAx"}, "@alm:mertis.kz": {"ZSEpIs1eFo"}} to_device.event_type="m.room.encrypted" | crates/matrix-sdk-crypto/src/olm/group_sessions/outbound.rs:457 | spans: root > send_raw{room_id="!gYUcaiXKlqrhQvYLpn:mertis.kz" transaction_id="31574c19e6d648a9a97365cb941d9c2e" is_room_encrypted=true} > preshare_room_key{room_id="!gYUcaiXKlqrhQvYLpn:mertis.kz" store_generation=2} > share_room_key
2026-04-21T14:49:40.238336Z DEBUG matrix_sdk_crypto::olm::group_sessions::outbound: All m.room_key and withheld to-device requests were sent out, marking session as shared. session_id="xwuxgJ/UowFrNlEw9UkrgR0i8kUeg9wfgPCRZ4fUJDs" room_id="!gYUcaiXKlqrhQvYLpn:mertis.kz" | crates/matrix-sdk-crypto/src/olm/group_sessions/outbound.rs:476 | spans: root > send_raw{room_id="!gYUcaiXKlqrhQvYLpn:mertis.kz" transaction_id="31574c19e6d648a9a97365cb941d9c2e" is_room_encrypted=true} > preshare_room_key{room_id="!gYUcaiXKlqrhQvYLpn:mertis.kz" store_generation=2} > share_room_key
2026-04-21T14:49:40.238580Z DEBUG matrix_sdk::http_client: Got response | crates/matrix-sdk/src/http_client/mod.rs:214 | spans: root > next_sync_with_lock{store_generation=2} > sync_once{conn_id="encryption" pos="0/s1052_6504_62_145_254_1_254_227_0_1_1_1" timeout=30000} > send{request_id="REQ-60" method=POST uri="https://matrix.mertis.kz/_matrix/client/unstable/org.matrix.simplified_msc3575/sync" request_size="106B" status=200 response_size="283B" request_duration=282.183ms}
2026-04-21T14:49:40.241378Z  WARN matrix_sdk_crypto::backups: Trying to backup room keys but no backup key was found | crates/matrix-sdk-crypto/src/backups/mod.rs:519 | spans: root
2026-04-21T14:49:40.241718Z DEBUG matrix_sdk::http_client::native: Sending request num_attempt=1 | crates/matrix-sdk/src/http_client/native.rs:78 | spans: root > send_raw{room_id="!gYUcaiXKlqrhQvYLpn:mertis.kz" transaction_id="31574c19e6d648a9a97365cb941d9c2e" is_room_encrypted=true} > send{request_id="REQ-62" method=PUT uri="https://matrix.mertis.kz/_matrix/client/v3/rooms/!gYUcaiXKlqrhQvYLpn:mertis.kz/send/m.room.encrypted/31574c19e6d648a9a97365cb941d9c2e" request_size="847B"}
2026-04-21T14:49:40.242035Z DEBUG matrix_sdk::http_client::native: Sending request num_attempt=1 | crates/matrix-sdk/src/http_client/native.rs:78 | spans: root > next_sync_with_lock{store_generation=2} > sync_once{conn_id="encryption" pos="0/s1052_6504_62_145_255_1_255_227_0_1_1_1" timeout=30000} > send{request_id="REQ-63" method=POST uri="https://matrix.mertis.kz/_matrix/client/unstable/org.matrix.simplified_msc3575/sync" request_size="106B"}
2026-04-21T14:49:40.242119Z DEBUG matrix_sdk_crypto::session_manager::sessions: Collected user/device pairs that are missing an Olm session missing_session_devices_by_user={} timed_out_devices_by_user={} | crates/matrix-sdk-crypto/src/session_manager/sessions.rs:285 | spans: root > next_sync_with_lock{store_generation=2} > sync_once{conn_id="encryption" pos="0/s1052_6504_62_145_255_1_255_227_0_1_1_1" timeout=30000} > send_outgoing_requests > get_missing_sessions
2026-04-21T14:49:40.404830Z DEBUG matrix_sdk::http_client: Got response | crates/matrix-sdk/src/http_client/mod.rs:214 | spans: root > next_sync_with_lock{store_generation=2} > sync_once{conn_id="encryption" pos="0/s1052_6504_62_145_255_1_255_227_0_1_1_1" timeout=30000} > send{request_id="REQ-63" method=POST uri="https://matrix.mertis.kz/_matrix/client/unstable/org.matrix.simplified_msc3575/sync" request_size="106B" status=200 response_size="283B" request_duration=162.614625ms}
2026-04-21T14:49:40.411531Z  WARN matrix_sdk_crypto::backups: Trying to backup room keys but no backup key was found | crates/matrix-sdk-crypto/src/backups/mod.rs:519 | spans: root
2026-04-21T14:49:40.412468Z DEBUG matrix_sdk::http_client::native: Sending request num_attempt=1 | crates/matrix-sdk/src/http_client/native.rs:78 | spans: root > next_sync_with_lock{store_generation=2} > sync_once{conn_id="encryption" pos="0/s1053_6504_62_145_255_1_255_227_0_1_1_1" timeout=30000} > send{request_id="REQ-64" method=POST uri="https://matrix.mertis.kz/_matrix/client/unstable/org.matrix.simplified_msc3575/sync" request_size="106B"}
2026-04-21T14:49:40.412568Z DEBUG matrix_sdk_crypto::session_manager::sessions: Collected user/device pairs that are missing an Olm session missing_session_devices_by_user={} timed_out_devices_by_user={} | crates/matrix-sdk-crypto/src/session_manager/sessions.rs:285 | spans: root > next_sync_with_lock{store_generation=2} > sync_once{conn_id="encryption" pos="0/s1053_6504_62_145_255_1_255_227_0_1_1_1" timeout=30000} > send_outgoing_requests > get_missing_sessions
2026-04-21T14:49:40.436801Z DEBUG matrix_sdk::http_client: Got response | crates/matrix-sdk/src/http_client/mod.rs:214 | spans: root > send_raw{room_id="!gYUcaiXKlqrhQvYLpn:mertis.kz" transaction_id="31574c19e6d648a9a97365cb941d9c2e" is_room_encrypted=true} > send{request_id="REQ-62" method=PUT uri="https://matrix.mertis.kz/_matrix/client/v3/rooms/!gYUcaiXKlqrhQvYLpn:mertis.kz/send/m.room.encrypted/31574c19e6d648a9a97365cb941d9c2e" request_size="847B" status=200 response_size="59B" request_duration=194.927458ms}
2026-04-21T14:49:40.436903Z  INFO matrix_sdk::room::futures: Sent event in room | crates/matrix-sdk/src/room/futures.rs:243 | spans: root > send_raw{room_id="!gYUcaiXKlqrhQvYLpn:mertis.kz" transaction_id="31574c19e6d648a9a97365cb941d9c2e" is_room_encrypted=true event_id="$BwJPcYcNQwRctJO-Kf0dHKUh2MYCHWZjsHMbjn-DPqg"}
2026-04-21T14:49:40.447960Z DEBUG matrix_sdk::http_client: Got response | crates/matrix-sdk/src/http_client/mod.rs:214 | spans: root > sync_once{conn_id="room-list" pos="562/s1052_6503_62_145_254_1_254_227_0_1_1_1" timeout=30000} > send{request_id="REQ-56" method=POST uri="https://matrix.mertis.kz/_matrix/client/unstable/org.matrix.simplified_msc3575/sync" request_size="1.2k" status=200 response_size="1.7k" request_duration=1.361447458s}
2026-04-21T14:49:40.456892Z DEBUG matrix_sdk_base::response_processors::account_data::global: Found direct room data in the Store, applying it | crates/matrix-sdk-base/src/response_processors/account_data/global.rs:147 | spans: root > sync_once{conn_id="room-list" pos="562/s1052_6503_62_145_254_1_254_227_0_1_1_1" timeout=30000} > handle_response
2026-04-21T14:49:40.458908Z  INFO elementx: Received room info update | JoinedRoomProxy.swift:147 | spans: root
2026-04-21T14:49:40.459977Z  INFO elementx: Received room info update | JoinedRoomProxy.swift:147 | spans: root
2026-04-21T14:49:40.460763Z  INFO elementx: Received room list update: running | ClientProxy.swift:1143 | spans: root
2026-04-21T14:49:40.461181Z DEBUG matrix_sdk::http_client::native: Sending request num_attempt=1 | crates/matrix-sdk/src/http_client/native.rs:78 | spans: root > sync_once{conn_id="room-list" pos="562/s1053_6504_62_145_255_1_255_227_0_1_1_1" timeout=30000} > send{request_id="REQ-65" method=POST uri="https://matrix.mertis.kz/_matrix/client/unstable/org.matrix.simplified_msc3575/sync" request_size="1.2k"}
2026-04-21T14:49:40.462784Z  INFO elementx: Received room info update | JoinedRoomProxy.swift:147 | spans: root
2026-04-21T14:49:40.466944Z ERROR elementx: Transaction not started or already finished | Signposter.swift:82 | spans: root
2026-04-21T14:49:40.474054Z ERROR elementx: Received background task early termination | ClientProxy.swift:247 | spans: root
2026-04-21T14:49:40.536863Z ERROR elementx: Accessed timeline item provider before subscribing for updates. | TimelineProxy.swift:32 | spans: root
2026-04-21T14:49:40.537189Z  INFO elementx: Sending read receipt for eventID: $BwJPcYcNQwRctJO-Kf0dHKUh2MYCHWZjsHMbjn-DPqg | TimelineProxy.swift:459 | spans: root
2026-04-21T14:49:40.537246Z  INFO elementx: Finished sending read receipt for eventID: $BwJPcYcNQwRctJO-Kf0dHKUh2MYCHWZjsHMbjn-DPqg | TimelineProxy.swift:463 | spans: root
2026-04-21T14:49:40.542666Z ERROR elementx: Accessed timeline item provider before subscribing for updates. | TimelineProxy.swift:32 | spans: root
2026-04-21T14:49:40.700496Z ERROR elementx: Accessed timeline item provider before subscribing for updates. | TimelineProxy.swift:32 | spans: root
2026-04-21T14:49:40.856524Z ERROR elementx: Accessed timeline item provider before subscribing for updates. | TimelineProxy.swift:32 | spans: root
2026-04-21T14:49:41.006891Z ERROR elementx: Accessed timeline item provider before subscribing for updates. | TimelineProxy.swift:32 | spans: root
2026-04-21T14:49:41.166567Z ERROR elementx: Accessed timeline item provider before subscribing for updates. | TimelineProxy.swift:32 | spans: root
2026-04-21T14:49:42.233925Z ERROR elementx: Accessed timeline item provider before subscribing for updates. | TimelineProxy.swift:32 | spans: root
2026-04-21T14:49:42.393824Z ERROR elementx: Accessed timeline item provider before subscribing for updates. | TimelineProxy.swift:32 | spans: root
2026-04-21T14:49:42.551988Z ERROR elementx: Accessed timeline item provider before subscribing for updates. | TimelineProxy.swift:32 | spans: root
2026-04-21T14:49:42.712886Z ERROR elementx: Accessed timeline item provider before subscribing for updates. | TimelineProxy.swift:32 | spans: root
2026-04-21T14:49:42.870852Z ERROR elementx: Accessed timeline item provider before subscribing for updates. | TimelineProxy.swift:32 | spans: root
2026-04-21T14:49:43.058220Z DEBUG matrix_sdk::http_client::native: Sending request num_attempt=1 | crates/matrix-sdk/src/http_client/native.rs:78 | spans: root > send{request_id="REQ-66" method=POST uri="https://matrix.mertis.kz/_matrix/client/unstable/org.matrix.msc4140/delayed_events/syd_DKrkaiEccthScKBthKLz" request_size="20B"}
2026-04-21T14:49:43.075808Z DEBUG matrix_sdk::http_client: Got response | crates/matrix-sdk/src/http_client/mod.rs:214 | spans: root > send{request_id="REQ-66" method=POST uri="https://matrix.mertis.kz/_matrix/client/unstable/org.matrix.msc4140/delayed_events/syd_DKrkaiEccthScKBthKLz" request_size="20B" status=200 response_size="2B" request_duration=17.544333ms}
2026-04-21T14:49:43.927854Z ERROR elementx: Accessed timeline item provider before subscribing for updates. | TimelineProxy.swift:32 | spans: root
2026-04-21T14:49:44.079532Z ERROR elementx: Accessed timeline item provider before subscribing for updates. | TimelineProxy.swift:32 | spans: root
2026-04-21T14:49:44.224558Z DEBUG matrix_sdk::http_client: Got response | crates/matrix-sdk/src/http_client/mod.rs:214 | spans: root > next_sync_with_lock{store_generation=2} > sync_once{conn_id="encryption" pos="0/s1053_6504_62_145_255_1_255_227_0_1_1_1" timeout=30000} > send{request_id="REQ-64" method=POST uri="https://matrix.mertis.kz/_matrix/client/unstable/org.matrix.simplified_msc3575/sync" request_size="106B" status=200 response_size="283B" request_duration=3.811987334s}
2026-04-21T14:49:44.227517Z DEBUG matrix_sdk::http_client: Got response | crates/matrix-sdk/src/http_client/mod.rs:214 | spans: root > sync_once{conn_id="room-list" pos="562/s1053_6504_62_145_255_1_255_227_0_1_1_1" timeout=30000} > send{request_id="REQ-65" method=POST uri="https://matrix.mertis.kz/_matrix/client/unstable/org.matrix.simplified_msc3575/sync" request_size="1.2k" status=200 response_size="538B" request_duration=3.766217458s}
2026-04-21T14:49:44.228203Z  WARN matrix_sdk_crypto::backups: Trying to backup room keys but no backup key was found | crates/matrix-sdk-crypto/src/backups/mod.rs:519 | spans: root
2026-04-21T14:49:44.228831Z DEBUG matrix_sdk_base::response_processors::account_data::global: Found direct room data in the Store, applying it | crates/matrix-sdk-base/src/response_processors/account_data/global.rs:147 | spans: root > sync_once{conn_id="room-list" pos="562/s1053_6504_62_145_255_1_255_227_0_1_1_1" timeout=30000} > handle_response
2026-04-21T14:49:44.229658Z DEBUG matrix_sdk::http_client::native: Sending request num_attempt=1 | crates/matrix-sdk/src/http_client/native.rs:78 | spans: root > next_sync_with_lock{store_generation=2} > sync_once{conn_id="encryption" pos="0/s1053_6504_62_146_255_1_255_227_0_1_1_1" timeout=30000} > send{request_id="REQ-67" method=POST uri="https://matrix.mertis.kz/_matrix/client/unstable/org.matrix.simplified_msc3575/sync" request_size="106B"}
2026-04-21T14:49:44.229768Z DEBUG matrix_sdk_crypto::session_manager::sessions: Collected user/device pairs that are missing an Olm session missing_session_devices_by_user={} timed_out_devices_by_user={} | crates/matrix-sdk-crypto/src/session_manager/sessions.rs:285 | spans: root > next_sync_with_lock{store_generation=2} > sync_once{conn_id="encryption" pos="0/s1053_6504_62_146_255_1_255_227_0_1_1_1" timeout=30000} > send_outgoing_requests > get_missing_sessions
2026-04-21T14:49:44.231162Z  INFO elementx: Received room list update: running | ClientProxy.swift:1143 | spans: root
2026-04-21T14:49:44.232287Z DEBUG matrix_sdk::http_client::native: Sending request num_attempt=1 | crates/matrix-sdk/src/http_client/native.rs:78 | spans: root > sync_once{conn_id="room-list" pos="562/s1053_6504_62_146_255_1_255_227_0_1_1_1" timeout=30000} > send{request_id="REQ-68" method=POST uri="https://matrix.mertis.kz/_matrix/client/unstable/org.matrix.simplified_msc3575/sync" request_size="1.2k"}
2026-04-21T14:49:44.235394Z ERROR elementx: Accessed timeline item provider before subscribing for updates. | TimelineProxy.swift:32 | spans: root
2026-04-21T14:49:44.395598Z ERROR elementx: Accessed timeline item provider before subscribing for updates. | TimelineProxy.swift:32 | spans: root
2026-04-21T14:49:44.551668Z ERROR elementx: Accessed timeline item provider before subscribing for updates. | TimelineProxy.swift:32 | spans: root
2026-04-21T14:49:45.592991Z ERROR elementx: Accessed timeline item provider before subscribing for updates. | TimelineProxy.swift:32 | spans: root
2026-04-21T14:49:45.751271Z ERROR elementx: Accessed timeline item provider before subscribing for updates. | TimelineProxy.swift:32 | spans: root
2026-04-21T14:49:45.907559Z ERROR elementx: Accessed timeline item provider before subscribing for updates. | TimelineProxy.swift:32 | spans: root
2026-04-21T14:49:46.068476Z ERROR elementx: Accessed timeline item provider before subscribing for updates. | TimelineProxy.swift:32 | spans: root
2026-04-21T14:49:46.223286Z ERROR elementx: Accessed timeline item provider before subscribing for updates. | TimelineProxy.swift:32 | spans: root
2026-04-21T14:49:47.079789Z DEBUG matrix_sdk::http_client::native: Sending request num_attempt=1 | crates/matrix-sdk/src/http_client/native.rs:78 | spans: root > send{request_id="REQ-69" method=POST uri="https://matrix.mertis.kz/_matrix/client/unstable/org.matrix.msc4140/delayed_events/syd_DKrkaiEccthScKBthKLz" request_size="20B"}
2026-04-21T14:49:47.093602Z DEBUG matrix_sdk::http_client: Got response | crates/matrix-sdk/src/http_client/mod.rs:214 | spans: root > send{request_id="REQ-69" method=POST uri="https://matrix.mertis.kz/_matrix/client/unstable/org.matrix.msc4140/delayed_events/syd_DKrkaiEccthScKBthKLz" request_size="20B" status=200 response_size="2B" request_duration=13.586208ms}
2026-04-21T14:49:47.234643Z ERROR elementx: Accessed timeline item provider before subscribing for updates. | TimelineProxy.swift:32 | spans: root
2026-04-21T14:49:47.392736Z ERROR elementx: Accessed timeline item provider before subscribing for updates. | TimelineProxy.swift:32 | spans: root
2026-04-21T14:49:47.546501Z ERROR elementx: Accessed timeline item provider before subscribing for updates. | TimelineProxy.swift:32 | spans: root
2026-04-21T14:49:47.707046Z ERROR elementx: Accessed timeline item provider before subscribing for updates. | TimelineProxy.swift:32 | spans: root
2026-04-21T14:49:47.859392Z ERROR elementx: Accessed timeline item provider before subscribing for updates. | TimelineProxy.swift:32 | spans: root
2026-04-21T14:49:48.923825Z ERROR elementx: Accessed timeline item provider before subscribing for updates. | TimelineProxy.swift:32 | spans: root
2026-04-21T14:49:49.079670Z ERROR elementx: Accessed timeline item provider before subscribing for updates. | TimelineProxy.swift:32 | spans: root
2026-04-21T14:49:49.232876Z ERROR elementx: Accessed timeline item provider before subscribing for updates. | TimelineProxy.swift:32 | spans: root
2026-04-21T14:49:49.384052Z ERROR elementx: Accessed timeline item provider before subscribing for updates. | TimelineProxy.swift:32 | spans: root
2026-04-21T14:49:49.534811Z ERROR elementx: Accessed timeline item provider before subscribing for updates. | TimelineProxy.swift:32 | spans: root
2026-04-21T14:49:50.583403Z ERROR elementx: Accessed timeline item provider before subscribing for updates. | TimelineProxy.swift:32 | spans: root
2026-04-21T14:49:50.734467Z ERROR elementx: Accessed timeline item provider before subscribing for updates. | TimelineProxy.swift:32 | spans: root
2026-04-21T14:49:50.894964Z ERROR elementx: Accessed timeline item provider before subscribing for updates. | TimelineProxy.swift:32 | spans: root
2026-04-21T14:49:51.048251Z ERROR elementx: Accessed timeline item provider before subscribing for updates. | TimelineProxy.swift:32 | spans: root
2026-04-21T14:49:51.105029Z DEBUG matrix_sdk::http_client::native: Sending request num_attempt=1 | crates/matrix-sdk/src/http_client/native.rs:78 | spans: root > send{request_id="REQ-70" method=POST uri="https://matrix.mertis.kz/_matrix/client/unstable/org.matrix.msc4140/delayed_events/syd_DKrkaiEccthScKBthKLz" request_size="20B"}
2026-04-21T14:49:51.134720Z DEBUG matrix_sdk::http_client: Got response | crates/matrix-sdk/src/http_client/mod.rs:214 | spans: root > send{request_id="REQ-70" method=POST uri="https://matrix.mertis.kz/_matrix/client/unstable/org.matrix.msc4140/delayed_events/syd_DKrkaiEccthScKBthKLz" request_size="20B" status=200 response_size="2B" request_duration=29.461458ms}
2026-04-21T14:49:51.207022Z ERROR elementx: Accessed timeline item provider before subscribing for updates. | TimelineProxy.swift:32 | spans: root
2026-04-21T14:49:51.567347Z DEBUG matrix_sdk::http_client: Got response | crates/matrix-sdk/src/http_client/mod.rs:214 | spans: root > next_sync_with_lock{store_generation=2} > sync_once{conn_id="encryption" pos="0/s1053_6504_62_146_255_1_255_227_0_1_1_1" timeout=30000} > send{request_id="REQ-67" method=POST uri="https://matrix.mertis.kz/_matrix/client/unstable/org.matrix.simplified_msc3575/sync" request_size="106B" status=200 response_size="283B" request_duration=7.336631208s}
2026-04-21T14:49:51.574093Z  WARN matrix_sdk_crypto::backups: Trying to backup room keys but no backup key was found | crates/matrix-sdk-crypto/src/backups/mod.rs:519 | spans: root
2026-04-21T14:49:51.575529Z DEBUG matrix_sdk::http_client::native: Sending request num_attempt=1 | crates/matrix-sdk/src/http_client/native.rs:78 | spans: root > next_sync_with_lock{store_generation=2} > sync_once{conn_id="encryption" pos="0/s1054_6504_62_146_255_1_255_227_0_1_1_1" timeout=30000} > send{request_id="REQ-71" method=POST uri="https://matrix.mertis.kz/_matrix/client/unstable/org.matrix.simplified_msc3575/sync" request_size="106B"}
2026-04-21T14:49:51.575668Z DEBUG matrix_sdk_crypto::session_manager::sessions: Collected user/device pairs that are missing an Olm session missing_session_devices_by_user={} timed_out_devices_by_user={} | crates/matrix-sdk-crypto/src/session_manager/sessions.rs:285 | spans: root > next_sync_with_lock{store_generation=2} > sync_once{conn_id="encryption" pos="0/s1054_6504_62_146_255_1_255_227_0_1_1_1" timeout=30000} > send_outgoing_requests > get_missing_sessions
2026-04-21T14:49:51.689292Z DEBUG matrix_sdk::http_client: Got response | crates/matrix-sdk/src/http_client/mod.rs:214 | spans: root > sync_once{conn_id="room-list" pos="562/s1053_6504_62_146_255_1_255_227_0_1_1_1" timeout=30000} > send{request_id="REQ-68" method=POST uri="https://matrix.mertis.kz/_matrix/client/unstable/org.matrix.simplified_msc3575/sync" request_size="1.2k" status=200 response_size="1.9k" request_duration=7.455279084s}
2026-04-21T14:49:51.694828Z DEBUG matrix_sdk_base::response_processors::account_data::global: Found direct room data in the Store, applying it | crates/matrix-sdk-base/src/response_processors/account_data/global.rs:147 | spans: root > sync_once{conn_id="room-list" pos="562/s1053_6504_62_146_255_1_255_227_0_1_1_1" timeout=30000} > handle_response
2026-04-21T14:49:51.696232Z  INFO elementx: Received room info update | JoinedRoomProxy.swift:147 | spans: root
2026-04-21T14:49:51.698594Z  INFO elementx: Received room list update: running | ClientProxy.swift:1143 | spans: root
2026-04-21T14:49:51.698728Z DEBUG matrix_sdk::http_client::native: Sending request num_attempt=1 | crates/matrix-sdk/src/http_client/native.rs:78 | spans: root > sync_once{conn_id="room-list" pos="562/s1054_6504_62_146_255_1_255_227_0_1_1_1" timeout=30000} > send{request_id="REQ-72" method=POST uri="https://matrix.mertis.kz/_matrix/client/unstable/org.matrix.simplified_msc3575/sync" request_size="1.2k"}
2026-04-21T14:49:51.705057Z  INFO elementx: Received room info update | JoinedRoomProxy.swift:147 | spans: root
2026-04-21T14:49:51.706632Z ERROR elementx: Received background task early termination | ClientProxy.swift:247 | spans: root
2026-04-21T14:49:51.706761Z ERROR elementx: Received background task early termination | ClientProxy.swift:247 | spans: root
2026-04-21T14:49:51.706958Z ERROR elementx: Received background task early termination | ClientProxy.swift:247 | spans: root
2026-04-21T14:49:51.714234Z ERROR elementx: Received background task early termination | ClientProxy.swift:247 | spans: root
2026-04-21T14:49:51.714360Z ERROR elementx: Received background task early termination | ClientProxy.swift:247 | spans: root
2026-04-21T14:49:51.763844Z DEBUG matrix_sdk_crypto::session_manager::sessions: Collected user/device pairs that are missing an Olm session missing_session_devices_by_user={} timed_out_devices_by_user={} | crates/matrix-sdk-crypto/src/session_manager/sessions.rs:285 | spans: root > get_missing_sessions
2026-04-21T14:49:51.764512Z  INFO matrix_sdk_crypto::session_manager::group_sessions: Encrypting content of type io.element.call.encryption_keys recipients={"@alm:mertis.kz": {"ZSEpIs1eFo"}} | crates/matrix-sdk-crypto/src/session_manager/group_sessions/mod.rs:892 | spans: root
2026-04-21T14:49:51.767194Z DEBUG matrix_sdk_crypto::olm::session: Successfully encrypted an event session=Session { session_id: "IzRhrd5/gmT18vQEycCENWrFebybi6pD1CGfwPM3ubo", sending_ratchet: DoubleRatchet(ActiveDoubleRatchet { ratchet_count: 0, parent_ratchet_key: None, ratchet_key: RatchetPublicKey("curve25519:u+ApwkSfq/p4dZXa7h0/bIpb9uXrBWdfSTeb3e9qLjM"), chain_index: 2, .. }), receiving_chains: [], config: SessionConfig { version: V1 }, .. } | crates/matrix-sdk-crypto/src/olm/session.rs:130 | spans: root > encrypt{recipient="@alm:mertis.kz" recipient_device="ZSEpIs1eFo" recipient_key=Some("curve25519:CvmUjKI/SB+ISUMqblZFRRXWzLcayd+rAU+R5uLaUGE") message_id="01KPR89RCNHK5WY98VHD5W0563"}
2026-04-21T14:49:51.771759Z DEBUG matrix_sdk::http_client::native: Sending request num_attempt=1 | crates/matrix-sdk/src/http_client/native.rs:78 | spans: root > send{request_id="REQ-73" method=PUT uri="https://matrix.mertis.kz/_matrix/client/v3/sendToDevice/m.room.encrypted/7955068b2f9447c2b7df9fc573dcf46e" request_size="1.9k"}
2026-04-21T14:49:51.864049Z DEBUG matrix_sdk::http_client: Got response | crates/matrix-sdk/src/http_client/mod.rs:214 | spans: root > send{request_id="REQ-73" method=PUT uri="https://matrix.mertis.kz/_matrix/client/v3/sendToDevice/m.room.encrypted/7955068b2f9447c2b7df9fc573dcf46e" request_size="1.9k" status=200 response_size="2B" request_duration=92.202417ms}
2026-04-21T14:49:52.234621Z ERROR elementx: Accessed timeline item provider before subscribing for updates. | TimelineProxy.swift:32 | spans: root
2026-04-21T14:49:52.387370Z ERROR elementx: Accessed timeline item provider before subscribing for updates. | TimelineProxy.swift:32 | spans: root
2026-04-21T14:49:52.437201Z DEBUG matrix_sdk::http_client: Got response | crates/matrix-sdk/src/http_client/mod.rs:214 | spans: root > next_sync_with_lock{store_generation=2} > sync_once{conn_id="encryption" pos="0/s1054_6504_62_146_255_1_255_227_0_1_1_1" timeout=30000} > send{request_id="REQ-71" method=POST uri="https://matrix.mertis.kz/_matrix/client/unstable/org.matrix.simplified_msc3575/sync" request_size="106B" status=200 response_size="2.0k" request_duration=861.39675ms}
2026-04-21T14:49:52.437576Z DEBUG matrix_sdk_crypto::machine: Received a to-device event | crates/matrix-sdk-crypto/src/machine/mod.rs:1543 | spans: root > next_sync_with_lock{store_generation=2} > sync_once{conn_id="encryption" pos="0/s1054_6504_62_146_255_1_255_227_0_1_1_1" timeout=30000} > handle_response > receive_sync_changes > receive_to_device_event{sender="@alm:mertis.kz" event_type="m.room.encrypted" message_id="01KPR89S0WAJ5HMZZXN4EBQ7R5"}
2026-04-21T14:49:52.437656Z TRACE matrix_sdk_crypto::olm::account: Decrypting a to-device event | crates/matrix-sdk-crypto/src/olm/account.rs:1255 | spans: root > next_sync_with_lock{store_generation=2} > sync_once{conn_id="encryption" pos="0/s1054_6504_62_146_255_1_255_227_0_1_1_1" timeout=30000} > handle_response > receive_sync_changes > receive_to_device_event{sender="@alm:mertis.kz" event_type="m.room.encrypted" message_id="01KPR89S0WAJ5HMZZXN4EBQ7R5"} > decrypt_to_device_event{algorithm="m.olm.v1.curve25519-aes-sha2"}
2026-04-21T14:49:52.438035Z DEBUG matrix_sdk_crypto::olm::session: Decrypted an Olm message session=Session { session_id: "IzRhrd5/gmT18vQEycCENWrFebybi6pD1CGfwPM3ubo", sending_ratchet: DoubleRatchet(InactiveDoubleRatchet { ratchet_count: 1, ratchet_key: "curve25519:KpNTvAIeVvL1zDX0R6746im5dIuXmAFHhTWx/FSb2ww", .. }), receiving_chains: [ReceiverChain { ratchet_count: 1, ratchet_key: "curve25519:KpNTvAIeVvL1zDX0R6746im5dIuXmAFHhTWx/FSb2ww", chain_index: 1, skipped_message_keys: [], .. }], config: SessionConfig { version: V1 }, .. } | crates/matrix-sdk-crypto/src/olm/session.rs:86 | spans: root > next_sync_with_lock{store_generation=2} > sync_once{conn_id="encryption" pos="0/s1054_6504_62_146_255_1_255_227_0_1_1_1" timeout=30000} > handle_response > receive_sync_changes > receive_to_device_event{sender="@alm:mertis.kz" event_type="m.room.encrypted" message_id="01KPR89S0WAJ5HMZZXN4EBQ7R5"} > decrypt_to_device_event{algorithm="m.olm.v1.curve25519-aes-sha2"} > decrypt_olm_v1{sender_key="curve25519:CvmUjKI/SB+ISUMqblZFRRXWzLcayd+rAU+R5uLaUGE"} > decrypt_and_parse_olm_message{sender="@alm:mertis.kz" sender_key="curve25519:CvmUjKI/SB+ISUMqblZFRRXWzLcayd+rAU+R5uLaUGE" Normal(Message { version: 3, ratchet_key: "curve25519:KpNTvAIeVvL1zDX0R6746im5dIuXmAFHhTWx/FSb2ww", chain_index: 0, .. }) decryption_settings=DecryptionSettings { sender_device_trust_requirement: Untrusted } session_id="IzRhrd5/gmT18vQEycCENWrFebybi6pD1CGfwPM3ubo"}
2026-04-21T14:49:52.438104Z TRACE matrix_sdk_crypto::olm::account: Successfully decrypted an Olm message | crates/matrix-sdk-crypto/src/olm/account.rs:1430 | spans: root > next_sync_with_lock{store_generation=2} > sync_once{conn_id="encryption" pos="0/s1054_6504_62_146_255_1_255_227_0_1_1_1" timeout=30000} > handle_response > receive_sync_changes > receive_to_device_event{sender="@alm:mertis.kz" event_type="m.room.encrypted" message_id="01KPR89S0WAJ5HMZZXN4EBQ7R5"} > decrypt_to_device_event{algorithm="m.olm.v1.curve25519-aes-sha2"} > decrypt_olm_v1{sender_key="curve25519:CvmUjKI/SB+ISUMqblZFRRXWzLcayd+rAU+R5uLaUGE"} > decrypt_and_parse_olm_message{sender="@alm:mertis.kz" sender_key="curve25519:CvmUjKI/SB+ISUMqblZFRRXWzLcayd+rAU+R5uLaUGE" Normal(Message { version: 3, ratchet_key: "curve25519:KpNTvAIeVvL1zDX0R6746im5dIuXmAFHhTWx/FSb2ww", chain_index: 0, .. }) decryption_settings=DecryptionSettings { sender_device_trust_requirement: Untrusted } session_id="IzRhrd5/gmT18vQEycCENWrFebybi6pD1CGfwPM3ubo"}
2026-04-21T14:49:52.439259Z TRACE matrix_sdk_crypto::olm::account: check_to_device_sender_trust_requirement verification_state=Unverified(UnsignedDevice) trust_requirement=Untrusted | crates/matrix-sdk-crypto/src/olm/account.rs:1877 | spans: root > next_sync_with_lock{store_generation=2} > sync_once{conn_id="encryption" pos="0/s1054_6504_62_146_255_1_255_227_0_1_1_1" timeout=30000} > handle_response > receive_sync_changes > receive_to_device_event{sender="@alm:mertis.kz" event_type="m.room.encrypted" message_id="01KPR89S0WAJ5HMZZXN4EBQ7R5"} > decrypt_to_device_event{algorithm="m.olm.v1.curve25519-aes-sha2"} > decrypt_olm_v1{sender_key="curve25519:CvmUjKI/SB+ISUMqblZFRRXWzLcayd+rAU+R5uLaUGE"} > decrypt_and_parse_olm_message{sender="@alm:mertis.kz" sender_key="curve25519:CvmUjKI/SB+ISUMqblZFRRXWzLcayd+rAU+R5uLaUGE" Normal(Message { version: 3, ratchet_key: "curve25519:KpNTvAIeVvL1zDX0R6746im5dIuXmAFHhTWx/FSb2ww", chain_index: 0, .. }) decryption_settings=DecryptionSettings { sender_device_trust_requirement: Untrusted } session_id="IzRhrd5/gmT18vQEycCENWrFebybi6pD1CGfwPM3ubo"}
2026-04-21T14:49:52.439917Z DEBUG matrix_sdk_crypto::machine: Received a decrypted to-device event sender_device_keys=(Some("curve25519:CvmUjKI/SB+ISUMqblZFRRXWzLcayd+rAU+R5uLaUGE"), Some("ed25519:J9T8A/466YesZMJ45YYV6y/MWPrZLgOEZSXPNI68s3k")) | crates/matrix-sdk-crypto/src/machine/mod.rs:1361 | spans: root > next_sync_with_lock{store_generation=2} > sync_once{conn_id="encryption" pos="0/s1054_6504_62_146_255_1_255_227_0_1_1_1" timeout=30000} > handle_response > receive_sync_changes > receive_to_device_event{sender="@alm:mertis.kz" event_type="m.room.encrypted" message_id="01KPR89S0WAJ5HMZZXN4EBQ7R5"} > handle_decrypted_to_device_event{sender_key="curve25519:CvmUjKI/SB+ISUMqblZFRRXWzLcayd+rAU+R5uLaUGE" event_type="io.element.call.encryption_keys"}
2026-04-21T14:49:52.439961Z  WARN matrix_sdk_crypto::machine: Received an unexpected encrypted to-device event | crates/matrix-sdk-crypto/src/machine/mod.rs:1413 | spans: root > next_sync_with_lock{store_generation=2} > sync_once{conn_id="encryption" pos="0/s1054_6504_62_146_255_1_255_227_0_1_1_1" timeout=30000} > handle_response > receive_sync_changes > receive_to_device_event{sender="@alm:mertis.kz" event_type="m.room.encrypted" message_id="01KPR89S0WAJ5HMZZXN4EBQ7R5"} > handle_decrypted_to_device_event{sender_key="curve25519:CvmUjKI/SB+ISUMqblZFRRXWzLcayd+rAU+R5uLaUGE" event_type="io.element.call.encryption_keys"}
2026-04-21T14:49:52.446780Z  WARN matrix_sdk_crypto::backups: Trying to backup room keys but no backup key was found | crates/matrix-sdk-crypto/src/backups/mod.rs:519 | spans: root
2026-04-21T14:49:52.447747Z DEBUG matrix_sdk::http_client::native: Sending request num_attempt=1 | crates/matrix-sdk/src/http_client/native.rs:78 | spans: root > next_sync_with_lock{store_generation=2} > sync_once{conn_id="encryption" pos="0/s1054_6504_62_146_255_1_257_227_0_1_1_1" timeout=30000} > send{request_id="REQ-74" method=POST uri="https://matrix.mertis.kz/_matrix/client/unstable/org.matrix.simplified_msc3575/sync" request_size="106B"}
2026-04-21T14:49:52.447883Z DEBUG matrix_sdk_crypto::session_manager::sessions: Collected user/device pairs that are missing an Olm session missing_session_devices_by_user={} timed_out_devices_by_user={} | crates/matrix-sdk-crypto/src/session_manager/sessions.rs:285 | spans: root > next_sync_with_lock{store_generation=2} > sync_once{conn_id="encryption" pos="0/s1054_6504_62_146_255_1_257_227_0_1_1_1" timeout=30000} > send_outgoing_requests > get_missing_sessions
2026-04-21T14:49:52.547838Z ERROR elementx: Accessed timeline item provider before subscribing for updates. | TimelineProxy.swift:32 | spans: root
2026-04-21T14:49:52.703794Z ERROR elementx: Accessed timeline item provider before subscribing for updates. | TimelineProxy.swift:32 | spans: root
2026-04-21T14:49:52.864014Z ERROR elementx: Accessed timeline item provider before subscribing for updates. | TimelineProxy.swift:32 | spans: root
2026-04-21T14:49:53.923751Z ERROR elementx: Accessed timeline item provider before subscribing for updates. | TimelineProxy.swift:32 | spans: root
2026-04-21T14:49:54.080247Z ERROR elementx: Accessed timeline item provider before subscribing for updates. | TimelineProxy.swift:32 | spans: root
2026-04-21T14:49:54.231173Z ERROR elementx: Accessed timeline item provider before subscribing for updates. | TimelineProxy.swift:32 | spans: root
2026-04-21T14:49:54.381808Z ERROR elementx: Accessed timeline item provider before subscribing for updates. | TimelineProxy.swift:32 | spans: root
2026-04-21T14:49:54.534489Z ERROR elementx: Accessed timeline item provider before subscribing for updates. | TimelineProxy.swift:32 | spans: root
2026-04-21T14:49:55.142903Z DEBUG matrix_sdk::http_client::native: Sending request num_attempt=1 | crates/matrix-sdk/src/http_client/native.rs:78 | spans: root > send{request_id="REQ-75" method=POST uri="https://matrix.mertis.kz/_matrix/client/unstable/org.matrix.msc4140/delayed_events/syd_DKrkaiEccthScKBthKLz" request_size="20B"}
2026-04-21T14:49:55.158180Z DEBUG matrix_sdk::http_client: Got response | crates/matrix-sdk/src/http_client/mod.rs:214 | spans: root > send{request_id="REQ-75" method=POST uri="https://matrix.mertis.kz/_matrix/client/unstable/org.matrix.msc4140/delayed_events/syd_DKrkaiEccthScKBthKLz" request_size="20B" status=200 response_size="2B" request_duration=15.080334ms}
2026-04-21T14:49:55.601937Z ERROR elementx: Accessed timeline item provider before subscribing for updates. | TimelineProxy.swift:32 | spans: root
2026-04-21T14:49:55.757305Z ERROR elementx: Accessed timeline item provider before subscribing for updates. | TimelineProxy.swift:32 | spans: root
2026-04-21T14:49:55.912852Z ERROR elementx: Accessed timeline item provider before subscribing for updates. | TimelineProxy.swift:32 | spans: root
2026-04-21T14:49:56.065893Z ERROR elementx: Accessed timeline item provider before subscribing for updates. | TimelineProxy.swift:32 | spans: root
2026-04-21T14:49:56.225942Z ERROR elementx: Accessed timeline item provider before subscribing for updates. | TimelineProxy.swift:32 | spans: root
2026-04-21T14:49:57.235076Z ERROR elementx: Accessed timeline item provider before subscribing for updates. | TimelineProxy.swift:32 | spans: root
2026-04-21T14:49:57.395842Z ERROR elementx: Accessed timeline item provider before subscribing for updates. | TimelineProxy.swift:32 | spans: root
2026-04-21T14:49:57.556380Z ERROR elementx: Accessed timeline item provider before subscribing for updates. | TimelineProxy.swift:32 | spans: root
2026-04-21T14:49:57.714006Z ERROR elementx: Accessed timeline item provider before subscribing for updates. | TimelineProxy.swift:32 | spans: root
2026-04-21T14:49:57.865208Z ERROR elementx: Accessed timeline item provider before subscribing for updates. | TimelineProxy.swift:32 | spans: root
2026-04-21T14:49:58.148425Z  INFO elementx: [CALL-END-TRACE][LOCAL-END-ENTRY] room_id=!gYUcaiXKlqrhQvYLpn:mertis.kz local_trace_id=E34147CF-7D61-4305-AF73-A0504E2B16A8 widget_id=DC2E48E2-EC4D-4665-A904-764747F8DEF8 callkit_id=unknown source=end_button | CallScreenViewModel.swift:189 | spans: root
2026-04-21T14:49:58.150721Z  INFO elementx: Call session 753610C0-D6FF-48FD-BE82-F6CF4BF65240 transition outgoing_ringing -> cancelled on hangup | ElementCallService.swift:945 | spans: root
2026-04-21T14:49:58.157414Z ERROR matrix_sdk::widget::machine: couldn't deserialize incoming widget message: missing field `response` at line 1 column 157 | crates/matrix-sdk/src/widget/machine/mod.rs:251 | spans: root
2026-04-21T14:49:58.159518Z  INFO elementx: [CALL-END-TRACE][UI-DISMISS-REQUEST] room_id=!gYUcaiXKlqrhQvYLpn:mertis.kz local_trace_id=unknown widget_id=unknown callkit_id=unknown | UserSessionFlowCoordinator.swift:608 | spans: root
2026-04-21T14:49:58.159772Z  INFO elementx: [CALL-END-TRACE][UI-COORDINATOR-CLOSED] room_id=!gYUcaiXKlqrhQvYLpn:mertis.kz local_trace_id=E34147CF-7D61-4305-AF73-A0504E2B16A8 widget_id=DC2E48E2-EC4D-4665-A904-764747F8DEF8 callkit_id=unknown | CallScreenViewModel.swift:208 | spans: root
2026-04-21T14:49:58.161878Z  INFO elementx: [CALL-END-TRACE][LOCAL-END-SEND] room_id=!gYUcaiXKlqrhQvYLpn:mertis.kz local_trace_id=E34147CF-7D61-4305-AF73-A0504E2B16A8 widget_id=DC2E48E2-EC4D-4665-A904-764747F8DEF8 callkit_id=unknown widget_hangup_sent=true waiting_for_remote_dismiss=true | CallScreenViewModel.swift:545 | spans: root
2026-04-21T14:50:03.705267Z DEBUG matrix_sdk::http_client::native: Sending request num_attempt=1 | crates/matrix-sdk/src/http_client/native.rs:78 | spans: root > send{request_id="REQ-76" method=GET uri="https://matrix.mertis.kz/_matrix/client/v3/profile/@aktau:mertis.kz"}
2026-04-21T14:50:03.710133Z DEBUG matrix_sdk::http_client: Got response | crates/matrix-sdk/src/http_client/mod.rs:214 | spans: root > send{request_id="REQ-76" method=GET uri="https://matrix.mertis.kz/_matrix/client/v3/profile/@aktau:mertis.kz" status=200 response_size="23B" request_duration=2.929583ms}
2026-04-21T14:50:03.711680Z  INFO elementx: Call session 717307CC-50F3-4EE0-BE28-26989FB8E709 transition idle -> outgoing_ringing on invite | ElementCallService.swift:945 | spans: root
2026-04-21T14:50:03.717483Z ERROR elementx: Transaction not started or already finished | Signposter.swift:82 | spans: root
2026-04-21T14:50:03.731250Z ERROR elementx: Received background task early termination | ClientProxy.swift:247 | spans: root
2026-04-21T14:50:03.744194Z ERROR elementx: Accessed timeline item provider before subscribing for updates. | TimelineProxy.swift:32 | spans: root
2026-04-21T14:50:03.747107Z ERROR elementx: Accessed timeline item provider before subscribing for updates. | TimelineProxy.swift:32 | spans: root
2026-04-21T14:50:03.747376Z ERROR elementx: Transaction not started or already finished | Signposter.swift:82 | spans: root
2026-04-21T14:50:03.749042Z ERROR elementx: Received background task early termination | ClientProxy.swift:247 | spans: root
2026-04-21T14:50:03.752472Z ERROR elementx: Accessed timeline item provider before subscribing for updates. | TimelineProxy.swift:32 | spans: root
2026-04-21T14:50:03.754403Z ERROR elementx: Accessed timeline item provider before subscribing for updates. | TimelineProxy.swift:32 | spans: root
2026-04-21T14:50:03.907267Z ERROR elementx: Accessed timeline item provider before subscribing for updates. | TimelineProxy.swift:32 | spans: root
2026-04-21T14:50:04.067666Z ERROR elementx: Accessed timeline item provider before subscribing for updates. | TimelineProxy.swift:32 | spans: root
2026-04-21T14:50:04.227948Z ERROR elementx: Accessed timeline item provider before subscribing for updates. | TimelineProxy.swift:32 | spans: root
2026-04-21T14:50:04.370589Z  INFO elementx: URL changed to: file:///Users/aibattt/Library/Developer/CoreSimulator/Devices/183D9DAD-0CB6-49DE-ABFD-53BFA7B724CB/data/Containers/Bundle/Application/B3A92083-211F-45F5-B065-BED21EF80240/SalemX.app/EmbeddedElementCall_EmbeddedElementCall.bundle/dist/index.html?controlledAudioDevices=false&header=none&showControls=false&hideScreensharing=true#?userId=@aktau:mertis.kz&roomId=!gYUcaiXKlqrhQvYLpn:mertis.kz&widgetId=3B9ACAF7-9F16-465C-B4B1-BC4897AA8CA3&displayName=aktau&lang=ru-KZ&theme=light&clientId=kz.salemx.msg&deviceId=pHHotPZIkM&baseUrl=https://matrix.mertis.kz/&parentUrl=file:///Users/aibattt/Library/Developer/CoreSimulator/Devices/183D9DAD-0CB6-49DE-ABFD-53BFA7B724CB/data/Containers/Bundle/Application/B3A92083-211F-45F5-B065-BED21EF80240/SalemX.app/EmbeddedElementCall_EmbeddedElementCall.bundle/dist/index.html&perParticipantE2EE=true&intent=start_call_dm_voice&rageshakeSubmitUrl=https://rageshake.localhost/submit&controlledAudioDevices=false&header=none&showControls=false&hideScreensharing=true | CallScreenViewModel.swift:181 | spans: root
2026-04-21T14:50:04.383653Z ERROR elementx: Accessed timeline item provider before subscribing for updates. | TimelineProxy.swift:32 | spans: root
2026-04-21T14:50:04.686474Z DEBUG matrix_sdk::http_client::native: Sending request num_attempt=1 | crates/matrix-sdk/src/http_client/native.rs:78 | spans: root > send{request_id="REQ-77" method=POST uri="https://matrix.mertis.kz/_matrix/client/v3/user/@aktau:mertis.kz/openid/request_token" request_size="2B"}
2026-04-21T14:50:04.832927Z DEBUG matrix_sdk::http_client: Got response | crates/matrix-sdk/src/http_client/mod.rs:214 | spans: root > send{request_id="REQ-77" method=POST uri="https://matrix.mertis.kz/_matrix/client/v3/user/@aktau:mertis.kz/openid/request_token" request_size="2B" status=200 response_size="116B" request_duration=146.240208ms}
2026-04-21T14:50:04.833356Z DEBUG matrix_sdk::http_client::native: Sending request num_attempt=1 | crates/matrix-sdk/src/http_client/native.rs:78 | spans: root > send{request_id="REQ-78" method=POST uri="https://matrix.mertis.kz/_matrix/client/v3/user/@aktau:mertis.kz/openid/request_token" request_size="2B"}
2026-04-21T14:50:05.072027Z DEBUG matrix_sdk::http_client: Got response | crates/matrix-sdk/src/http_client/mod.rs:214 | spans: root > send{request_id="REQ-78" method=POST uri="https://matrix.mertis.kz/_matrix/client/v3/user/@aktau:mertis.kz/openid/request_token" request_size="2B" status=200 response_size="116B" request_duration=238.478583ms}
2026-04-21T14:50:05.072276Z DEBUG matrix_sdk::http_client::native: Sending request num_attempt=1 | crates/matrix-sdk/src/http_client/native.rs:78 | spans: root > send{request_id="REQ-79" method=POST uri="https://matrix.mertis.kz/_matrix/client/v3/user/@aktau:mertis.kz/openid/request_token" request_size="2B"}
2026-04-21T14:50:05.183480Z DEBUG matrix_sdk::http_client: Got response | crates/matrix-sdk/src/http_client/mod.rs:214 | spans: root > send{request_id="REQ-79" method=POST uri="https://matrix.mertis.kz/_matrix/client/v3/user/@aktau:mertis.kz/openid/request_token" request_size="2B" status=200 response_size="116B" request_duration=110.928875ms}
2026-04-21T14:50:05.183847Z DEBUG matrix_sdk::http_client::native: Sending request num_attempt=1 | crates/matrix-sdk/src/http_client/native.rs:78 | spans: root > send{request_id="REQ-80" method=PUT uri="https://matrix.mertis.kz/_matrix/client/v3/rooms/!gYUcaiXKlqrhQvYLpn:mertis.kz/state/org.matrix.msc3401.call.member/_@aktau:mertis.kz_pHHotPZIkM_m.call" request_size="2B"}
2026-04-21T14:50:05.349661Z DEBUG matrix_sdk::http_client: Got response | crates/matrix-sdk/src/http_client/mod.rs:214 | spans: root > send{request_id="REQ-80" method=PUT uri="https://matrix.mertis.kz/_matrix/client/v3/rooms/!gYUcaiXKlqrhQvYLpn:mertis.kz/state/org.matrix.msc3401.call.member/_@aktau:mertis.kz_pHHotPZIkM_m.call" request_size="2B" status=200 response_size="39B" request_duration=165.754167ms}
2026-04-21T14:50:05.360386Z DEBUG matrix_sdk::http_client::native: Sending request num_attempt=1 | crates/matrix-sdk/src/http_client/native.rs:78 | spans: root > send{request_id="REQ-81" method=POST uri="https://matrix.mertis.kz/_matrix/client/v3/user/@aktau:mertis.kz/openid/request_token" request_size="2B"}
2026-04-21T14:50:05.399464Z ERROR elementx: Accessed timeline item provider before subscribing for updates. | TimelineProxy.swift:32 | spans: root
2026-04-21T14:50:05.559733Z ERROR elementx: Accessed timeline item provider before subscribing for updates. | TimelineProxy.swift:32 | spans: root
2026-04-21T14:50:05.720204Z ERROR elementx: Accessed timeline item provider before subscribing for updates. | TimelineProxy.swift:32 | spans: root
2026-04-21T14:50:05.741724Z DEBUG matrix_sdk::http_client: Got response | crates/matrix-sdk/src/http_client/mod.rs:214 | spans: root > send{request_id="REQ-81" method=POST uri="https://matrix.mertis.kz/_matrix/client/v3/user/@aktau:mertis.kz/openid/request_token" request_size="2B" status=200 response_size="116B" request_duration=381.176958ms}
2026-04-21T14:50:05.742007Z DEBUG matrix_sdk::http_client::native: Sending request num_attempt=1 | crates/matrix-sdk/src/http_client/native.rs:78 | spans: root > send_state_event_raw > send{request_id="REQ-82" method=PUT uri="https://matrix.mertis.kz/_matrix/client/v3/rooms/!gYUcaiXKlqrhQvYLpn:mertis.kz/state/org.matrix.msc3401.call.member/_@aktau:mertis.kz_pHHotPZIkM_m.call" request_size="386B"}
2026-04-21T14:50:05.880889Z ERROR elementx: Accessed timeline item provider before subscribing for updates. | TimelineProxy.swift:32 | spans: root
2026-04-21T14:50:05.991942Z DEBUG matrix_sdk::http_client: Got response | crates/matrix-sdk/src/http_client/mod.rs:214 | spans: root > send_state_event_raw > send{request_id="REQ-82" method=PUT uri="https://matrix.mertis.kz/_matrix/client/v3/rooms/!gYUcaiXKlqrhQvYLpn:mertis.kz/state/org.matrix.msc3401.call.member/_@aktau:mertis.kz_pHHotPZIkM_m.call" request_size="386B" status=200 response_size="59B" request_duration=249.838666ms}
2026-04-21T14:50:05.996002Z DEBUG matrix_sdk::http_client::native: Sending request num_attempt=1 | crates/matrix-sdk/src/http_client/native.rs:78 | spans: root > send{request_id="REQ-83" method=POST uri="https://matrix.mertis.kz/_matrix/client/unstable/org.matrix.msc4140/delayed_events/syd_aijVGFbfwjNiTkgBOzpP" request_size="20B"}
2026-04-21T14:50:06.008327Z DEBUG matrix_sdk::http_client: Got response | crates/matrix-sdk/src/http_client/mod.rs:214 | spans: root > send{request_id="REQ-83" method=POST uri="https://matrix.mertis.kz/_matrix/client/unstable/org.matrix.msc4140/delayed_events/syd_aijVGFbfwjNiTkgBOzpP" request_size="20B" status=200 response_size="2B" request_duration=12.262666ms}
2026-04-21T14:50:06.034418Z ERROR elementx: Accessed timeline item provider before subscribing for updates. | TimelineProxy.swift:32 | spans: root
2026-04-21T14:50:07.078583Z ERROR elementx: Accessed timeline item provider before subscribing for updates. | TimelineProxy.swift:32 | spans: root
2026-04-21T14:50:07.234888Z ERROR elementx: Accessed timeline item provider before subscribing for updates. | TimelineProxy.swift:32 | spans: root
2026-04-21T14:50:07.388792Z ERROR elementx: Accessed timeline item provider before subscribing for updates. | TimelineProxy.swift:32 | spans: root
2026-04-21T14:50:07.547577Z ERROR elementx: Accessed timeline item provider before subscribing for updates. | TimelineProxy.swift:32 | spans: root
2026-04-21T14:50:07.704091Z ERROR elementx: Accessed timeline item provider before subscribing for updates. | TimelineProxy.swift:32 | spans: root
2026-04-21T14:50:08.734971Z ERROR elementx: Accessed timeline item provider before subscribing for updates. | TimelineProxy.swift:32 | spans: root
2026-04-21T14:50:08.892336Z ERROR elementx: Accessed timeline item provider before subscribing for updates. | TimelineProxy.swift:32 | spans: root
2026-04-21T14:50:09.045550Z ERROR elementx: Accessed timeline item provider before subscribing for updates. | TimelineProxy.swift:32 | spans: root
2026-04-21T14:50:09.197938Z ERROR elementx: Accessed timeline item provider before subscribing for updates. | TimelineProxy.swift:32 | spans: root
2026-04-21T14:50:09.357317Z ERROR elementx: Accessed timeline item provider before subscribing for updates. | TimelineProxy.swift:32 | spans: root
2026-04-21T14:50:10.054150Z DEBUG matrix_sdk::http_client::native: Sending request num_attempt=1 | crates/matrix-sdk/src/http_client/native.rs:78 | spans: root > send{request_id="REQ-84" method=POST uri="https://matrix.mertis.kz/_matrix/client/unstable/org.matrix.msc4140/delayed_events/syd_aijVGFbfwjNiTkgBOzpP" request_size="20B"}
2026-04-21T14:50:10.384343Z ERROR elementx: Accessed timeline item provider before subscribing for updates. | TimelineProxy.swift:32 | spans: root
2026-04-21T14:50:10.538651Z ERROR elementx: Accessed timeline item provider before subscribing for updates. | TimelineProxy.swift:32 | spans: root
2026-04-21T14:50:10.694198Z ERROR elementx: Accessed timeline item provider before subscribing for updates. | TimelineProxy.swift:32 | spans: root
2026-04-21T14:50:10.745883Z DEBUG matrix_sdk::http_client: Got response | crates/matrix-sdk/src/http_client/mod.rs:214 | spans: root > send{request_id="REQ-84" method=POST uri="https://matrix.mertis.kz/_matrix/client/unstable/org.matrix.msc4140/delayed_events/syd_aijVGFbfwjNiTkgBOzpP" request_size="20B" status=200 response_size="2B" request_duration=691.086208ms}
2026-04-21T14:50:10.853273Z ERROR elementx: Accessed timeline item provider before subscribing for updates. | TimelineProxy.swift:32 | spans: root
2026-04-21T14:50:10.921147Z DEBUG matrix_sdk::http_client: Got response | crates/matrix-sdk/src/http_client/mod.rs:214 | spans: root > next_sync_with_lock{store_generation=2} > sync_once{conn_id="encryption" pos="0/s1054_6504_62_146_255_1_257_227_0_1_1_1" timeout=30000} > send{request_id="REQ-74" method=POST uri="https://matrix.mertis.kz/_matrix/client/unstable/org.matrix.simplified_msc3575/sync" request_size="106B" status=200 response_size="283B" request_duration=18.471052709s}
2026-04-21T14:50:10.931880Z  WARN matrix_sdk_crypto::backups: Trying to backup room keys but no backup key was found | crates/matrix-sdk-crypto/src/backups/mod.rs:519 | spans: root
2026-04-21T14:50:10.935890Z DEBUG matrix_sdk::http_client::native: Sending request num_attempt=1 | crates/matrix-sdk/src/http_client/native.rs:78 | spans: root > next_sync_with_lock{store_generation=2} > sync_once{conn_id="encryption" pos="0/s1055_6504_62_146_255_1_257_227_0_1_1_1" timeout=30000} > send{request_id="REQ-85" method=POST uri="https://matrix.mertis.kz/_matrix/client/unstable/org.matrix.simplified_msc3575/sync" request_size="106B"}
2026-04-21T14:50:10.936878Z DEBUG matrix_sdk_crypto::session_manager::sessions: Collected user/device pairs that are missing an Olm session missing_session_devices_by_user={} timed_out_devices_by_user={} | crates/matrix-sdk-crypto/src/session_manager/sessions.rs:285 | spans: root > next_sync_with_lock{store_generation=2} > sync_once{conn_id="encryption" pos="0/s1055_6504_62_146_255_1_257_227_0_1_1_1" timeout=30000} > send_outgoing_requests > get_missing_sessions
2026-04-21T14:50:11.007395Z ERROR elementx: Accessed timeline item provider before subscribing for updates. | TimelineProxy.swift:32 | spans: root
2026-04-21T14:50:11.017370Z DEBUG matrix_sdk::http_client: Got response | crates/matrix-sdk/src/http_client/mod.rs:214 | spans: root > sync_once{conn_id="room-list" pos="562/s1054_6504_62_146_255_1_255_227_0_1_1_1" timeout=30000} > send{request_id="REQ-72" method=POST uri="https://matrix.mertis.kz/_matrix/client/unstable/org.matrix.simplified_msc3575/sync" request_size="1.2k" status=200 response_size="2.1k" request_duration=19.317296792s}
2026-04-21T14:50:11.031631Z DEBUG matrix_sdk_base::response_processors::account_data::global: Found direct room data in the Store, applying it | crates/matrix-sdk-base/src/response_processors/account_data/global.rs:147 | spans: root > sync_once{conn_id="room-list" pos="562/s1054_6504_62_146_255_1_255_227_0_1_1_1" timeout=30000} > handle_response
2026-04-21T14:50:11.059134Z  INFO elementx: Received room info update | JoinedRoomProxy.swift:147 | spans: root
2026-04-21T14:50:11.061388Z  INFO elementx: Received room list update: running | ClientProxy.swift:1143 | spans: root
2026-04-21T14:50:11.061764Z DEBUG matrix_sdk::http_client::native: Sending request num_attempt=1 | crates/matrix-sdk/src/http_client/native.rs:78 | spans: root > sync_once{conn_id="room-list" pos="562/s1055_6504_62_146_255_1_257_227_0_1_1_1" timeout=30000} > send{request_id="REQ-86" method=POST uri="https://matrix.mertis.kz/_matrix/client/unstable/org.matrix.simplified_msc3575/sync" request_size="1.2k"}
2026-04-21T14:50:11.066115Z  INFO elementx: Received room info update | JoinedRoomProxy.swift:147 | spans: root
2026-04-21T14:50:11.069438Z ERROR elementx: Received background task early termination | ClientProxy.swift:247 | spans: root
2026-04-21T14:50:11.069552Z ERROR elementx: Received background task early termination | ClientProxy.swift:247 | spans: root
2026-04-21T14:50:11.069670Z ERROR elementx: Received background task early termination | ClientProxy.swift:247 | spans: root
2026-04-21T14:50:11.074554Z ERROR elementx: Received background task early termination | ClientProxy.swift:247 | spans: root
2026-04-21T14:50:11.074728Z ERROR elementx: Received background task early termination | ClientProxy.swift:247 | spans: root
2026-04-21T14:50:11.074809Z ERROR elementx: Received background task early termination | ClientProxy.swift:247 | spans: root
2026-04-21T14:50:11.133317Z DEBUG matrix_sdk::http_client::native: Sending request num_attempt=1 | crates/matrix-sdk/src/http_client/native.rs:78 | spans: root > send{request_id="REQ-87" method=POST uri="https://matrix.mertis.kz/_matrix/client/unstable/org.matrix.msc4140/delayed_events/syd_aijVGFbfwjNiTkgBOzpP" request_size="17B"}
2026-04-21T14:50:11.134585Z  INFO elementx: [CALL-END-TRACE][UI-COORDINATOR-CLOSED] room_id=!gYUcaiXKlqrhQvYLpn:mertis.kz local_trace_id=D56E9467-32F7-4269-9286-E36A111E13A2 widget_id=3B9ACAF7-9F16-465C-B4B1-BC4897AA8CA3 callkit_id=unknown | CallScreenViewModel.swift:208 | spans: root
2026-04-21T14:50:11.232926Z DEBUG matrix_sdk::http_client: Got response | crates/matrix-sdk/src/http_client/mod.rs:214 | spans: root > next_sync_with_lock{store_generation=2} > sync_once{conn_id="encryption" pos="0/s1055_6504_62_146_255_1_257_227_0_1_1_1" timeout=30000} > send{request_id="REQ-85" method=POST uri="https://matrix.mertis.kz/_matrix/client/unstable/org.matrix.simplified_msc3575/sync" request_size="106B" status=200 response_size="283B" request_duration=296.956042ms}
2026-04-21T14:50:11.235181Z  WARN matrix_sdk_crypto::backups: Trying to backup room keys but no backup key was found | crates/matrix-sdk-crypto/src/backups/mod.rs:519 | spans: root
2026-04-21T14:50:11.235426Z DEBUG matrix_sdk::http_client::native: Sending request num_attempt=1 | crates/matrix-sdk/src/http_client/native.rs:78 | spans: root > next_sync_with_lock{store_generation=2} > sync_once{conn_id="encryption" pos="0/s1056_6504_62_146_255_1_257_227_0_1_1_1" timeout=30000} > send{request_id="REQ-88" method=POST uri="https://matrix.mertis.kz/_matrix/client/unstable/org.matrix.simplified_msc3575/sync" request_size="106B"}
2026-04-21T14:50:11.235474Z DEBUG matrix_sdk_crypto::session_manager::sessions: Collected user/device pairs that are missing an Olm session missing_session_devices_by_user={} timed_out_devices_by_user={} | crates/matrix-sdk-crypto/src/session_manager/sessions.rs:285 | spans: root > next_sync_with_lock{store_generation=2} > sync_once{conn_id="encryption" pos="0/s1056_6504_62_146_255_1_257_227_0_1_1_1" timeout=30000} > send_outgoing_requests > get_missing_sessions
2026-04-21T14:50:11.323563Z DEBUG matrix_sdk::http_client: Got response | crates/matrix-sdk/src/http_client/mod.rs:214 | spans: root > send{request_id="REQ-87" method=POST uri="https://matrix.mertis.kz/_matrix/client/unstable/org.matrix.msc4140/delayed_events/syd_aijVGFbfwjNiTkgBOzpP" request_size="17B" status=200 response_size="2B" request_duration=190.184459ms}
2026-04-21T14:50:11.327027Z DEBUG matrix_sdk::http_client: Got response | crates/matrix-sdk/src/http_client/mod.rs:214 | spans: root > sync_once{conn_id="room-list" pos="562/s1055_6504_62_146_255_1_257_227_0_1_1_1" timeout=30000} > send{request_id="REQ-86" method=POST uri="https://matrix.mertis.kz/_matrix/client/unstable/org.matrix.simplified_msc3575/sync" request_size="1.2k" status=200 response_size="2.2k" request_duration=265.193917ms}
2026-04-21T14:50:11.327746Z DEBUG matrix_sdk_base::response_processors::account_data::global: Found direct room data in the Store, applying it | crates/matrix-sdk-base/src/response_processors/account_data/global.rs:147 | spans: root > sync_once{conn_id="room-list" pos="562/s1055_6504_62_146_255_1_257_227_0_1_1_1" timeout=30000} > handle_response
2026-04-21T14:50:11.330015Z  INFO elementx: Received room info update | JoinedRoomProxy.swift:147 | spans: root
2026-04-21T14:50:11.331410Z  INFO elementx: Received room info update | JoinedRoomProxy.swift:147 | spans: root
2026-04-21T14:50:11.331654Z  INFO elementx: Received room list update: running | ClientProxy.swift:1143 | spans: root
2026-04-21T14:50:11.332050Z DEBUG matrix_sdk::http_client::native: Sending request num_attempt=1 | crates/matrix-sdk/src/http_client/native.rs:78 | spans: root > sync_once{conn_id="room-list" pos="562/s1056_6504_62_146_255_1_257_227_0_1_1_1" timeout=30000} > send{request_id="REQ-89" method=POST uri="https://matrix.mertis.kz/_matrix/client/unstable/org.matrix.simplified_msc3575/sync" request_size="1.2k"}
2026-04-21T14:50:11.333479Z  INFO elementx: Received room info update | JoinedRoomProxy.swift:147 | spans: root
2026-04-21T14:50:11.346170Z ERROR elementx: Received background task early termination | ClientProxy.swift:247 | spans: root
2026-04-21T14:50:11.346387Z ERROR elementx: Received background task early termination | ClientProxy.swift:247 | spans: root
2026-04-21T14:50:11.346791Z ERROR elementx: Received background task early termination | ClientProxy.swift:247 | spans: root
2026-04-21T14:50:11.350027Z ERROR elementx: Received background task early termination | ClientProxy.swift:247 | spans: root
2026-04-21T14:50:11.350149Z ERROR elementx: Received background task early termination | ClientProxy.swift:247 | spans: root
2026-04-21T14:50:11.350296Z ERROR elementx: Received background task early termination | ClientProxy.swift:247 | spans: root
2026-04-21T14:50:13.256322Z DEBUG matrix_sdk::http_client::native: Sending request num_attempt=1 | crates/matrix-sdk/src/http_client/native.rs:78 | spans: root > send{request_id="REQ-90" method=GET uri="https://matrix.mertis.kz/_matrix/client/v3/profile/@aktau:mertis.kz"}
2026-04-21T14:50:13.259310Z DEBUG matrix_sdk::http_client: Got response | crates/matrix-sdk/src/http_client/mod.rs:214 | spans: root > send{request_id="REQ-90" method=GET uri="https://matrix.mertis.kz/_matrix/client/v3/profile/@aktau:mertis.kz" status=200 response_size="23B" request_duration=2.93275ms}
2026-04-21T14:50:13.259599Z  INFO elementx: Call session 88C94DEC-2B16-4A4E-9B44-449C53171349 transition idle -> outgoing_ringing on invite | ElementCallService.swift:945 | spans: root
2026-04-21T14:50:13.259786Z ERROR elementx: Transaction not started or already finished | Signposter.swift:82 | spans: root
2026-04-21T14:50:13.261726Z ERROR elementx: Received background task early termination | ClientProxy.swift:247 | spans: root
2026-04-21T14:50:13.271022Z ERROR elementx: Accessed timeline item provider before subscribing for updates. | TimelineProxy.swift:32 | spans: root
2026-04-21T14:50:13.282944Z ERROR elementx: Accessed timeline item provider before subscribing for updates. | TimelineProxy.swift:32 | spans: root
2026-04-21T14:50:13.283364Z ERROR elementx: Transaction not started or already finished | Signposter.swift:82 | spans: root
2026-04-21T14:50:13.285152Z ERROR elementx: Accessed timeline item provider before subscribing for updates. | TimelineProxy.swift:32 | spans: root
2026-04-21T14:50:13.285213Z ERROR elementx: Received background task early termination | ClientProxy.swift:247 | spans: root
2026-04-21T14:50:13.285234Z ERROR elementx: Accessed timeline item provider before subscribing for updates. | TimelineProxy.swift:32 | spans: root
2026-04-21T14:50:13.570925Z  INFO elementx: URL changed to: file:///Users/aibattt/Library/Developer/CoreSimulator/Devices/183D9DAD-0CB6-49DE-ABFD-53BFA7B724CB/data/Containers/Bundle/Application/B3A92083-211F-45F5-B065-BED21EF80240/SalemX.app/EmbeddedElementCall_EmbeddedElementCall.bundle/dist/index.html?controlledAudioDevices=false&header=none&showControls=false&hideScreensharing=true#?userId=@aktau:mertis.kz&roomId=!gYUcaiXKlqrhQvYLpn:mertis.kz&widgetId=3A2E9997-F1F0-4C77-BDFC-35B01E3AFA5D&displayName=aktau&lang=ru-KZ&theme=light&clientId=kz.salemx.msg&deviceId=pHHotPZIkM&baseUrl=https://matrix.mertis.kz/&parentUrl=file:///Users/aibattt/Library/Developer/CoreSimulator/Devices/183D9DAD-0CB6-49DE-ABFD-53BFA7B724CB/data/Containers/Bundle/Application/B3A92083-211F-45F5-B065-BED21EF80240/SalemX.app/EmbeddedElementCall_EmbeddedElementCall.bundle/dist/index.html&perParticipantE2EE=true&intent=start_call_dm&rageshakeSubmitUrl=https://rageshake.localhost/submit&controlledAudioDevices=false&header=none&showControls=false&hideScreensharing=true | CallScreenViewModel.swift:181 | spans: root
2026-04-21T14:50:13.743069Z DEBUG matrix_sdk::http_client::native: Sending request num_attempt=1 | crates/matrix-sdk/src/http_client/native.rs:78 | spans: root > send{request_id="REQ-91" method=POST uri="https://matrix.mertis.kz/_matrix/client/v3/user/@aktau:mertis.kz/openid/request_token" request_size="2B"}
2026-04-21T14:50:13.753615Z DEBUG matrix_sdk::http_client: Got response | crates/matrix-sdk/src/http_client/mod.rs:214 | spans: root > send{request_id="REQ-91" method=POST uri="https://matrix.mertis.kz/_matrix/client/v3/user/@aktau:mertis.kz/openid/request_token" request_size="2B" status=200 response_size="116B" request_duration=10.458583ms}
2026-04-21T14:50:13.921724Z DEBUG matrix_sdk::http_client::native: Sending request num_attempt=1 | crates/matrix-sdk/src/http_client/native.rs:78 | spans: root > send{request_id="REQ-92" method=PUT uri="https://matrix.mertis.kz/_matrix/client/v3/rooms/!gYUcaiXKlqrhQvYLpn:mertis.kz/state/org.matrix.msc3401.call.member/_@aktau:mertis.kz_pHHotPZIkM_m.call" request_size="2B"}
2026-04-21T14:50:13.928433Z DEBUG matrix_sdk::http_client: Got response | crates/matrix-sdk/src/http_client/mod.rs:214 | spans: root > send{request_id="REQ-92" method=PUT uri="https://matrix.mertis.kz/_matrix/client/v3/rooms/!gYUcaiXKlqrhQvYLpn:mertis.kz/state/org.matrix.msc3401.call.member/_@aktau:mertis.kz_pHHotPZIkM_m.call" request_size="2B" status=200 response_size="39B" request_duration=6.638083ms}
2026-04-21T14:50:13.929727Z DEBUG matrix_sdk::http_client::native: Sending request num_attempt=1 | crates/matrix-sdk/src/http_client/native.rs:78 | spans: root > send{request_id="REQ-93" method=POST uri="https://matrix.mertis.kz/_matrix/client/v3/user/@aktau:mertis.kz/openid/request_token" request_size="2B"}
2026-04-21T14:50:13.936878Z DEBUG matrix_sdk::http_client: Got response | crates/matrix-sdk/src/http_client/mod.rs:214 | spans: root > send{request_id="REQ-93" method=POST uri="https://matrix.mertis.kz/_matrix/client/v3/user/@aktau:mertis.kz/openid/request_token" request_size="2B" status=200 response_size="116B" request_duration=7.118792ms}
2026-04-21T14:50:13.936928Z DEBUG matrix_sdk::http_client::native: Sending request num_attempt=1 | crates/matrix-sdk/src/http_client/native.rs:78 | spans: root > send_state_event_raw > send{request_id="REQ-94" method=PUT uri="https://matrix.mertis.kz/_matrix/client/v3/rooms/!gYUcaiXKlqrhQvYLpn:mertis.kz/state/org.matrix.msc3401.call.member/_@aktau:mertis.kz_pHHotPZIkM_m.call" request_size="386B"}
2026-04-21T14:50:14.036084Z DEBUG matrix_sdk::http_client: Got response | crates/matrix-sdk/src/http_client/mod.rs:214 | spans: root > next_sync_with_lock{store_generation=2} > sync_once{conn_id="encryption" pos="0/s1056_6504_62_146_255_1_257_227_0_1_1_1" timeout=30000} > send{request_id="REQ-88" method=POST uri="https://matrix.mertis.kz/_matrix/client/unstable/org.matrix.simplified_msc3575/sync" request_size="106B" status=200 response_size="283B" request_duration=2.800501792s}
2026-04-21T14:50:14.042344Z  WARN matrix_sdk_crypto::backups: Trying to backup room keys but no backup key was found | crates/matrix-sdk-crypto/src/backups/mod.rs:519 | spans: root
2026-04-21T14:50:14.042961Z DEBUG matrix_sdk::http_client::native: Sending request num_attempt=1 | crates/matrix-sdk/src/http_client/native.rs:78 | spans: root > next_sync_with_lock{store_generation=2} > sync_once{conn_id="encryption" pos="0/s1057_6504_62_146_255_1_257_227_0_1_1_1" timeout=30000} > send{request_id="REQ-95" method=POST uri="https://matrix.mertis.kz/_matrix/client/unstable/org.matrix.simplified_msc3575/sync" request_size="106B"}
2026-04-21T14:50:14.043081Z DEBUG matrix_sdk_crypto::session_manager::sessions: Collected user/device pairs that are missing an Olm session missing_session_devices_by_user={} timed_out_devices_by_user={} | crates/matrix-sdk-crypto/src/session_manager/sessions.rs:285 | spans: root > next_sync_with_lock{store_generation=2} > sync_once{conn_id="encryption" pos="0/s1057_6504_62_146_255_1_257_227_0_1_1_1" timeout=30000} > send_outgoing_requests > get_missing_sessions
2026-04-21T14:50:14.047706Z DEBUG matrix_sdk::http_client: Got response | crates/matrix-sdk/src/http_client/mod.rs:214 | spans: root > send_state_event_raw > send{request_id="REQ-94" method=PUT uri="https://matrix.mertis.kz/_matrix/client/v3/rooms/!gYUcaiXKlqrhQvYLpn:mertis.kz/state/org.matrix.msc3401.call.member/_@aktau:mertis.kz_pHHotPZIkM_m.call" request_size="386B" status=200 response_size="59B" request_duration=110.736208ms}
2026-04-21T14:50:14.050590Z DEBUG matrix_sdk::http_client::native: Sending request num_attempt=1 | crates/matrix-sdk/src/http_client/native.rs:78 | spans: root > send{request_id="REQ-96" method=POST uri="https://matrix.mertis.kz/_matrix/client/unstable/org.matrix.msc4140/delayed_events/syd_warVlQBLquyNRiqilrto" request_size="20B"}
2026-04-21T14:50:14.064773Z DEBUG matrix_sdk::http_client: Got response | crates/matrix-sdk/src/http_client/mod.rs:214 | spans: root > send{request_id="REQ-96" method=POST uri="https://matrix.mertis.kz/_matrix/client/unstable/org.matrix.msc4140/delayed_events/syd_warVlQBLquyNRiqilrto" request_size="20B" status=200 response_size="2B" request_duration=14.060083ms}
2026-04-21T14:50:14.071396Z DEBUG matrix_sdk::http_client: Got response | crates/matrix-sdk/src/http_client/mod.rs:214 | spans: root > sync_once{conn_id="room-list" pos="562/s1056_6504_62_146_255_1_257_227_0_1_1_1" timeout=30000} > send{request_id="REQ-89" method=POST uri="https://matrix.mertis.kz/_matrix/client/unstable/org.matrix.simplified_msc3575/sync" request_size="1.2k" status=200 response_size="2.1k" request_duration=2.739242542s}
2026-04-21T14:50:14.072622Z DEBUG matrix_sdk_base::response_processors::account_data::global: Found direct room data in the Store, applying it | crates/matrix-sdk-base/src/response_processors/account_data/global.rs:147 | spans: root > sync_once{conn_id="room-list" pos="562/s1056_6504_62_146_255_1_257_227_0_1_1_1" timeout=30000} > handle_response
2026-04-21T14:50:14.073778Z  INFO elementx: Received room info update | JoinedRoomProxy.swift:147 | spans: root
2026-04-21T14:50:14.074744Z  INFO elementx: Received room info update | JoinedRoomProxy.swift:147 | spans: root
2026-04-21T14:50:14.075235Z  INFO elementx: Received room list update: running | ClientProxy.swift:1143 | spans: root
2026-04-21T14:50:14.075542Z DEBUG matrix_sdk::http_client::native: Sending request num_attempt=1 | crates/matrix-sdk/src/http_client/native.rs:78 | spans: root > sync_once{conn_id="room-list" pos="562/s1057_6504_62_146_255_1_257_227_0_1_1_1" timeout=30000} > send{request_id="REQ-97" method=POST uri="https://matrix.mertis.kz/_matrix/client/unstable/org.matrix.simplified_msc3575/sync" request_size="1.2k"}
2026-04-21T14:50:14.075975Z  INFO elementx: Received room info update | JoinedRoomProxy.swift:147 | spans: root
2026-04-21T14:50:14.077191Z ERROR elementx: Received background task early termination | ClientProxy.swift:247 | spans: root
2026-04-21T14:50:14.077532Z ERROR elementx: Received background task early termination | ClientProxy.swift:247 | spans: root
2026-04-21T14:50:14.084173Z ERROR elementx: Received background task early termination | ClientProxy.swift:247 | spans: root
2026-04-21T14:50:14.096546Z ERROR elementx: Received background task early termination | ClientProxy.swift:247 | spans: root
2026-04-21T14:50:14.097258Z ERROR elementx: Received background task early termination | ClientProxy.swift:247 | spans: root
2026-04-21T14:50:14.098085Z ERROR elementx: Received background task early termination | ClientProxy.swift:247 | spans: root
2026-04-21T14:50:14.119452Z DEBUG matrix_sdk::http_client::native: Sending request num_attempt=1 | crates/matrix-sdk/src/http_client/native.rs:78 | spans: root > send{request_id="REQ-98" method=POST uri="https://matrix.mertis.kz/_matrix/client/v3/user/@aktau:mertis.kz/openid/request_token" request_size="2B"}
2026-04-21T14:50:14.131552Z DEBUG matrix_sdk::http_client: Got response | crates/matrix-sdk/src/http_client/mod.rs:214 | spans: root > send{request_id="REQ-98" method=POST uri="https://matrix.mertis.kz/_matrix/client/v3/user/@aktau:mertis.kz/openid/request_token" request_size="2B" status=200 response_size="116B" request_duration=12.014417ms}
2026-04-21T14:50:14.131640Z DEBUG matrix_sdk::http_client::native: Sending request num_attempt=1 | crates/matrix-sdk/src/http_client/native.rs:78 | spans: root > send{request_id="REQ-99" method=POST uri="https://matrix.mertis.kz/_matrix/client/v3/user/@aktau:mertis.kz/openid/request_token" request_size="2B"}
2026-04-21T14:50:14.139406Z DEBUG matrix_sdk::http_client: Got response | crates/matrix-sdk/src/http_client/mod.rs:214 | spans: root > send{request_id="REQ-99" method=POST uri="https://matrix.mertis.kz/_matrix/client/v3/user/@aktau:mertis.kz/openid/request_token" request_size="2B" status=200 response_size="116B" request_duration=7.712291ms}
2026-04-21T14:50:14.141653Z DEBUG matrix_sdk_crypto::session_manager::sessions: Collected user/device pairs that are missing an Olm session missing_session_devices_by_user={} timed_out_devices_by_user={} | crates/matrix-sdk-crypto/src/session_manager/sessions.rs:285 | spans: root > send_raw{room_id="!gYUcaiXKlqrhQvYLpn:mertis.kz" transaction_id="28ab069d42224583864f5d50b813903b" is_room_encrypted=true} > preshare_room_key{room_id="!gYUcaiXKlqrhQvYLpn:mertis.kz" store_generation=2} > get_missing_sessions
2026-04-21T14:50:14.152098Z DEBUG matrix_sdk::http_client::native: Sending request num_attempt=1 | crates/matrix-sdk/src/http_client/native.rs:78 | spans: root > send_raw{room_id="!gYUcaiXKlqrhQvYLpn:mertis.kz" transaction_id="28ab069d42224583864f5d50b813903b" is_room_encrypted=true} > send{request_id="REQ-100" method=PUT uri="https://matrix.mertis.kz/_matrix/client/v3/rooms/!gYUcaiXKlqrhQvYLpn:mertis.kz/send/m.room.encrypted/28ab069d42224583864f5d50b813903b" request_size="847B"}
2026-04-21T14:50:14.327615Z ERROR elementx: Accessed timeline item provider before subscribing for updates. | TimelineProxy.swift:32 | spans: root
2026-04-21T14:50:14.396288Z DEBUG matrix_sdk::http_client: Got response | crates/matrix-sdk/src/http_client/mod.rs:214 | spans: root > next_sync_with_lock{store_generation=2} > sync_once{conn_id="encryption" pos="0/s1057_6504_62_146_255_1_257_227_0_1_1_1" timeout=30000} > send{request_id="REQ-95" method=POST uri="https://matrix.mertis.kz/_matrix/client/unstable/org.matrix.simplified_msc3575/sync" request_size="106B" status=200 response_size="283B" request_duration=353.146167ms}
2026-04-21T14:50:14.399946Z  WARN matrix_sdk_crypto::backups: Trying to backup room keys but no backup key was found | crates/matrix-sdk-crypto/src/backups/mod.rs:519 | spans: root
2026-04-21T14:50:14.400818Z DEBUG matrix_sdk::http_client::native: Sending request num_attempt=1 | crates/matrix-sdk/src/http_client/native.rs:78 | spans: root > next_sync_with_lock{store_generation=2} > sync_once{conn_id="encryption" pos="0/s1058_6504_62_146_255_1_257_227_0_1_1_1" timeout=30000} > send{request_id="REQ-101" method=POST uri="https://matrix.mertis.kz/_matrix/client/unstable/org.matrix.simplified_msc3575/sync" request_size="106B"}
2026-04-21T14:50:14.400901Z DEBUG matrix_sdk_crypto::session_manager::sessions: Collected user/device pairs that are missing an Olm session missing_session_devices_by_user={} timed_out_devices_by_user={} | crates/matrix-sdk-crypto/src/session_manager/sessions.rs:285 | spans: root > next_sync_with_lock{store_generation=2} > sync_once{conn_id="encryption" pos="0/s1058_6504_62_146_255_1_257_227_0_1_1_1" timeout=30000} > send_outgoing_requests > get_missing_sessions
2026-04-21T14:50:14.410734Z DEBUG matrix_sdk::http_client: Got response | crates/matrix-sdk/src/http_client/mod.rs:214 | spans: root > send_raw{room_id="!gYUcaiXKlqrhQvYLpn:mertis.kz" transaction_id="28ab069d42224583864f5d50b813903b" is_room_encrypted=true} > send{request_id="REQ-100" method=PUT uri="https://matrix.mertis.kz/_matrix/client/v3/rooms/!gYUcaiXKlqrhQvYLpn:mertis.kz/send/m.room.encrypted/28ab069d42224583864f5d50b813903b" request_size="847B" status=200 response_size="59B" request_duration=258.173209ms}
2026-04-21T14:50:14.411250Z  INFO matrix_sdk::room::futures: Sent event in room | crates/matrix-sdk/src/room/futures.rs:243 | spans: root > send_raw{room_id="!gYUcaiXKlqrhQvYLpn:mertis.kz" transaction_id="28ab069d42224583864f5d50b813903b" is_room_encrypted=true event_id="$zSW68wAENPZjbkEljWtY4FnlXLPc8Jy_a60FyrJCRZI"}
2026-04-21T14:50:14.414165Z DEBUG matrix_sdk::http_client: Got response | crates/matrix-sdk/src/http_client/mod.rs:214 | spans: root > sync_once{conn_id="room-list" pos="562/s1057_6504_62_146_255_1_257_227_0_1_1_1" timeout=30000} > send{request_id="REQ-97" method=POST uri="https://matrix.mertis.kz/_matrix/client/unstable/org.matrix.simplified_msc3575/sync" request_size="1.2k" status=200 response_size="1.7k" request_duration=338.5055ms}
2026-04-21T14:50:14.421283Z DEBUG matrix_sdk_base::response_processors::account_data::global: Found direct room data in the Store, applying it | crates/matrix-sdk-base/src/response_processors/account_data/global.rs:147 | spans: root > sync_once{conn_id="room-list" pos="562/s1057_6504_62_146_255_1_257_227_0_1_1_1" timeout=30000} > handle_response
2026-04-21T14:50:14.421997Z  INFO elementx: Received room info update | JoinedRoomProxy.swift:147 | spans: root
2026-04-21T14:50:14.422721Z  INFO elementx: Received room info update | JoinedRoomProxy.swift:147 | spans: root
2026-04-21T14:50:14.423198Z  INFO elementx: Received room list update: running | ClientProxy.swift:1143 | spans: root
2026-04-21T14:50:14.423327Z DEBUG matrix_sdk::http_client::native: Sending request num_attempt=1 | crates/matrix-sdk/src/http_client/native.rs:78 | spans: root > sync_once{conn_id="room-list" pos="562/s1058_6504_62_146_255_1_257_227_0_1_1_1" timeout=30000} > send{request_id="REQ-102" method=POST uri="https://matrix.mertis.kz/_matrix/client/unstable/org.matrix.simplified_msc3575/sync" request_size="1.2k"}
2026-04-21T14:50:14.425094Z  INFO elementx: Received room info update | JoinedRoomProxy.swift:147 | spans: root
2026-04-21T14:50:14.427246Z ERROR elementx: Received background task early termination | ClientProxy.swift:247 | spans: root
2026-04-21T14:50:14.427351Z ERROR elementx: Received background task early termination | ClientProxy.swift:247 | spans: root
2026-04-21T14:50:14.427992Z ERROR elementx: Received background task early termination | ClientProxy.swift:247 | spans: root
2026-04-21T14:50:14.437698Z ERROR elementx: Received background task early termination | ClientProxy.swift:247 | spans: root
2026-04-21T14:50:14.438306Z ERROR elementx: Received background task early termination | ClientProxy.swift:247 | spans: root
2026-04-21T14:50:14.438698Z ERROR elementx: Received background task early termination | ClientProxy.swift:247 | spans: root
2026-04-21T14:50:14.470149Z  INFO elementx: Sending read receipt for eventID: $zSW68wAENPZjbkEljWtY4FnlXLPc8Jy_a60FyrJCRZI | TimelineProxy.swift:459 | spans: root
2026-04-21T14:50:14.470269Z  INFO elementx: Finished sending read receipt for eventID: $zSW68wAENPZjbkEljWtY4FnlXLPc8Jy_a60FyrJCRZI | TimelineProxy.swift:463 | spans: root
2026-04-21T14:50:14.478369Z ERROR elementx: Accessed timeline item provider before subscribing for updates. | TimelineProxy.swift:32 | spans: root
2026-04-21T14:50:14.515176Z DEBUG matrix_sdk::http_client: Got response | crates/matrix-sdk/src/http_client/mod.rs:214 | spans: root > next_sync_with_lock{store_generation=2} > sync_once{conn_id="encryption" pos="0/s1058_6504_62_146_255_1_257_227_0_1_1_1" timeout=30000} > send{request_id="REQ-101" method=POST uri="https://matrix.mertis.kz/_matrix/client/unstable/org.matrix.simplified_msc3575/sync" request_size="106B" status=200 response_size="283B" request_duration=114.253625ms}
2026-04-21T14:50:14.516867Z DEBUG matrix_sdk::http_client: Got response | crates/matrix-sdk/src/http_client/mod.rs:214 | spans: root > sync_once{conn_id="room-list" pos="562/s1058_6504_62_146_255_1_257_227_0_1_1_1" timeout=30000} > send{request_id="REQ-102" method=POST uri="https://matrix.mertis.kz/_matrix/client/unstable/org.matrix.simplified_msc3575/sync" request_size="1.2k" status=200 response_size="538B" request_duration=93.45925ms}
2026-04-21T14:50:14.518416Z  WARN matrix_sdk_crypto::backups: Trying to backup room keys but no backup key was found | crates/matrix-sdk-crypto/src/backups/mod.rs:519 | spans: root
2026-04-21T14:50:14.519006Z DEBUG matrix_sdk_base::response_processors::account_data::global: Found direct room data in the Store, applying it | crates/matrix-sdk-base/src/response_processors/account_data/global.rs:147 | spans: root > sync_once{conn_id="room-list" pos="562/s1058_6504_62_146_255_1_257_227_0_1_1_1" timeout=30000} > handle_response
2026-04-21T14:50:14.519204Z DEBUG matrix_sdk::http_client::native: Sending request num_attempt=1 | crates/matrix-sdk/src/http_client/native.rs:78 | spans: root > next_sync_with_lock{store_generation=2} > sync_once{conn_id="encryption" pos="0/s1058_6504_62_147_255_1_257_227_0_1_1_1" timeout=30000} > send{request_id="REQ-103" method=POST uri="https://matrix.mertis.kz/_matrix/client/unstable/org.matrix.simplified_msc3575/sync" request_size="106B"}
2026-04-21T14:50:14.519291Z DEBUG matrix_sdk_crypto::session_manager::sessions: Collected user/device pairs that are missing an Olm session missing_session_devices_by_user={} timed_out_devices_by_user={} | crates/matrix-sdk-crypto/src/session_manager/sessions.rs:285 | spans: root > next_sync_with_lock{store_generation=2} > sync_once{conn_id="encryption" pos="0/s1058_6504_62_147_255_1_257_227_0_1_1_1" timeout=30000} > send_outgoing_requests > get_missing_sessions
2026-04-21T14:50:14.521026Z  INFO elementx: Received room list update: running | ClientProxy.swift:1143 | spans: root
2026-04-21T14:50:14.521197Z DEBUG matrix_sdk::http_client::native: Sending request num_attempt=1 | crates/matrix-sdk/src/http_client/native.rs:78 | spans: root > sync_once{conn_id="room-list" pos="562/s1058_6504_62_147_255_1_257_227_0_1_1_1" timeout=30000} > send{request_id="REQ-104" method=POST uri="https://matrix.mertis.kz/_matrix/client/unstable/org.matrix.simplified_msc3575/sync" request_size="1.2k"}
2026-04-21T14:50:14.633646Z ERROR elementx: Accessed timeline item provider before subscribing for updates. | TimelineProxy.swift:32 | spans: root
2026-04-21T14:50:14.793899Z ERROR elementx: Accessed timeline item provider before subscribing for updates. | TimelineProxy.swift:32 | spans: root
2026-04-21T14:50:14.945222Z ERROR elementx: Accessed timeline item provider before subscribing for updates. | TimelineProxy.swift:32 | spans: root
2026-04-21T14:50:15.987867Z ERROR elementx: Accessed timeline item provider before subscribing for updates. | TimelineProxy.swift:32 | spans: root
2026-04-21T14:50:16.146017Z ERROR elementx: Accessed timeline item provider before subscribing for updates. | TimelineProxy.swift:32 | spans: root
2026-04-21T14:50:16.306301Z ERROR elementx: Accessed timeline item provider before subscribing for updates. | TimelineProxy.swift:32 | spans: root
2026-04-21T14:50:16.464248Z ERROR elementx: Accessed timeline item provider before subscribing for updates. | TimelineProxy.swift:32 | spans: root
2026-04-21T14:50:16.624582Z ERROR elementx: Accessed timeline item provider before subscribing for updates. | TimelineProxy.swift:32 | spans: root
2026-04-21T14:50:17.634631Z ERROR elementx: Accessed timeline item provider before subscribing for updates. | TimelineProxy.swift:32 | spans: root
2026-04-21T14:50:17.789359Z ERROR elementx: Accessed timeline item provider before subscribing for updates. | TimelineProxy.swift:32 | spans: root
2026-04-21T14:50:17.943442Z ERROR elementx: Accessed timeline item provider before subscribing for updates. | TimelineProxy.swift:32 | spans: root
2026-04-21T14:50:17.996040Z  INFO elementx: [CALL-END-TRACE][LOCAL-END-ENTRY] room_id=!gYUcaiXKlqrhQvYLpn:mertis.kz local_trace_id=1A8328AA-2DC5-40E7-A123-71D91D987696 widget_id=3A2E9997-F1F0-4C77-BDFC-35B01E3AFA5D callkit_id=unknown source=end_button | CallScreenViewModel.swift:189 | spans: root
2026-04-21T14:50:17.996739Z  INFO elementx: Call session 88C94DEC-2B16-4A4E-9B44-449C53171349 transition outgoing_ringing -> cancelled on hangup | ElementCallService.swift:945 | spans: root
2026-04-21T14:50:17.996832Z ERROR matrix_sdk::widget::machine: couldn't deserialize incoming widget message: missing field `response` at line 1 column 157 | crates/matrix-sdk/src/widget/machine/mod.rs:251 | spans: root
2026-04-21T14:50:17.996975Z  INFO elementx: [CALL-END-TRACE][UI-DISMISS-REQUEST] room_id=!gYUcaiXKlqrhQvYLpn:mertis.kz local_trace_id=unknown widget_id=unknown callkit_id=unknown | UserSessionFlowCoordinator.swift:608 | spans: root
2026-04-21T14:50:17.997020Z  INFO elementx: [CALL-END-TRACE][UI-COORDINATOR-CLOSED] room_id=!gYUcaiXKlqrhQvYLpn:mertis.kz local_trace_id=1A8328AA-2DC5-40E7-A123-71D91D987696 widget_id=3A2E9997-F1F0-4C77-BDFC-35B01E3AFA5D callkit_id=unknown | CallScreenViewModel.swift:208 | spans: root
2026-04-21T14:50:17.997349Z ERROR elementx: Accessed timeline item provider before subscribing for updates. | TimelineProxy.swift:32 | spans: root
2026-04-21T14:50:18.008863Z  INFO elementx: [CALL-END-TRACE][LOCAL-END-SEND] room_id=!gYUcaiXKlqrhQvYLpn:mertis.kz local_trace_id=1A8328AA-2DC5-40E7-A123-71D91D987696 widget_id=3A2E9997-F1F0-4C77-BDFC-35B01E3AFA5D callkit_id=unknown widget_hangup_sent=true waiting_for_remote_dismiss=true | CallScreenViewModel.swift:545 | spans: root
2026-04-21T14:50:21.236141Z  INFO elementx: NavigationSplitCoordinator(NavigationStackCoordinator(SalemX.HomeScreenCoordinator) | Empty) Remove detail: NavigationStackCoordinator(SalemX.RoomScreenCoordinator) | NavigationCoordinators.swift:302 | spans: root
2026-04-21T14:50:21.251080Z  INFO elementx: Transitioning from `roomList(detailState: Optional(SalemX.ChatsTabFlowCoordinatorStateMachine.DetailState.room(roomID: "!gYUcaiXKlqrhQvYLpn:mertis.kz")))` to `roomList(detailState: nil)` with event `deselectRoom` | ChatsTabFlowCoordinatorStateMachine.swift:229 | spans: root
2026-04-21T14:50:21.257915Z  INFO elementx: Transitioning from `room` to `complete` with event `dismissFlow` | RoomFlowCoordinator.swift:546 | spans: root
2026-04-21T14:50:21.323464Z  INFO elementx: Successfully cleared draft | ComposerDraftService.swift:62 | spans: root
2026-04-21T14:50:21.325634Z  INFO elementx: Marking as fullyRead | TimelineProxy.swift:472 | spans: root
2026-04-21T14:50:21.325932Z DEBUG matrix_sdk::http_client::native: Sending request num_attempt=1 | crates/matrix-sdk/src/http_client/native.rs:78 | spans: root > mark_as_read{receipt_type="m.fully_read" room_id="!gYUcaiXKlqrhQvYLpn:mertis.kz"} > send_single_receipt{receipt_type="m.fully_read" event_id="$zSW68wAENPZjbkEljWtY4FnlXLPc8Jy_a60FyrJCRZI" room_id="!gYUcaiXKlqrhQvYLpn:mertis.kz"} > send_single_receipt > send{request_id="REQ-105" method=POST uri="https://matrix.mertis.kz/_matrix/client/v3/rooms/!gYUcaiXKlqrhQvYLpn:mertis.kz/receipt/m.fully_read/$zSW68wAENPZjbkEljWtY4FnlXLPc8Jy_a60FyrJCRZI" request_size="2B"}
2026-04-21T14:50:21.356387Z DEBUG matrix_sdk::http_client: Got response | crates/matrix-sdk/src/http_client/mod.rs:214 | spans: root > next_sync_with_lock{store_generation=2} > sync_once{conn_id="encryption" pos="0/s1058_6504_62_147_255_1_257_227_0_1_1_1" timeout=30000} > send{request_id="REQ-103" method=POST uri="https://matrix.mertis.kz/_matrix/client/unstable/org.matrix.simplified_msc3575/sync" request_size="106B" status=200 response_size="283B" request_duration=6.837115417s}
2026-04-21T14:50:21.358256Z  WARN matrix_sdk_crypto::backups: Trying to backup room keys but no backup key was found | crates/matrix-sdk-crypto/src/backups/mod.rs:519 | spans: root
2026-04-21T14:50:21.358724Z DEBUG matrix_sdk::http_client::native: Sending request num_attempt=1 | crates/matrix-sdk/src/http_client/native.rs:78 | spans: root > next_sync_with_lock{store_generation=2} > sync_once{conn_id="encryption" pos="0/s1058_6505_62_147_256_1_257_227_0_1_1_1" timeout=30000} > send{request_id="REQ-106" method=POST uri="https://matrix.mertis.kz/_matrix/client/unstable/org.matrix.simplified_msc3575/sync" request_size="106B"}
2026-04-21T14:50:21.358789Z DEBUG matrix_sdk_crypto::session_manager::sessions: Collected user/device pairs that are missing an Olm session missing_session_devices_by_user={} timed_out_devices_by_user={} | crates/matrix-sdk-crypto/src/session_manager/sessions.rs:285 | spans: root > next_sync_with_lock{store_generation=2} > sync_once{conn_id="encryption" pos="0/s1058_6505_62_147_256_1_257_227_0_1_1_1" timeout=30000} > send_outgoing_requests > get_missing_sessions
2026-04-21T14:50:21.370623Z DEBUG matrix_sdk::http_client: Got response | crates/matrix-sdk/src/http_client/mod.rs:214 | spans: root > next_sync_with_lock{store_generation=2} > sync_once{conn_id="encryption" pos="0/s1058_6505_62_147_256_1_257_227_0_1_1_1" timeout=30000} > send{request_id="REQ-106" method=POST uri="https://matrix.mertis.kz/_matrix/client/unstable/org.matrix.simplified_msc3575/sync" request_size="106B" status=200 response_size="283B" request_duration=11.857416ms}
2026-04-21T14:50:21.370668Z DEBUG matrix_sdk::http_client: Got response | crates/matrix-sdk/src/http_client/mod.rs:214 | spans: root > mark_as_read{receipt_type="m.fully_read" room_id="!gYUcaiXKlqrhQvYLpn:mertis.kz"} > send_single_receipt{receipt_type="m.fully_read" event_id="$zSW68wAENPZjbkEljWtY4FnlXLPc8Jy_a60FyrJCRZI" room_id="!gYUcaiXKlqrhQvYLpn:mertis.kz"} > send_single_receipt > send{request_id="REQ-105" method=POST uri="https://matrix.mertis.kz/_matrix/client/v3/rooms/!gYUcaiXKlqrhQvYLpn:mertis.kz/receipt/m.fully_read/$zSW68wAENPZjbkEljWtY4FnlXLPc8Jy_a60FyrJCRZI" request_size="2B" status=200 response_size="2B" request_duration=44.703708ms}
2026-04-21T14:50:21.370720Z  INFO elementx: Finished marking as read | TimelineProxy.swift:476 | spans: root
2026-04-21T14:50:21.372159Z DEBUG matrix_sdk::http_client: Got response | crates/matrix-sdk/src/http_client/mod.rs:214 | spans: root > sync_once{conn_id="room-list" pos="562/s1058_6504_62_147_255_1_257_227_0_1_1_1" timeout=30000} > send{request_id="REQ-104" method=POST uri="https://matrix.mertis.kz/_matrix/client/unstable/org.matrix.simplified_msc3575/sync" request_size="1.2k" status=200 response_size="503B" request_duration=6.850935542s}
2026-04-21T14:50:21.372395Z  WARN matrix_sdk_crypto::backups: Trying to backup room keys but no backup key was found | crates/matrix-sdk-crypto/src/backups/mod.rs:519 | spans: root
2026-04-21T14:50:21.372740Z DEBUG matrix_sdk::http_client::native: Sending request num_attempt=1 | crates/matrix-sdk/src/http_client/native.rs:78 | spans: root > next_sync_with_lock{store_generation=2} > sync_once{conn_id="encryption" pos="0/s1058_6505_62_147_257_1_257_227_0_1_1_1" timeout=30000} > send{request_id="REQ-107" method=POST uri="https://matrix.mertis.kz/_matrix/client/unstable/org.matrix.simplified_msc3575/sync" request_size="106B"}
2026-04-21T14:50:21.372801Z DEBUG matrix_sdk_crypto::session_manager::sessions: Collected user/device pairs that are missing an Olm session missing_session_devices_by_user={} timed_out_devices_by_user={} | crates/matrix-sdk-crypto/src/session_manager/sessions.rs:285 | spans: root > next_sync_with_lock{store_generation=2} > sync_once{conn_id="encryption" pos="0/s1058_6505_62_147_257_1_257_227_0_1_1_1" timeout=30000} > send_outgoing_requests > get_missing_sessions
2026-04-21T14:50:21.372815Z DEBUG matrix_sdk_base::response_processors::account_data::global: Found direct room data in the Store, applying it | crates/matrix-sdk-base/src/response_processors/account_data/global.rs:147 | spans: root > sync_once{conn_id="room-list" pos="562/s1058_6504_62_147_255_1_257_227_0_1_1_1" timeout=30000} > handle_response
2026-04-21T14:50:21.373294Z  INFO elementx: Received room list update: running | ClientProxy.swift:1143 | spans: root
2026-04-21T14:50:21.373344Z DEBUG matrix_sdk::http_client::native: Sending request num_attempt=1 | crates/matrix-sdk/src/http_client/native.rs:78 | spans: root > sync_once{conn_id="room-list" pos="562/s1058_6505_62_147_257_1_257_227_0_1_1_1" timeout=30000} > send{request_id="REQ-108" method=POST uri="https://matrix.mertis.kz/_matrix/client/unstable/org.matrix.simplified_msc3575/sync" request_size="1.2k"}
2026-04-21T14:50:24.892311Z DEBUG matrix_sdk::http_client: Got response | crates/matrix-sdk/src/http_client/mod.rs:214 | spans: root > next_sync_with_lock{store_generation=2} > sync_once{conn_id="encryption" pos="0/s1058_6505_62_147_257_1_257_227_0_1_1_1" timeout=30000} > send{request_id="REQ-107" method=POST uri="https://matrix.mertis.kz/_matrix/client/unstable/org.matrix.simplified_msc3575/sync" request_size="106B" status=200 response_size="283B" request_duration=3.519242583s}
2026-04-21T14:50:24.899044Z  WARN matrix_sdk_crypto::backups: Trying to backup room keys but no backup key was found | crates/matrix-sdk-crypto/src/backups/mod.rs:519 | spans: root
2026-04-21T14:50:24.900051Z DEBUG matrix_sdk::http_client::native: Sending request num_attempt=1 | crates/matrix-sdk/src/http_client/native.rs:78 | spans: root > next_sync_with_lock{store_generation=2} > sync_once{conn_id="encryption" pos="0/s1059_6505_62_147_257_1_257_227_0_1_1_1" timeout=30000} > send{request_id="REQ-109" method=POST uri="https://matrix.mertis.kz/_matrix/client/unstable/org.matrix.simplified_msc3575/sync" request_size="106B"}
2026-04-21T14:50:24.900180Z DEBUG matrix_sdk_crypto::session_manager::sessions: Collected user/device pairs that are missing an Olm session missing_session_devices_by_user={} timed_out_devices_by_user={} | crates/matrix-sdk-crypto/src/session_manager/sessions.rs:285 | spans: root > next_sync_with_lock{store_generation=2} > sync_once{conn_id="encryption" pos="0/s1059_6505_62_147_257_1_257_227_0_1_1_1" timeout=30000} > send_outgoing_requests > get_missing_sessions
2026-04-21T14:50:24.919123Z DEBUG matrix_sdk::http_client: Got response | crates/matrix-sdk/src/http_client/mod.rs:214 | spans: root > sync_once{conn_id="room-list" pos="562/s1058_6505_62_147_257_1_257_227_0_1_1_1" timeout=30000} > send{request_id="REQ-108" method=POST uri="https://matrix.mertis.kz/_matrix/client/unstable/org.matrix.simplified_msc3575/sync" request_size="1.2k" status=200 response_size="2.1k" request_duration=3.5456345s}
2026-04-21T14:50:24.921766Z DEBUG matrix_sdk_base::response_processors::account_data::global: Found direct room data in the Store, applying it | crates/matrix-sdk-base/src/response_processors/account_data/global.rs:147 | spans: root > sync_once{conn_id="room-list" pos="562/s1058_6505_62_147_257_1_257_227_0_1_1_1" timeout=30000} > handle_response
2026-04-21T14:50:24.923284Z  WARN matrix_sdk::widget::machine::pending: Dropping response for an expired request id=e66f20e8-b126-477b-940a-ce173b063c07 | crates/matrix-sdk/src/widget/machine/pending.rs:83 | spans: root
2026-04-21T14:50:24.923323Z  WARN matrix_sdk::widget::machine::pending: Dropping response for an expired request id=6bbe51fd-0411-4d2c-9dcf-6a303e1ed1a8 | crates/matrix-sdk/src/widget/machine/pending.rs:83 | spans: root
2026-04-21T14:50:24.923352Z  WARN matrix_sdk::widget::machine::pending: Dropping response for an expired request id=9852aca9-445e-40b5-81ff-cac52b47696b | crates/matrix-sdk/src/widget/machine/pending.rs:83 | spans: root
2026-04-21T14:50:24.923407Z  WARN matrix_sdk::widget::machine::pending: Dropping response for an expired request id=5b554116-2a16-48e1-ab69-53215c570c2e | crates/matrix-sdk/src/widget/machine/pending.rs:83 | spans: root
2026-04-21T14:50:24.923485Z  WARN matrix_sdk::widget::machine::pending: Dropping response for an expired request id=ec93879f-be40-4be6-90a3-667a0ff4ff2b | crates/matrix-sdk/src/widget/machine/pending.rs:83 | spans: root
2026-04-21T14:50:24.923515Z  WARN matrix_sdk::widget::machine::pending: Dropping response for an expired request id=89a63f49-a8fd-4ff0-b7e0-7a89b73f662b | crates/matrix-sdk/src/widget/machine/pending.rs:83 | spans: root
2026-04-21T14:50:24.923559Z  WARN matrix_sdk::widget::machine::pending: Dropping response for an expired request id=2ad790f4-b8d3-44f3-a4f3-02a841c3252c | crates/matrix-sdk/src/widget/machine/pending.rs:83 | spans: root
2026-04-21T14:50:24.923598Z  WARN matrix_sdk::widget::machine::pending: Dropping response for an expired request id=18e4fbd4-4c36-4d34-a91a-70f01c343faa | crates/matrix-sdk/src/widget/machine/pending.rs:83 | spans: root
2026-04-21T14:50:24.923625Z  WARN matrix_sdk::widget::machine::pending: Dropping response for an expired request id=028d047b-7509-4c65-bfdd-ab7b169f3677 | crates/matrix-sdk/src/widget/machine/pending.rs:83 | spans: root
2026-04-21T14:50:24.923653Z  WARN matrix_sdk::widget::machine::pending: Dropping response for an expired request id=998336bb-b925-49a2-9db7-f6d1b19830c6 | crates/matrix-sdk/src/widget/machine/pending.rs:83 | spans: root
2026-04-21T14:50:24.924288Z  INFO elementx: Received room list update: running | ClientProxy.swift:1143 | spans: root
2026-04-21T14:50:24.924705Z DEBUG matrix_sdk::http_client::native: Sending request num_attempt=1 | crates/matrix-sdk/src/http_client/native.rs:78 | spans: root > sync_once{conn_id="room-list" pos="562/s1059_6505_62_147_257_1_257_227_0_1_1_1" timeout=30000} > send{request_id="REQ-110" method=POST uri="https://matrix.mertis.kz/_matrix/client/unstable/org.matrix.simplified_msc3575/sync" request_size="1.2k"}
2026-04-21T14:50:24.933105Z ERROR elementx: Received background task early termination | ClientProxy.swift:247 | spans: root
2026-04-21T14:50:24.933171Z ERROR elementx: Received background task early termination | ClientProxy.swift:247 | spans: root
2026-04-21T14:50:24.933444Z ERROR elementx: Received background task early termination | ClientProxy.swift:247 | spans: root
2026-04-21T14:50:24.938052Z ERROR elementx: Received background task early termination | ClientProxy.swift:247 | spans: root
2026-04-21T14:50:24.938242Z ERROR elementx: Received background task early termination | ClientProxy.swift:247 | spans: root
2026-04-21T14:50:24.938454Z ERROR elementx: Received background task early termination | ClientProxy.swift:247 | spans: root
2026-04-21T14:50:25.016033Z DEBUG matrix_sdk::http_client: Got response | crates/matrix-sdk/src/http_client/mod.rs:214 | spans: root > next_sync_with_lock{store_generation=2} > sync_once{conn_id="encryption" pos="0/s1059_6505_62_147_257_1_257_227_0_1_1_1" timeout=30000} > send{request_id="REQ-109" method=POST uri="https://matrix.mertis.kz/_matrix/client/unstable/org.matrix.simplified_msc3575/sync" request_size="106B" status=200 response_size="2.0k" request_duration=115.790709ms}
2026-04-21T14:50:25.018450Z DEBUG matrix_sdk_crypto::machine: Received a to-device event | crates/matrix-sdk-crypto/src/machine/mod.rs:1543 | spans: root > next_sync_with_lock{store_generation=2} > sync_once{conn_id="encryption" pos="0/s1059_6505_62_147_257_1_257_227_0_1_1_1" timeout=30000} > handle_response > receive_sync_changes > receive_to_device_event{sender="@alm:mertis.kz" event_type="m.room.encrypted" message_id="01KPR8ARTMAFTFCF0Z41B157A8"}
2026-04-21T14:50:25.018504Z TRACE matrix_sdk_crypto::olm::account: Decrypting a to-device event | crates/matrix-sdk-crypto/src/olm/account.rs:1255 | spans: root > next_sync_with_lock{store_generation=2} > sync_once{conn_id="encryption" pos="0/s1059_6505_62_147_257_1_257_227_0_1_1_1" timeout=30000} > handle_response > receive_sync_changes > receive_to_device_event{sender="@alm:mertis.kz" event_type="m.room.encrypted" message_id="01KPR8ARTMAFTFCF0Z41B157A8"} > decrypt_to_device_event{algorithm="m.olm.v1.curve25519-aes-sha2"}
2026-04-21T14:50:25.019114Z DEBUG matrix_sdk_crypto::olm::session: Decrypted an Olm message session=Session { session_id: "IzRhrd5/gmT18vQEycCENWrFebybi6pD1CGfwPM3ubo", sending_ratchet: DoubleRatchet(InactiveDoubleRatchet { ratchet_count: 1, ratchet_key: "curve25519:KpNTvAIeVvL1zDX0R6746im5dIuXmAFHhTWx/FSb2ww", .. }), receiving_chains: [ReceiverChain { ratchet_count: 1, ratchet_key: "curve25519:KpNTvAIeVvL1zDX0R6746im5dIuXmAFHhTWx/FSb2ww", chain_index: 2, skipped_message_keys: [], .. }], config: SessionConfig { version: V1 }, .. } | crates/matrix-sdk-crypto/src/olm/session.rs:86 | spans: root > next_sync_with_lock{store_generation=2} > sync_once{conn_id="encryption" pos="0/s1059_6505_62_147_257_1_257_227_0_1_1_1" timeout=30000} > handle_response > receive_sync_changes > receive_to_device_event{sender="@alm:mertis.kz" event_type="m.room.encrypted" message_id="01KPR8ARTMAFTFCF0Z41B157A8"} > decrypt_to_device_event{algorithm="m.olm.v1.curve25519-aes-sha2"} > decrypt_olm_v1{sender_key="curve25519:CvmUjKI/SB+ISUMqblZFRRXWzLcayd+rAU+R5uLaUGE"} > decrypt_and_parse_olm_message{sender="@alm:mertis.kz" sender_key="curve25519:CvmUjKI/SB+ISUMqblZFRRXWzLcayd+rAU+R5uLaUGE" Normal(Message { version: 3, ratchet_key: "curve25519:KpNTvAIeVvL1zDX0R6746im5dIuXmAFHhTWx/FSb2ww", chain_index: 1, .. }) decryption_settings=DecryptionSettings { sender_device_trust_requirement: Untrusted } session_id="IzRhrd5/gmT18vQEycCENWrFebybi6pD1CGfwPM3ubo"}
2026-04-21T14:50:25.019167Z TRACE matrix_sdk_crypto::olm::account: Successfully decrypted an Olm message | crates/matrix-sdk-crypto/src/olm/account.rs:1430 | spans: root > next_sync_with_lock{store_generation=2} > sync_once{conn_id="encryption" pos="0/s1059_6505_62_147_257_1_257_227_0_1_1_1" timeout=30000} > handle_response > receive_sync_changes > receive_to_device_event{sender="@alm:mertis.kz" event_type="m.room.encrypted" message_id="01KPR8ARTMAFTFCF0Z41B157A8"} > decrypt_to_device_event{algorithm="m.olm.v1.curve25519-aes-sha2"} > decrypt_olm_v1{sender_key="curve25519:CvmUjKI/SB+ISUMqblZFRRXWzLcayd+rAU+R5uLaUGE"} > decrypt_and_parse_olm_message{sender="@alm:mertis.kz" sender_key="curve25519:CvmUjKI/SB+ISUMqblZFRRXWzLcayd+rAU+R5uLaUGE" Normal(Message { version: 3, ratchet_key: "curve25519:KpNTvAIeVvL1zDX0R6746im5dIuXmAFHhTWx/FSb2ww", chain_index: 1, .. }) decryption_settings=DecryptionSettings { sender_device_trust_requirement: Untrusted } session_id="IzRhrd5/gmT18vQEycCENWrFebybi6pD1CGfwPM3ubo"}
2026-04-21T14:50:25.021554Z TRACE matrix_sdk_crypto::olm::account: check_to_device_sender_trust_requirement verification_state=Unverified(UnsignedDevice) trust_requirement=Untrusted | crates/matrix-sdk-crypto/src/olm/account.rs:1877 | spans: root > next_sync_with_lock{store_generation=2} > sync_once{conn_id="encryption" pos="0/s1059_6505_62_147_257_1_257_227_0_1_1_1" timeout=30000} > handle_response > receive_sync_changes > receive_to_device_event{sender="@alm:mertis.kz" event_type="m.room.encrypted" message_id="01KPR8ARTMAFTFCF0Z41B157A8"} > decrypt_to_device_event{algorithm="m.olm.v1.curve25519-aes-sha2"} > decrypt_olm_v1{sender_key="curve25519:CvmUjKI/SB+ISUMqblZFRRXWzLcayd+rAU+R5uLaUGE"} > decrypt_and_parse_olm_message{sender="@alm:mertis.kz" sender_key="curve25519:CvmUjKI/SB+ISUMqblZFRRXWzLcayd+rAU+R5uLaUGE" Normal(Message { version: 3, ratchet_key: "curve25519:KpNTvAIeVvL1zDX0R6746im5dIuXmAFHhTWx/FSb2ww", chain_index: 1, .. }) decryption_settings=DecryptionSettings { sender_device_trust_requirement: Untrusted } session_id="IzRhrd5/gmT18vQEycCENWrFebybi6pD1CGfwPM3ubo"}
2026-04-21T14:50:25.022470Z DEBUG matrix_sdk_crypto::machine: Received a decrypted to-device event sender_device_keys=(Some("curve25519:CvmUjKI/SB+ISUMqblZFRRXWzLcayd+rAU+R5uLaUGE"), Some("ed25519:J9T8A/466YesZMJ45YYV6y/MWPrZLgOEZSXPNI68s3k")) | crates/matrix-sdk-crypto/src/machine/mod.rs:1361 | spans: root > next_sync_with_lock{store_generation=2} > sync_once{conn_id="encryption" pos="0/s1059_6505_62_147_257_1_257_227_0_1_1_1" timeout=30000} > handle_response > receive_sync_changes > receive_to_device_event{sender="@alm:mertis.kz" event_type="m.room.encrypted" message_id="01KPR8ARTMAFTFCF0Z41B157A8"} > handle_decrypted_to_device_event{sender_key="curve25519:CvmUjKI/SB+ISUMqblZFRRXWzLcayd+rAU+R5uLaUGE" event_type="io.element.call.encryption_keys"}
2026-04-21T14:50:25.022490Z  WARN matrix_sdk_crypto::machine: Received an unexpected encrypted to-device event | crates/matrix-sdk-crypto/src/machine/mod.rs:1413 | spans: root > next_sync_with_lock{store_generation=2} > sync_once{conn_id="encryption" pos="0/s1059_6505_62_147_257_1_257_227_0_1_1_1" timeout=30000} > handle_response > receive_sync_changes > receive_to_device_event{sender="@alm:mertis.kz" event_type="m.room.encrypted" message_id="01KPR8ARTMAFTFCF0Z41B157A8"} > handle_decrypted_to_device_event{sender_key="curve25519:CvmUjKI/SB+ISUMqblZFRRXWzLcayd+rAU+R5uLaUGE" event_type="io.element.call.encryption_keys"}
2026-04-21T14:50:25.025240Z  WARN matrix_sdk_crypto::backups: Trying to backup room keys but no backup key was found | crates/matrix-sdk-crypto/src/backups/mod.rs:519 | spans: root
2026-04-21T14:50:25.026243Z DEBUG matrix_sdk::http_client::native: Sending request num_attempt=1 | crates/matrix-sdk/src/http_client/native.rs:78 | spans: root > next_sync_with_lock{store_generation=2} > sync_once{conn_id="encryption" pos="0/s1059_6505_62_147_257_1_258_227_0_1_1_1" timeout=30000} > send{request_id="REQ-111" method=POST uri="https://matrix.mertis.kz/_matrix/client/unstable/org.matrix.simplified_msc3575/sync" request_size="106B"}
2026-04-21T14:50:25.026341Z DEBUG matrix_sdk_crypto::session_manager::sessions: Collected user/device pairs that are missing an Olm session missing_session_devices_by_user={} timed_out_devices_by_user={} | crates/matrix-sdk-crypto/src/session_manager/sessions.rs:285 | spans: root > next_sync_with_lock{store_generation=2} > sync_once{conn_id="encryption" pos="0/s1059_6505_62_147_257_1_258_227_0_1_1_1" timeout=30000} > send_outgoing_requests > get_missing_sessions
2026-04-21T14:50:32.182646Z DEBUG matrix_sdk::http_client: Got response | crates/matrix-sdk/src/http_client/mod.rs:214 | spans: root > next_sync_with_lock{store_generation=2} > sync_once{conn_id="encryption" pos="0/s1059_6505_62_147_257_1_258_227_0_1_1_1" timeout=30000} > send{request_id="REQ-111" method=POST uri="https://matrix.mertis.kz/_matrix/client/unstable/org.matrix.simplified_msc3575/sync" request_size="106B" status=200 response_size="283B" request_duration=7.155836s}
2026-04-21T14:50:32.185339Z  WARN matrix_sdk_crypto::backups: Trying to backup room keys but no backup key was found | crates/matrix-sdk-crypto/src/backups/mod.rs:519 | spans: root
2026-04-21T14:50:32.185838Z DEBUG matrix_sdk::http_client::native: Sending request num_attempt=1 | crates/matrix-sdk/src/http_client/native.rs:78 | spans: root > next_sync_with_lock{store_generation=2} > sync_once{conn_id="encryption" pos="0/s1060_6506_62_147_257_1_258_227_0_1_1_1" timeout=30000} > send{request_id="REQ-112" method=POST uri="https://matrix.mertis.kz/_matrix/client/unstable/org.matrix.simplified_msc3575/sync" request_size="106B"}
2026-04-21T14:50:32.185899Z DEBUG matrix_sdk_crypto::session_manager::sessions: Collected user/device pairs that are missing an Olm session missing_session_devices_by_user={} timed_out_devices_by_user={} | crates/matrix-sdk-crypto/src/session_manager/sessions.rs:285 | spans: root > next_sync_with_lock{store_generation=2} > sync_once{conn_id="encryption" pos="0/s1060_6506_62_147_257_1_258_227_0_1_1_1" timeout=30000} > send_outgoing_requests > get_missing_sessions
2026-04-21T14:50:32.211892Z DEBUG matrix_sdk::http_client: Got response | crates/matrix-sdk/src/http_client/mod.rs:214 | spans: root > sync_once{conn_id="room-list" pos="562/s1059_6505_62_147_257_1_257_227_0_1_1_1" timeout=30000} > send{request_id="REQ-110" method=POST uri="https://matrix.mertis.kz/_matrix/client/unstable/org.matrix.simplified_msc3575/sync" request_size="1.2k" status=200 response_size="2.2k" request_duration=7.287048917s}
2026-04-21T14:50:32.212880Z DEBUG matrix_sdk_base::response_processors::account_data::global: Found direct room data in the Store, applying it | crates/matrix-sdk-base/src/response_processors/account_data/global.rs:147 | spans: root > sync_once{conn_id="room-list" pos="562/s1059_6505_62_147_257_1_257_227_0_1_1_1" timeout=30000} > handle_response
2026-04-21T14:50:32.214779Z  INFO elementx: Received room list update: running | ClientProxy.swift:1143 | spans: root
2026-04-21T14:50:32.214939Z DEBUG matrix_sdk::http_client::native: Sending request num_attempt=1 | crates/matrix-sdk/src/http_client/native.rs:78 | spans: root > sync_once{conn_id="room-list" pos="562/s1060_6506_62_147_257_1_258_227_0_1_1_1" timeout=30000} > send{request_id="REQ-113" method=POST uri="https://matrix.mertis.kz/_matrix/client/unstable/org.matrix.simplified_msc3575/sync" request_size="1.2k"}
2026-04-21T14:50:32.219531Z ERROR elementx: Received background task early termination | ClientProxy.swift:247 | spans: root
2026-04-21T14:50:32.219577Z ERROR elementx: Received background task early termination | ClientProxy.swift:247 | spans: root
2026-04-21T14:50:32.222928Z ERROR elementx: Received background task early termination | ClientProxy.swift:247 | spans: root
2026-04-21T14:50:32.224853Z ERROR elementx: Received background task early termination | ClientProxy.swift:247 | spans: root
2026-04-21T14:50:32.225122Z ERROR elementx: Received background task early termination | ClientProxy.swift:247 | spans: root
2026-04-21T14:50:32.226070Z ERROR elementx: Received background task early termination | ClientProxy.swift:247 | spans: root
2026-04-21T14:50:32.228663Z ERROR elementx: Received background task early termination | ClientProxy.swift:247 | spans: root
2026-04-21T14:50:32.229812Z ERROR elementx: Received background task early termination | ClientProxy.swift:247 | spans: root
2026-04-21T14:50:32.470964Z DEBUG matrix_sdk::http_client: Got response | crates/matrix-sdk/src/http_client/mod.rs:214 | spans: root > next_sync_with_lock{store_generation=2} > sync_once{conn_id="encryption" pos="0/s1060_6506_62_147_257_1_258_227_0_1_1_1" timeout=30000} > send{request_id="REQ-112" method=POST uri="https://matrix.mertis.kz/_matrix/client/unstable/org.matrix.simplified_msc3575/sync" request_size="106B" status=200 response_size="283B" request_duration=284.95825ms}
2026-04-21T14:50:32.473881Z  WARN matrix_sdk_crypto::backups: Trying to backup room keys but no backup key was found | crates/matrix-sdk-crypto/src/backups/mod.rs:519 | spans: root
2026-04-21T14:50:32.474472Z DEBUG matrix_sdk::http_client::native: Sending request num_attempt=1 | crates/matrix-sdk/src/http_client/native.rs:78 | spans: root > next_sync_with_lock{store_generation=2} > sync_once{conn_id="encryption" pos="0/s1061_6506_62_147_257_1_258_227_0_1_1_1" timeout=30000} > send{request_id="REQ-114" method=POST uri="https://matrix.mertis.kz/_matrix/client/unstable/org.matrix.simplified_msc3575/sync" request_size="106B"}
2026-04-21T14:50:32.474590Z DEBUG matrix_sdk_crypto::session_manager::sessions: Collected user/device pairs that are missing an Olm session missing_session_devices_by_user={} timed_out_devices_by_user={} | crates/matrix-sdk-crypto/src/session_manager/sessions.rs:285 | spans: root > next_sync_with_lock{store_generation=2} > sync_once{conn_id="encryption" pos="0/s1061_6506_62_147_257_1_258_227_0_1_1_1" timeout=30000} > send_outgoing_requests > get_missing_sessions
2026-04-21T14:50:32.497920Z DEBUG matrix_sdk::http_client: Got response | crates/matrix-sdk/src/http_client/mod.rs:214 | spans: root > sync_once{conn_id="room-list" pos="562/s1060_6506_62_147_257_1_258_227_0_1_1_1" timeout=30000} > send{request_id="REQ-113" method=POST uri="https://matrix.mertis.kz/_matrix/client/unstable/org.matrix.simplified_msc3575/sync" request_size="1.2k" status=200 response_size="2.1k" request_duration=282.890583ms}
2026-04-21T14:50:32.501381Z DEBUG matrix_sdk_base::response_processors::account_data::global: Found direct room data in the Store, applying it | crates/matrix-sdk-base/src/response_processors/account_data/global.rs:147 | spans: root > sync_once{conn_id="room-list" pos="562/s1060_6506_62_147_257_1_258_227_0_1_1_1" timeout=30000} > handle_response
2026-04-21T14:50:32.514317Z  INFO elementx: Received room list update: running | ClientProxy.swift:1143 | spans: root
2026-04-21T14:50:32.514628Z DEBUG matrix_sdk::http_client::native: Sending request num_attempt=1 | crates/matrix-sdk/src/http_client/native.rs:78 | spans: root > sync_once{conn_id="room-list" pos="562/s1061_6506_62_147_257_1_258_227_0_1_1_1" timeout=30000} > send{request_id="REQ-115" method=POST uri="https://matrix.mertis.kz/_matrix/client/unstable/org.matrix.simplified_msc3575/sync" request_size="1.2k"}
2026-04-21T14:50:32.526562Z ERROR elementx: Received background task early termination | ClientProxy.swift:247 | spans: root
2026-04-21T14:50:32.535846Z ERROR elementx: Received background task early termination | ClientProxy.swift:247 | spans: root
2026-04-21T14:50:34.590076Z DEBUG matrix_sdk::http_client: Got response | crates/matrix-sdk/src/http_client/mod.rs:214 | spans: root > next_sync_with_lock{store_generation=2} > sync_once{conn_id="encryption" pos="0/s1061_6506_62_147_257_1_258_227_0_1_1_1" timeout=30000} > send{request_id="REQ-114" method=POST uri="https://matrix.mertis.kz/_matrix/client/unstable/org.matrix.simplified_msc3575/sync" request_size="106B" status=200 response_size="283B" request_duration=2.115386584s}
2026-04-21T14:50:34.596817Z  WARN matrix_sdk_crypto::backups: Trying to backup room keys but no backup key was found | crates/matrix-sdk-crypto/src/backups/mod.rs:519 | spans: root
2026-04-21T14:50:34.597602Z DEBUG matrix_sdk::http_client::native: Sending request num_attempt=1 | crates/matrix-sdk/src/http_client/native.rs:78 | spans: root > next_sync_with_lock{store_generation=2} > sync_once{conn_id="encryption" pos="0/s1062_6506_62_147_257_1_258_227_0_1_1_1" timeout=30000} > send{request_id="REQ-116" method=POST uri="https://matrix.mertis.kz/_matrix/client/unstable/org.matrix.simplified_msc3575/sync" request_size="106B"}
2026-04-21T14:50:34.597733Z DEBUG matrix_sdk_crypto::session_manager::sessions: Collected user/device pairs that are missing an Olm session missing_session_devices_by_user={} timed_out_devices_by_user={} | crates/matrix-sdk-crypto/src/session_manager/sessions.rs:285 | spans: root > next_sync_with_lock{store_generation=2} > sync_once{conn_id="encryption" pos="0/s1062_6506_62_147_257_1_258_227_0_1_1_1" timeout=30000} > send_outgoing_requests > get_missing_sessions
2026-04-21T14:50:34.682515Z DEBUG matrix_sdk::http_client: Got response | crates/matrix-sdk/src/http_client/mod.rs:214 | spans: root > sync_once{conn_id="room-list" pos="562/s1061_6506_62_147_257_1_258_227_0_1_1_1" timeout=30000} > send{request_id="REQ-115" method=POST uri="https://matrix.mertis.kz/_matrix/client/unstable/org.matrix.simplified_msc3575/sync" request_size="1.2k" status=200 response_size="2.1k" request_duration=2.167650833s}
2026-04-21T14:50:34.685446Z DEBUG matrix_sdk_base::response_processors::account_data::global: Found direct room data in the Store, applying it | crates/matrix-sdk-base/src/response_processors/account_data/global.rs:147 | spans: root > sync_once{conn_id="room-list" pos="562/s1061_6506_62_147_257_1_258_227_0_1_1_1" timeout=30000} > handle_response
2026-04-21T14:50:34.688871Z  INFO elementx: Received room list update: running | ClientProxy.swift:1143 | spans: root
2026-04-21T14:50:34.689590Z DEBUG matrix_sdk::http_client::native: Sending request num_attempt=1 | crates/matrix-sdk/src/http_client/native.rs:78 | spans: root > sync_once{conn_id="room-list" pos="562/s1062_6506_62_147_257_1_258_227_0_1_1_1" timeout=30000} > send{request_id="REQ-117" method=POST uri="https://matrix.mertis.kz/_matrix/client/unstable/org.matrix.simplified_msc3575/sync" request_size="1.2k"}
2026-04-21T14:50:34.699002Z ERROR elementx: Received background task early termination | ClientProxy.swift:247 | spans: root
2026-04-21T14:50:57.657422Z DEBUG matrix_sdk::http_client: Got response | crates/matrix-sdk/src/http_client/mod.rs:214 | spans: root > next_sync_with_lock{store_generation=2} > sync_once{conn_id="encryption" pos="0/s1062_6506_62_147_257_1_258_227_0_1_1_1" timeout=30000} > send{request_id="REQ-116" method=POST uri="https://matrix.mertis.kz/_matrix/client/unstable/org.matrix.simplified_msc3575/sync" request_size="106B" status=200 response_size="283B" request_duration=23.056047083s}
2026-04-21T14:50:57.687768Z DEBUG matrix_sdk::http_client: Got response | crates/matrix-sdk/src/http_client/mod.rs:214 | spans: root > sync_once{conn_id="room-list" pos="562/s1062_6506_62_147_257_1_258_227_0_1_1_1" timeout=30000} > send{request_id="REQ-117" method=POST uri="https://matrix.mertis.kz/_matrix/client/unstable/org.matrix.simplified_msc3575/sync" request_size="1.2k" status=200 response_size="2.1k" request_duration=22.994102667s}
2026-04-21T14:50:57.697650Z  WARN matrix_sdk_crypto::backups: Trying to backup room keys but no backup key was found | crates/matrix-sdk-crypto/src/backups/mod.rs:519 | spans: root
2026-04-21T14:50:57.702449Z DEBUG matrix_sdk::http_client::native: Sending request num_attempt=1 | crates/matrix-sdk/src/http_client/native.rs:78 | spans: root > next_sync_with_lock{store_generation=2} > sync_once{conn_id="encryption" pos="0/s1063_6506_62_147_257_1_258_227_0_1_1_1" timeout=30000} > send{request_id="REQ-118" method=POST uri="https://matrix.mertis.kz/_matrix/client/unstable/org.matrix.simplified_msc3575/sync" request_size="106B"}
2026-04-21T14:50:57.702866Z DEBUG matrix_sdk_crypto::session_manager::sessions: Collected user/device pairs that are missing an Olm session missing_session_devices_by_user={} timed_out_devices_by_user={} | crates/matrix-sdk-crypto/src/session_manager/sessions.rs:285 | spans: root > next_sync_with_lock{store_generation=2} > sync_once{conn_id="encryption" pos="0/s1063_6506_62_147_257_1_258_227_0_1_1_1" timeout=30000} > send_outgoing_requests > get_missing_sessions
2026-04-21T14:50:57.731454Z DEBUG matrix_sdk_base::response_processors::account_data::global: Found direct room data in the Store, applying it | crates/matrix-sdk-base/src/response_processors/account_data/global.rs:147 | spans: root > sync_once{conn_id="room-list" pos="562/s1062_6506_62_147_257_1_258_227_0_1_1_1" timeout=30000} > handle_response
2026-04-21T14:50:57.742625Z  WARN matrix_sdk::widget::machine::pending: Dropping response for an expired request id=a1629a0d-bf7f-45f3-93ed-f4c51b84208d | crates/matrix-sdk/src/widget/machine/pending.rs:83 | spans: root
2026-04-21T14:50:57.742725Z  WARN matrix_sdk::widget::machine::pending: Dropping response for an expired request id=9065d151-ee1c-414c-abff-60f10fa4d437 | crates/matrix-sdk/src/widget/machine/pending.rs:83 | spans: root
2026-04-21T14:50:57.742792Z  WARN matrix_sdk::widget::machine::pending: Dropping response for an expired request id=1cd29327-c377-4f28-b064-f0096596fc42 | crates/matrix-sdk/src/widget/machine/pending.rs:83 | spans: root
2026-04-21T14:50:57.742809Z  WARN matrix_sdk::widget::machine::pending: Dropping response for an expired request id=07f54554-9767-40bc-b7e5-4e0a4ddb810e | crates/matrix-sdk/src/widget/machine/pending.rs:83 | spans: root
2026-04-21T14:50:57.742820Z  WARN matrix_sdk::widget::machine::pending: Dropping response for an expired request id=d7fb2f2c-7fef-473c-9b9a-046b58b4be8f | crates/matrix-sdk/src/widget/machine/pending.rs:83 | spans: root
2026-04-21T14:50:57.742830Z  WARN matrix_sdk::widget::machine::pending: Dropping response for an expired request id=7ff019a7-0e1b-4109-99c7-7a19a846beb1 | crates/matrix-sdk/src/widget/machine/pending.rs:83 | spans: root
2026-04-21T14:50:57.742840Z  WARN matrix_sdk::widget::machine::pending: Dropping response for an expired request id=2b85be2e-9995-4d46-859f-e42088ec6a76 | crates/matrix-sdk/src/widget/machine/pending.rs:83 | spans: root
2026-04-21T14:50:57.742849Z  WARN matrix_sdk::widget::machine::pending: Dropping response for an expired request id=ecb4a141-1e8f-4fd3-92f3-3e41dde95a49 | crates/matrix-sdk/src/widget/machine/pending.rs:83 | spans: root
2026-04-21T14:50:57.742858Z  WARN matrix_sdk::widget::machine::pending: Dropping response for an expired request id=9f3c4c9c-ce20-4507-bd52-90e5b7e8ad0a | crates/matrix-sdk/src/widget/machine/pending.rs:83 | spans: root
2026-04-21T14:50:57.742912Z  WARN matrix_sdk::widget::machine::pending: Dropping response for an expired request id=61f177c7-9da5-49c9-b9a5-da12f889f16a | crates/matrix-sdk/src/widget/machine/pending.rs:83 | spans: root
2026-04-21T14:50:57.742944Z  WARN matrix_sdk::widget::machine::pending: Dropping response for an expired request id=1360a60a-07a6-4e22-9dad-f0221e95aa7a | crates/matrix-sdk/src/widget/machine/pending.rs:83 | spans: root
2026-04-21T14:50:57.742979Z  WARN matrix_sdk::widget::machine::pending: Dropping response for an expired request id=39164d4e-7cf4-4ed3-b66c-53ffcb253ddb | crates/matrix-sdk/src/widget/machine/pending.rs:83 | spans: root
2026-04-21T14:50:57.743015Z  WARN matrix_sdk::widget::machine::pending: Dropping response for an expired request id=f0090fdb-2ab6-43fb-bd88-65611074988f | crates/matrix-sdk/src/widget/machine/pending.rs:83 | spans: root
2026-04-21T14:50:57.743056Z  WARN matrix_sdk::widget::machine::pending: Dropping response for an expired request id=8868773e-32cd-4bb3-9fd2-f27e0e7764c7 | crates/matrix-sdk/src/widget/machine/pending.rs:83 | spans: root
2026-04-21T14:50:57.743085Z  WARN matrix_sdk::widget::machine::pending: Dropping response for an expired request id=e6693537-00b0-4ae7-825a-cbd2b0df6563 | crates/matrix-sdk/src/widget/machine/pending.rs:83 | spans: root
2026-04-21T14:50:57.743111Z  WARN matrix_sdk::widget::machine::pending: Dropping response for an expired request id=50b547a4-1ec0-418b-8d23-18cef3668dc3 | crates/matrix-sdk/src/widget/machine/pending.rs:83 | spans: root
2026-04-21T14:50:57.743157Z  WARN matrix_sdk::widget::machine::pending: Dropping response for an expired request id=0c72f931-9ae8-4cd2-b334-83634d347492 | crates/matrix-sdk/src/widget/machine/pending.rs:83 | spans: root
2026-04-21T14:50:57.743188Z  WARN matrix_sdk::widget::machine::pending: Dropping response for an expired request id=e03dbbf4-2c09-469c-99e1-9c590ccd985a | crates/matrix-sdk/src/widget/machine/pending.rs:83 | spans: root
2026-04-21T14:50:57.743227Z  WARN matrix_sdk::widget::machine::pending: Dropping response for an expired request id=9726703b-d2eb-4aec-8ccc-a5249ef72d43 | crates/matrix-sdk/src/widget/machine/pending.rs:83 | spans: root
2026-04-21T14:50:57.743248Z  WARN matrix_sdk::widget::machine::pending: Dropping response for an expired request id=21077346-ad99-4437-bdef-18f60fae5d59 | crates/matrix-sdk/src/widget/machine/pending.rs:83 | spans: root
2026-04-21T14:50:57.743262Z  WARN matrix_sdk::widget::machine::pending: Dropping response for an expired request id=2629efab-fd25-4609-a045-619eb754e583 | crates/matrix-sdk/src/widget/machine/pending.rs:83 | spans: root
2026-04-21T14:50:57.743272Z  WARN matrix_sdk::widget::machine::pending: Dropping response for an expired request id=967a8943-f829-43b1-b46a-056e3621a84d | crates/matrix-sdk/src/widget/machine/pending.rs:83 | spans: root
2026-04-21T14:50:57.743292Z  WARN matrix_sdk::widget::machine::pending: Dropping response for an expired request id=764049a6-b0a3-45c1-ac25-260427927378 | crates/matrix-sdk/src/widget/machine/pending.rs:83 | spans: root
2026-04-21T14:50:57.743303Z  WARN matrix_sdk::widget::machine::pending: Dropping response for an expired request id=756bdda1-9138-4544-a633-39ac02daa633 | crates/matrix-sdk/src/widget/machine/pending.rs:83 | spans: root
2026-04-21T14:50:57.743313Z  WARN matrix_sdk::widget::machine::pending: Dropping response for an expired request id=e6526727-3a64-4504-a65a-a512a6dc59ee | crates/matrix-sdk/src/widget/machine/pending.rs:83 | spans: root
2026-04-21T14:50:57.743331Z  WARN matrix_sdk::widget::machine::pending: Dropping response for an expired request id=60ffcb4e-9c0e-461f-877a-2015f6426504 | crates/matrix-sdk/src/widget/machine/pending.rs:83 | spans: root
2026-04-21T14:50:57.743352Z  WARN matrix_sdk::widget::machine::pending: Dropping response for an expired request id=f0661568-816f-43b8-a70d-17db973c7051 | crates/matrix-sdk/src/widget/machine/pending.rs:83 | spans: root
2026-04-21T14:50:57.747183Z  INFO elementx: Received room list update: running | ClientProxy.swift:1143 | spans: root
2026-04-21T14:50:57.747929Z DEBUG matrix_sdk::http_client::native: Sending request num_attempt=1 | crates/matrix-sdk/src/http_client/native.rs:78 | spans: root > sync_once{conn_id="room-list" pos="562/s1063_6506_62_147_257_1_258_227_0_1_1_1" timeout=30000} > send{request_id="REQ-119" method=POST uri="https://matrix.mertis.kz/_matrix/client/unstable/org.matrix.simplified_msc3575/sync" request_size="1.2k"}
2026-04-21T14:50:57.776686Z ERROR elementx: Received background task early termination | ClientProxy.swift:247 | spans: root
2026-04-21T14:50:57.776733Z ERROR elementx: Received background task early termination | ClientProxy.swift:247 | spans: root
2026-04-21T14:50:57.776755Z ERROR elementx: Received background task early termination | ClientProxy.swift:247 | spans: root
2026-04-21T14:50:57.796864Z ERROR elementx: Received background task early termination | ClientProxy.swift:247 | spans: root
2026-04-21T14:50:57.796946Z ERROR elementx: Received background task early termination | ClientProxy.swift:247 | spans: root
2026-04-21T14:50:57.797274Z ERROR elementx: Received background task early termination | ClientProxy.swift:247 | spans: root
2026-04-21T14:51:27.733026Z DEBUG matrix_sdk::http_client: Got response | crates/matrix-sdk/src/http_client/mod.rs:214 | spans: root > next_sync_with_lock{store_generation=2} > sync_once{conn_id="encryption" pos="0/s1063_6506_62_147_257_1_258_227_0_1_1_1" timeout=30000} > send{request_id="REQ-118" method=POST uri="https://matrix.mertis.kz/_matrix/client/unstable/org.matrix.simplified_msc3575/sync" request_size="106B" status=200 response_size="283B" request_duration=30.019349875s}
2026-04-21T14:51:27.754942Z DEBUG matrix_sdk::http_client: Got response | crates/matrix-sdk/src/http_client/mod.rs:214 | spans: root > sync_once{conn_id="room-list" pos="562/s1063_6506_62_147_257_1_258_227_0_1_1_1" timeout=30000} > send{request_id="REQ-119" method=POST uri="https://matrix.mertis.kz/_matrix/client/unstable/org.matrix.simplified_msc3575/sync" request_size="1.2k" status=200 response_size="376B" request_duration=30.005182458s}
2026-04-21T14:51:27.766655Z  WARN matrix_sdk_crypto::backups: Trying to backup room keys but no backup key was found | crates/matrix-sdk-crypto/src/backups/mod.rs:519 | spans: root
2026-04-21T14:51:27.779558Z DEBUG matrix_sdk::http_client::native: Sending request num_attempt=1 | crates/matrix-sdk/src/http_client/native.rs:78 | spans: root > sync_once{conn_id="room-list" pos="562/s1063_6506_62_147_257_1_258_227_0_1_1_1" timeout=30000} > send{request_id="REQ-121" method=POST uri="https://matrix.mertis.kz/_matrix/client/unstable/org.matrix.simplified_msc3575/sync" request_size="1.2k"}
2026-04-21T14:51:27.779616Z DEBUG matrix_sdk::http_client::native: Sending request num_attempt=1 | crates/matrix-sdk/src/http_client/native.rs:78 | spans: root > next_sync_with_lock{store_generation=2} > sync_once{conn_id="encryption" pos="0/s1063_6506_62_147_257_1_258_227_0_1_1_1" timeout=30000} > send{request_id="REQ-120" method=POST uri="https://matrix.mertis.kz/_matrix/client/unstable/org.matrix.simplified_msc3575/sync" request_size="106B"}
2026-04-21T14:51:27.780762Z DEBUG matrix_sdk_crypto::session_manager::sessions: Collected user/device pairs that are missing an Olm session missing_session_devices_by_user={} timed_out_devices_by_user={} | crates/matrix-sdk-crypto/src/session_manager/sessions.rs:285 | spans: root > next_sync_with_lock{store_generation=2} > sync_once{conn_id="encryption" pos="0/s1063_6506_62_147_257_1_258_227_0_1_1_1" timeout=30000} > send_outgoing_requests > get_missing_sessions
2026-04-21T14:51:27.787614Z  INFO elementx: Received room list update: running | ClientProxy.swift:1143 | spans: root
2026-04-21T14:51:57.829851Z DEBUG matrix_sdk::http_client: Got response | crates/matrix-sdk/src/http_client/mod.rs:214 | spans: root > next_sync_with_lock{store_generation=2} > sync_once{conn_id="encryption" pos="0/s1063_6506_62_147_257_1_258_227_0_1_1_1" timeout=30000} > send{request_id="REQ-120" method=POST uri="https://matrix.mertis.kz/_matrix/client/unstable/org.matrix.simplified_msc3575/sync" request_size="106B" status=200 response_size="283B" request_duration=30.036725791s}
2026-04-21T14:51:57.829937Z DEBUG matrix_sdk::http_client: Got response | crates/matrix-sdk/src/http_client/mod.rs:214 | spans: root > sync_once{conn_id="room-list" pos="562/s1063_6506_62_147_257_1_258_227_0_1_1_1" timeout=30000} > send{request_id="REQ-121" method=POST uri="https://matrix.mertis.kz/_matrix/client/unstable/org.matrix.simplified_msc3575/sync" request_size="1.2k" status=200 response_size="376B" request_duration=30.038808375s}
2026-04-21T14:51:57.898496Z  WARN matrix_sdk_crypto::backups: Trying to backup room keys but no backup key was found | crates/matrix-sdk-crypto/src/backups/mod.rs:519 | spans: root
2026-04-21T14:51:57.931754Z DEBUG matrix_sdk::http_client::native: Sending request num_attempt=1 | crates/matrix-sdk/src/http_client/native.rs:78 | spans: root > next_sync_with_lock{store_generation=2} > sync_once{conn_id="encryption" pos="0/s1063_6506_62_147_257_1_258_227_0_1_1_1" timeout=30000} > send{request_id="REQ-122" method=POST uri="https://matrix.mertis.kz/_matrix/client/unstable/org.matrix.simplified_msc3575/sync" request_size="106B"}
2026-04-21T14:51:57.931864Z DEBUG matrix_sdk::http_client::native: Sending request num_attempt=1 | crates/matrix-sdk/src/http_client/native.rs:78 | spans: root > sync_once{conn_id="room-list" pos="562/s1063_6506_62_147_257_1_258_227_0_1_1_1" timeout=30000} > send{request_id="REQ-123" method=POST uri="https://matrix.mertis.kz/_matrix/client/unstable/org.matrix.simplified_msc3575/sync" request_size="1.2k"}
2026-04-21T14:51:57.933501Z DEBUG matrix_sdk_crypto::session_manager::sessions: Collected user/device pairs that are missing an Olm session missing_session_devices_by_user={} timed_out_devices_by_user={} | crates/matrix-sdk-crypto/src/session_manager/sessions.rs:285 | spans: root > next_sync_with_lock{store_generation=2} > sync_once{conn_id="encryption" pos="0/s1063_6506_62_147_257_1_258_227_0_1_1_1" timeout=30000} > send_outgoing_requests > get_missing_sessions
2026-04-21T14:51:57.934715Z  INFO elementx: Received room list update: running | ClientProxy.swift:1143 | spans: root
2026-04-21T14:52:28.014848Z DEBUG matrix_sdk::http_client: Got response | crates/matrix-sdk/src/http_client/mod.rs:214 | spans: root > sync_once{conn_id="room-list" pos="562/s1063_6506_62_147_257_1_258_227_0_1_1_1" timeout=30000} > send{request_id="REQ-123" method=POST uri="https://matrix.mertis.kz/_matrix/client/unstable/org.matrix.simplified_msc3575/sync" request_size="1.2k" status=200 response_size="376B" request_duration=30.05401875s}
2026-04-21T14:52:28.019096Z DEBUG matrix_sdk::http_client: Got response | crates/matrix-sdk/src/http_client/mod.rs:214 | spans: root > next_sync_with_lock{store_generation=2} > sync_once{conn_id="encryption" pos="0/s1063_6506_62_147_257_1_258_227_0_1_1_1" timeout=30000} > send{request_id="REQ-122" method=POST uri="https://matrix.mertis.kz/_matrix/client/unstable/org.matrix.simplified_msc3575/sync" request_size="106B" status=200 response_size="283B" request_duration=30.051846459s}
2026-04-21T14:52:28.138359Z  INFO elementx: Received room list update: running | ClientProxy.swift:1143 | spans: root
2026-04-21T14:52:28.153709Z  WARN matrix_sdk_crypto::backups: Trying to backup room keys but no backup key was found | crates/matrix-sdk-crypto/src/backups/mod.rs:519 | spans: root
2026-04-21T14:52:28.160192Z DEBUG matrix_sdk::http_client::native: Sending request num_attempt=1 | crates/matrix-sdk/src/http_client/native.rs:78 | spans: root > sync_once{conn_id="room-list" pos="562/s1063_6506_62_147_257_1_258_227_0_1_1_1" timeout=30000} > send{request_id="REQ-124" method=POST uri="https://matrix.mertis.kz/_matrix/client/unstable/org.matrix.simplified_msc3575/sync" request_size="1.2k"}
2026-04-21T14:52:28.174634Z DEBUG matrix_sdk::http_client::native: Sending request num_attempt=1 | crates/matrix-sdk/src/http_client/native.rs:78 | spans: root > next_sync_with_lock{store_generation=2} > sync_once{conn_id="encryption" pos="0/s1063_6506_62_147_257_1_258_227_0_1_1_1" timeout=30000} > send{request_id="REQ-125" method=POST uri="https://matrix.mertis.kz/_matrix/client/unstable/org.matrix.simplified_msc3575/sync" request_size="106B"}
2026-04-21T14:52:28.176711Z DEBUG matrix_sdk_crypto::session_manager::sessions: Collected user/device pairs that are missing an Olm session missing_session_devices_by_user={} timed_out_devices_by_user={} | crates/matrix-sdk-crypto/src/session_manager/sessions.rs:285 | spans: root > next_sync_with_lock{store_generation=2} > sync_once{conn_id="encryption" pos="0/s1063_6506_62_147_257_1_258_227_0_1_1_1" timeout=30000} > send_outgoing_requests > get_missing_sessions
2026-04-21T14:52:58.230924Z DEBUG matrix_sdk::http_client: Got response | crates/matrix-sdk/src/http_client/mod.rs:214 | spans: root > next_sync_with_lock{store_generation=2} > sync_once{conn_id="encryption" pos="0/s1063_6506_62_147_257_1_258_227_0_1_1_1" timeout=30000} > send{request_id="REQ-125" method=POST uri="https://matrix.mertis.kz/_matrix/client/unstable/org.matrix.simplified_msc3575/sync" request_size="106B" status=200 response_size="283B" request_duration=30.020763542s}
2026-04-21T14:52:58.230593Z DEBUG matrix_sdk::http_client: Got response | crates/matrix-sdk/src/http_client/mod.rs:214 | spans: root > sync_once{conn_id="room-list" pos="562/s1063_6506_62_147_257_1_258_227_0_1_1_1" timeout=30000} > send{request_id="REQ-124" method=POST uri="https://matrix.mertis.kz/_matrix/client/unstable/org.matrix.simplified_msc3575/sync" request_size="1.2k" status=200 response_size="376B" request_duration=30.034904625s}
2026-04-21T14:52:58.315274Z  WARN matrix_sdk_crypto::backups: Trying to backup room keys but no backup key was found | crates/matrix-sdk-crypto/src/backups/mod.rs:519 | spans: root
2026-04-21T14:52:58.363266Z DEBUG matrix_sdk::http_client::native: Sending request num_attempt=1 | crates/matrix-sdk/src/http_client/native.rs:78 | spans: root > next_sync_with_lock{store_generation=2} > sync_once{conn_id="encryption" pos="0/s1063_6506_62_147_257_1_258_227_0_1_1_1" timeout=30000} > send{request_id="REQ-126" method=POST uri="https://matrix.mertis.kz/_matrix/client/unstable/org.matrix.simplified_msc3575/sync" request_size="106B"}
2026-04-21T14:52:58.364363Z DEBUG matrix_sdk::http_client::native: Sending request num_attempt=1 | crates/matrix-sdk/src/http_client/native.rs:78 | spans: root > sync_once{conn_id="room-list" pos="562/s1063_6506_62_147_257_1_258_227_0_1_1_1" timeout=30000} > send{request_id="REQ-127" method=POST uri="https://matrix.mertis.kz/_matrix/client/unstable/org.matrix.simplified_msc3575/sync" request_size="1.2k"}
2026-04-21T14:52:58.368277Z  INFO elementx: Received room list update: running | ClientProxy.swift:1143 | spans: root
2026-04-21T14:52:58.374117Z DEBUG matrix_sdk_crypto::session_manager::sessions: Collected user/device pairs that are missing an Olm session missing_session_devices_by_user={} timed_out_devices_by_user={} | crates/matrix-sdk-crypto/src/session_manager/sessions.rs:285 | spans: root > next_sync_with_lock{store_generation=2} > sync_once{conn_id="encryption" pos="0/s1063_6506_62_147_257_1_258_227_0_1_1_1" timeout=30000} > send_outgoing_requests > get_missing_sessions
2026-04-21T14:53:28.407816Z DEBUG matrix_sdk::http_client: Got response | crates/matrix-sdk/src/http_client/mod.rs:214 | spans: root > next_sync_with_lock{store_generation=2} > sync_once{conn_id="encryption" pos="0/s1063_6506_62_147_257_1_258_227_0_1_1_1" timeout=30000} > send{request_id="REQ-126" method=POST uri="https://matrix.mertis.kz/_matrix/client/unstable/org.matrix.simplified_msc3575/sync" request_size="106B" status=200 response_size="283B" request_duration=30.032198166s}
2026-04-21T14:53:28.407723Z DEBUG matrix_sdk::http_client: Got response | crates/matrix-sdk/src/http_client/mod.rs:214 | spans: root > sync_once{conn_id="room-list" pos="562/s1063_6506_62_147_257_1_258_227_0_1_1_1" timeout=30000} > send{request_id="REQ-127" method=POST uri="https://matrix.mertis.kz/_matrix/client/unstable/org.matrix.simplified_msc3575/sync" request_size="1.2k" status=200 response_size="376B" request_duration=30.031095542s}
2026-04-21T14:53:28.462244Z  WARN matrix_sdk_crypto::backups: Trying to backup room keys but no backup key was found | crates/matrix-sdk-crypto/src/backups/mod.rs:519 | spans: root
2026-04-21T14:53:28.479389Z DEBUG matrix_sdk::http_client::native: Sending request num_attempt=1 | crates/matrix-sdk/src/http_client/native.rs:78 | spans: root > next_sync_with_lock{store_generation=2} > sync_once{conn_id="encryption" pos="0/s1063_6506_62_147_257_1_258_227_0_1_1_1" timeout=30000} > send{request_id="REQ-128" method=POST uri="https://matrix.mertis.kz/_matrix/client/unstable/org.matrix.simplified_msc3575/sync" request_size="106B"}
2026-04-21T14:53:28.481856Z DEBUG matrix_sdk::http_client::native: Sending request num_attempt=1 | crates/matrix-sdk/src/http_client/native.rs:78 | spans: root > sync_once{conn_id="room-list" pos="562/s1063_6506_62_147_257_1_258_227_0_1_1_1" timeout=30000} > send{request_id="REQ-129" method=POST uri="https://matrix.mertis.kz/_matrix/client/unstable/org.matrix.simplified_msc3575/sync" request_size="1.2k"}
2026-04-21T14:53:28.482002Z DEBUG matrix_sdk_crypto::session_manager::sessions: Collected user/device pairs that are missing an Olm session missing_session_devices_by_user={} timed_out_devices_by_user={} | crates/matrix-sdk-crypto/src/session_manager/sessions.rs:285 | spans: root > next_sync_with_lock{store_generation=2} > sync_once{conn_id="encryption" pos="0/s1063_6506_62_147_257_1_258_227_0_1_1_1" timeout=30000} > send_outgoing_requests > get_missing_sessions
2026-04-21T14:53:28.487495Z ERROR matrix_sdk::http_client: Error while sending request: Api(Server(ClientApi(Error { status_code: 401, body: Standard(StandardErrorBody { kind: UnknownToken(UnknownTokenErrorData { soft_logout: false }), message: "Token is not active" }) }))) | crates/matrix-sdk/src/http_client/mod.rs:218 | spans: root > sync_once{conn_id="room-list" pos="562/s1063_6506_62_147_257_1_258_227_0_1_1_1" timeout=30000} > send{request_id="REQ-129" method=POST uri="https://matrix.mertis.kz/_matrix/client/unstable/org.matrix.simplified_msc3575/sync" request_size="1.2k" status=401 response_size="79B" request_duration=3.849125ms}
2026-04-21T14:53:28.487551Z TRACE matrix_sdk::client::futures: Token refresh: Unknown token error received. | crates/matrix-sdk/src/client/futures.rs:103 | spans: root > sync_once{conn_id="room-list" pos="562/s1063_6506_62_147_257_1_258_227_0_1_1_1" timeout=30000}
2026-04-21T14:53:28.487596Z ERROR matrix_sdk::http_client: Error while sending request: Api(Server(ClientApi(Error { status_code: 401, body: Standard(StandardErrorBody { kind: UnknownToken(UnknownTokenErrorData { soft_logout: false }), message: "Token is not active" }) }))) | crates/matrix-sdk/src/http_client/mod.rs:218 | spans: root > next_sync_with_lock{store_generation=2} > sync_once{conn_id="encryption" pos="0/s1063_6506_62_147_257_1_258_227_0_1_1_1" timeout=30000} > send{request_id="REQ-128" method=POST uri="https://matrix.mertis.kz/_matrix/client/unstable/org.matrix.simplified_msc3575/sync" request_size="106B" status=401 response_size="79B" request_duration=6.163041ms}
2026-04-21T14:53:28.487642Z TRACE matrix_sdk::client: Token refresh: Using OAuth 2.0. | crates/matrix-sdk/src/client/mod.rs:1479 | spans: root > sync_once{conn_id="room-list" pos="562/s1063_6506_62_147_257_1_258_227_0_1_1_1" timeout=30000}
2026-04-21T14:53:28.487722Z TRACE matrix_sdk::client::futures: Token refresh: Unknown token error received. | crates/matrix-sdk/src/client/futures.rs:103 | spans: root > next_sync_with_lock{store_generation=2} > sync_once{conn_id="encryption" pos="0/s1063_6506_62_147_257_1_258_227_0_1_1_1" timeout=30000}
2026-04-21T14:53:28.487751Z TRACE matrix_sdk::client: Token refresh: Using OAuth 2.0. | crates/matrix-sdk/src/client/mod.rs:1479 | spans: root > next_sync_with_lock{store_generation=2} > sync_once{conn_id="encryption" pos="0/s1063_6506_62_147_257_1_258_227_0_1_1_1" timeout=30000}
2026-04-21T14:53:28.490552Z DEBUG matrix_sdk::http_client::native: Sending request num_attempt=1 | crates/matrix-sdk/src/http_client/native.rs:78 | spans: root > sync_once{conn_id="room-list" pos="562/s1063_6506_62_147_257_1_258_227_0_1_1_1" timeout=30000} > refresh_access_token > send{request_id="REQ-130" method=GET uri="https://matrix.mertis.kz/_matrix/client/unstable/org.matrix.msc2965/auth_metadata"}
2026-04-21T14:53:28.494258Z DEBUG matrix_sdk::http_client: Got response | crates/matrix-sdk/src/http_client/mod.rs:214 | spans: root > sync_once{conn_id="room-list" pos="562/s1063_6506_62_147_257_1_258_227_0_1_1_1" timeout=30000} > refresh_access_token > send{request_id="REQ-130" method=GET uri="https://matrix.mertis.kz/_matrix/client/unstable/org.matrix.msc2965/auth_metadata" status=200 response_size="2.6k" request_duration=2.846834ms}
2026-04-21T14:53:28.494335Z  INFO elementx: Received room list update: running | ClientProxy.swift:1143 | spans: root
2026-04-21T14:53:28.738909Z  INFO elementx: Saving session changes in the keychain. | KeychainController.swift:111 | spans: root
2026-04-21T14:53:29.262766Z TRACE matrix_sdk::client::futures: Token refresh: Refresh succeeded, retrying request. | crates/matrix-sdk/src/client/futures.rs:155 | spans: root > next_sync_with_lock{store_generation=2} > sync_once{conn_id="encryption" pos="0/s1063_6506_62_147_257_1_258_227_0_1_1_1" timeout=30000}
2026-04-21T14:53:29.262869Z DEBUG matrix_sdk::http_client::native: Sending request num_attempt=1 | crates/matrix-sdk/src/http_client/native.rs:78 | spans: root > next_sync_with_lock{store_generation=2} > sync_once{conn_id="encryption" pos="0/s1063_6506_62_147_257_1_258_227_0_1_1_1" timeout=30000} > send{request_id="REQ-131" method=POST uri="https://matrix.mertis.kz/_matrix/client/unstable/org.matrix.simplified_msc3575/sync" request_size="106B"}
2026-04-21T14:53:29.263191Z TRACE matrix_sdk::client::futures: Token refresh: Refresh succeeded, retrying request. | crates/matrix-sdk/src/client/futures.rs:155 | spans: root > sync_once{conn_id="room-list" pos="562/s1063_6506_62_147_257_1_258_227_0_1_1_1" timeout=30000}
2026-04-21T14:53:29.263351Z DEBUG matrix_sdk::http_client::native: Sending request num_attempt=1 | crates/matrix-sdk/src/http_client/native.rs:78 | spans: root > sync_once{conn_id="room-list" pos="562/s1063_6506_62_147_257_1_258_227_0_1_1_1" timeout=30000} > send{request_id="REQ-132" method=POST uri="https://matrix.mertis.kz/_matrix/client/unstable/org.matrix.simplified_msc3575/sync" request_size="1.2k"}
2026-04-21T14:53:59.290953Z DEBUG matrix_sdk::http_client: Got response | crates/matrix-sdk/src/http_client/mod.rs:214 | spans: root > next_sync_with_lock{store_generation=2} > sync_once{conn_id="encryption" pos="0/s1063_6506_62_147_257_1_258_227_0_1_1_1" timeout=30000} > send{request_id="REQ-131" method=POST uri="https://matrix.mertis.kz/_matrix/client/unstable/org.matrix.simplified_msc3575/sync" request_size="106B" status=200 response_size="283B" request_duration=30.024080041s}
2026-04-21T14:53:59.291616Z DEBUG matrix_sdk::http_client: Got response | crates/matrix-sdk/src/http_client/mod.rs:214 | spans: root > sync_once{conn_id="room-list" pos="562/s1063_6506_62_147_257_1_258_227_0_1_1_1" timeout=30000} > send{request_id="REQ-132" method=POST uri="https://matrix.mertis.kz/_matrix/client/unstable/org.matrix.simplified_msc3575/sync" request_size="1.2k" status=200 response_size="376B" request_duration=30.027782958s}
2026-04-21T14:53:59.313126Z  WARN matrix_sdk_crypto::backups: Trying to backup room keys but no backup key was found | crates/matrix-sdk-crypto/src/backups/mod.rs:519 | spans: root
2026-04-21T14:53:59.322855Z DEBUG matrix_sdk::http_client::native: Sending request num_attempt=1 | crates/matrix-sdk/src/http_client/native.rs:78 | spans: root > next_sync_with_lock{store_generation=2} > sync_once{conn_id="encryption" pos="0/s1063_6506_62_147_257_1_258_227_0_1_1_1" timeout=30000} > send{request_id="REQ-133" method=POST uri="https://matrix.mertis.kz/_matrix/client/unstable/org.matrix.simplified_msc3575/sync" request_size="106B"}
2026-04-21T14:53:59.322937Z DEBUG matrix_sdk::http_client::native: Sending request num_attempt=1 | crates/matrix-sdk/src/http_client/native.rs:78 | spans: root > sync_once{conn_id="room-list" pos="562/s1063_6506_62_147_257_1_258_227_0_1_1_1" timeout=30000} > send{request_id="REQ-134" method=POST uri="https://matrix.mertis.kz/_matrix/client/unstable/org.matrix.simplified_msc3575/sync" request_size="1.2k"}
2026-04-21T14:53:59.323286Z DEBUG matrix_sdk_crypto::session_manager::sessions: Collected user/device pairs that are missing an Olm session missing_session_devices_by_user={} timed_out_devices_by_user={} | crates/matrix-sdk-crypto/src/session_manager/sessions.rs:285 | spans: root > next_sync_with_lock{store_generation=2} > sync_once{conn_id="encryption" pos="0/s1063_6506_62_147_257_1_258_227_0_1_1_1" timeout=30000} > send_outgoing_requests > get_missing_sessions
2026-04-21T14:53:59.324370Z  INFO elementx: Received room list update: running | ClientProxy.swift:1143 | spans: root
2026-04-21T14:54:29.337468Z DEBUG matrix_sdk::http_client: Got response | crates/matrix-sdk/src/http_client/mod.rs:214 | spans: root > next_sync_with_lock{store_generation=2} > sync_once{conn_id="encryption" pos="0/s1063_6506_62_147_257_1_258_227_0_1_1_1" timeout=30000} > send{request_id="REQ-133" method=POST uri="https://matrix.mertis.kz/_matrix/client/unstable/org.matrix.simplified_msc3575/sync" request_size="106B" status=200 response_size="283B" request_duration=30.01218125s}
2026-04-21T14:54:29.338637Z DEBUG matrix_sdk::http_client: Got response | crates/matrix-sdk/src/http_client/mod.rs:214 | spans: root > sync_once{conn_id="room-list" pos="562/s1063_6506_62_147_257_1_258_227_0_1_1_1" timeout=30000} > send{request_id="REQ-134" method=POST uri="https://matrix.mertis.kz/_matrix/client/unstable/org.matrix.simplified_msc3575/sync" request_size="1.2k" status=200 response_size="376B" request_duration=30.015079875s}
2026-04-21T14:54:29.364015Z  WARN matrix_sdk_crypto::backups: Trying to backup room keys but no backup key was found | crates/matrix-sdk-crypto/src/backups/mod.rs:519 | spans: root
2026-04-21T14:54:29.367315Z DEBUG matrix_sdk::http_client::native: Sending request num_attempt=1 | crates/matrix-sdk/src/http_client/native.rs:78 | spans: root > sync_once{conn_id="room-list" pos="562/s1063_6506_62_147_257_1_258_227_0_1_1_1" timeout=30000} > send{request_id="REQ-135" method=POST uri="https://matrix.mertis.kz/_matrix/client/unstable/org.matrix.simplified_msc3575/sync" request_size="1.2k"}
2026-04-21T14:54:29.367432Z DEBUG matrix_sdk::http_client::native: Sending request num_attempt=1 | crates/matrix-sdk/src/http_client/native.rs:78 | spans: root > next_sync_with_lock{store_generation=2} > sync_once{conn_id="encryption" pos="0/s1063_6506_62_147_257_1_258_227_0_1_1_1" timeout=30000} > send{request_id="REQ-136" method=POST uri="https://matrix.mertis.kz/_matrix/client/unstable/org.matrix.simplified_msc3575/sync" request_size="106B"}
2026-04-21T14:54:29.367856Z DEBUG matrix_sdk_crypto::session_manager::sessions: Collected user/device pairs that are missing an Olm session missing_session_devices_by_user={} timed_out_devices_by_user={} | crates/matrix-sdk-crypto/src/session_manager/sessions.rs:285 | spans: root > next_sync_with_lock{store_generation=2} > sync_once{conn_id="encryption" pos="0/s1063_6506_62_147_257_1_258_227_0_1_1_1" timeout=30000} > send_outgoing_requests > get_missing_sessions
2026-04-21T14:54:29.368681Z  INFO elementx: Received room list update: running | ClientProxy.swift:1143 | spans: root
2026-04-21T14:54:59.388966Z DEBUG matrix_sdk::http_client: Got response | crates/matrix-sdk/src/http_client/mod.rs:214 | spans: root > sync_once{conn_id="room-list" pos="562/s1063_6506_62_147_257_1_258_227_0_1_1_1" timeout=30000} > send{request_id="REQ-135" method=POST uri="https://matrix.mertis.kz/_matrix/client/unstable/org.matrix.simplified_msc3575/sync" request_size="1.2k" status=200 response_size="376B" request_duration=30.019454417s}
2026-04-21T14:54:59.389524Z DEBUG matrix_sdk::http_client: Got response | crates/matrix-sdk/src/http_client/mod.rs:214 | spans: root > next_sync_with_lock{store_generation=2} > sync_once{conn_id="encryption" pos="0/s1063_6506_62_147_257_1_258_227_0_1_1_1" timeout=30000} > send{request_id="REQ-136" method=POST uri="https://matrix.mertis.kz/_matrix/client/unstable/org.matrix.simplified_msc3575/sync" request_size="106B" status=200 response_size="283B" request_duration=30.021363416s}
2026-04-21T14:54:59.406800Z DEBUG matrix_sdk::http_client::native: Sending request num_attempt=1 | crates/matrix-sdk/src/http_client/native.rs:78 | spans: root > sync_once{conn_id="room-list" pos="562/s1063_6506_62_147_257_1_258_227_0_1_1_1" timeout=30000} > send{request_id="REQ-137" method=POST uri="https://matrix.mertis.kz/_matrix/client/unstable/org.matrix.simplified_msc3575/sync" request_size="1.2k"}
2026-04-21T14:54:59.407649Z  INFO elementx: Received room list update: running | ClientProxy.swift:1143 | spans: root
2026-04-21T14:54:59.412309Z  WARN matrix_sdk_crypto::backups: Trying to backup room keys but no backup key was found | crates/matrix-sdk-crypto/src/backups/mod.rs:519 | spans: root
2026-04-21T14:54:59.417358Z DEBUG matrix_sdk::http_client::native: Sending request num_attempt=1 | crates/matrix-sdk/src/http_client/native.rs:78 | spans: root > next_sync_with_lock{store_generation=2} > sync_once{conn_id="encryption" pos="0/s1063_6506_62_147_257_1_258_227_0_1_1_1" timeout=30000} > send{request_id="REQ-138" method=POST uri="https://matrix.mertis.kz/_matrix/client/unstable/org.matrix.simplified_msc3575/sync" request_size="106B"}
2026-04-21T14:54:59.418115Z DEBUG matrix_sdk_crypto::session_manager::sessions: Collected user/device pairs that are missing an Olm session missing_session_devices_by_user={} timed_out_devices_by_user={} | crates/matrix-sdk-crypto/src/session_manager/sessions.rs:285 | spans: root > next_sync_with_lock{store_generation=2} > sync_once{conn_id="encryption" pos="0/s1063_6506_62_147_257_1_258_227_0_1_1_1" timeout=30000} > send_outgoing_requests > get_missing_sessions
2026-04-21T14:55:29.416842Z DEBUG matrix_sdk::http_client: Got response | crates/matrix-sdk/src/http_client/mod.rs:214 | spans: root > sync_once{conn_id="room-list" pos="562/s1063_6506_62_147_257_1_258_227_0_1_1_1" timeout=30000} > send{request_id="REQ-137" method=POST uri="https://matrix.mertis.kz/_matrix/client/unstable/org.matrix.simplified_msc3575/sync" request_size="1.2k" status=200 response_size="376B" request_duration=30.009139375s}
2026-04-21T14:55:29.423845Z DEBUG matrix_sdk::http_client: Got response | crates/matrix-sdk/src/http_client/mod.rs:214 | spans: root > next_sync_with_lock{store_generation=2} > sync_once{conn_id="encryption" pos="0/s1063_6506_62_147_257_1_258_227_0_1_1_1" timeout=30000} > send{request_id="REQ-138" method=POST uri="https://matrix.mertis.kz/_matrix/client/unstable/org.matrix.simplified_msc3575/sync" request_size="106B" status=200 response_size="283B" request_duration=30.006276125s}
2026-04-21T14:55:29.442653Z  INFO elementx: Received room list update: running | ClientProxy.swift:1143 | spans: root
2026-04-21T14:55:29.444791Z DEBUG matrix_sdk::http_client::native: Sending request num_attempt=1 | crates/matrix-sdk/src/http_client/native.rs:78 | spans: root > sync_once{conn_id="room-list" pos="562/s1063_6506_62_147_257_1_258_227_0_1_1_1" timeout=30000} > send{request_id="REQ-139" method=POST uri="https://matrix.mertis.kz/_matrix/client/unstable/org.matrix.simplified_msc3575/sync" request_size="1.2k"}
2026-04-21T14:55:29.483926Z  WARN matrix_sdk_crypto::backups: Trying to backup room keys but no backup key was found | crates/matrix-sdk-crypto/src/backups/mod.rs:519 | spans: root
2026-04-21T14:55:29.521375Z DEBUG matrix_sdk::http_client::native: Sending request num_attempt=1 | crates/matrix-sdk/src/http_client/native.rs:78 | spans: root > next_sync_with_lock{store_generation=2} > sync_once{conn_id="encryption" pos="0/s1063_6506_62_147_257_1_258_227_0_1_1_1" timeout=30000} > send{request_id="REQ-140" method=POST uri="https://matrix.mertis.kz/_matrix/client/unstable/org.matrix.simplified_msc3575/sync" request_size="106B"}
2026-04-21T14:55:29.521853Z DEBUG matrix_sdk_crypto::session_manager::sessions: Collected user/device pairs that are missing an Olm session missing_session_devices_by_user={} timed_out_devices_by_user={} | crates/matrix-sdk-crypto/src/session_manager/sessions.rs:285 | spans: root > next_sync_with_lock{store_generation=2} > sync_once{conn_id="encryption" pos="0/s1063_6506_62_147_257_1_258_227_0_1_1_1" timeout=30000} > send_outgoing_requests > get_missing_sessions
2026-04-21T14:55:56.111669Z  INFO elementx: Network reachability changed to reachable | NetworkMonitor.swift:30 | spans: root
2026-04-21T14:55:59.459227Z DEBUG matrix_sdk::http_client: Got response | crates/matrix-sdk/src/http_client/mod.rs:214 | spans: root > sync_once{conn_id="room-list" pos="562/s1063_6506_62_147_257_1_258_227_0_1_1_1" timeout=30000} > send{request_id="REQ-139" method=POST uri="https://matrix.mertis.kz/_matrix/client/unstable/org.matrix.simplified_msc3575/sync" request_size="1.2k" status=200 response_size="376B" request_duration=30.012124583s}
2026-04-21T14:55:59.466230Z  INFO elementx: Received room list update: running | ClientProxy.swift:1143 | spans: root
2026-04-21T14:55:59.466713Z DEBUG matrix_sdk::http_client::native: Sending request num_attempt=1 | crates/matrix-sdk/src/http_client/native.rs:78 | spans: root > sync_once{conn_id="room-list" pos="562/s1063_6506_62_147_257_1_258_227_0_1_1_1" timeout=30000} > send{request_id="REQ-141" method=POST uri="https://matrix.mertis.kz/_matrix/client/unstable/org.matrix.simplified_msc3575/sync" request_size="1.2k"}
2026-04-21T14:55:59.525942Z DEBUG matrix_sdk::http_client: Got response | crates/matrix-sdk/src/http_client/mod.rs:214 | spans: root > next_sync_with_lock{store_generation=2} > sync_once{conn_id="encryption" pos="0/s1063_6506_62_147_257_1_258_227_0_1_1_1" timeout=30000} > send{request_id="REQ-140" method=POST uri="https://matrix.mertis.kz/_matrix/client/unstable/org.matrix.simplified_msc3575/sync" request_size="106B" status=200 response_size="283B" request_duration=30.004391959s}
2026-04-21T14:55:59.534003Z  WARN matrix_sdk_crypto::backups: Trying to backup room keys but no backup key was found | crates/matrix-sdk-crypto/src/backups/mod.rs:519 | spans: root
2026-04-21T14:55:59.537802Z DEBUG matrix_sdk::http_client::native: Sending request num_attempt=1 | crates/matrix-sdk/src/http_client/native.rs:78 | spans: root > next_sync_with_lock{store_generation=2} > sync_once{conn_id="encryption" pos="0/s1063_6506_62_147_257_1_258_227_0_1_1_1" timeout=30000} > send{request_id="REQ-142" method=POST uri="https://matrix.mertis.kz/_matrix/client/unstable/org.matrix.simplified_msc3575/sync" request_size="106B"}
2026-04-21T14:55:59.538034Z DEBUG matrix_sdk_crypto::session_manager::sessions: Collected user/device pairs that are missing an Olm session missing_session_devices_by_user={} timed_out_devices_by_user={} | crates/matrix-sdk-crypto/src/session_manager/sessions.rs:285 | spans: root > next_sync_with_lock{store_generation=2} > sync_once{conn_id="encryption" pos="0/s1063_6506_62_147_257_1_258_227_0_1_1_1" timeout=30000} > send_outgoing_requests > get_missing_sessions
2026-04-21T14:56:29.476031Z DEBUG matrix_sdk::http_client: Got response | crates/matrix-sdk/src/http_client/mod.rs:214 | spans: root > sync_once{conn_id="room-list" pos="562/s1063_6506_62_147_257_1_258_227_0_1_1_1" timeout=30000} > send{request_id="REQ-141" method=POST uri="https://matrix.mertis.kz/_matrix/client/unstable/org.matrix.simplified_msc3575/sync" request_size="1.2k" status=200 response_size="376B" request_duration=30.008261084s}
2026-04-21T14:56:29.485924Z  INFO elementx: Received room list update: running | ClientProxy.swift:1143 | spans: root
2026-04-21T14:56:29.486718Z DEBUG matrix_sdk::http_client::native: Sending request num_attempt=1 | crates/matrix-sdk/src/http_client/native.rs:78 | spans: root > sync_once{conn_id="room-list" pos="562/s1063_6506_62_147_257_1_258_227_0_1_1_1" timeout=30000} > send{request_id="REQ-143" method=POST uri="https://matrix.mertis.kz/_matrix/client/unstable/org.matrix.simplified_msc3575/sync" request_size="1.2k"}
2026-04-21T14:56:29.542550Z DEBUG matrix_sdk::http_client: Got response | crates/matrix-sdk/src/http_client/mod.rs:214 | spans: root > next_sync_with_lock{store_generation=2} > sync_once{conn_id="encryption" pos="0/s1063_6506_62_147_257_1_258_227_0_1_1_1" timeout=30000} > send{request_id="REQ-142" method=POST uri="https://matrix.mertis.kz/_matrix/client/unstable/org.matrix.simplified_msc3575/sync" request_size="106B" status=200 response_size="283B" request_duration=30.004589667s}
2026-04-21T14:56:29.552693Z  WARN matrix_sdk_crypto::backups: Trying to backup room keys but no backup key was found | crates/matrix-sdk-crypto/src/backups/mod.rs:519 | spans: root
2026-04-21T14:56:29.553584Z DEBUG matrix_sdk::http_client::native: Sending request num_attempt=1 | crates/matrix-sdk/src/http_client/native.rs:78 | spans: root > next_sync_with_lock{store_generation=2} > sync_once{conn_id="encryption" pos="0/s1063_6506_62_147_257_1_258_227_0_1_1_1" timeout=30000} > send{request_id="REQ-144" method=POST uri="https://matrix.mertis.kz/_matrix/client/unstable/org.matrix.simplified_msc3575/sync" request_size="106B"}
2026-04-21T14:56:29.554106Z DEBUG matrix_sdk_crypto::session_manager::sessions: Collected user/device pairs that are missing an Olm session missing_session_devices_by_user={} timed_out_devices_by_user={} | crates/matrix-sdk-crypto/src/session_manager/sessions.rs:285 | spans: root > next_sync_with_lock{store_generation=2} > sync_once{conn_id="encryption" pos="0/s1063_6506_62_147_257_1_258_227_0_1_1_1" timeout=30000} > send_outgoing_requests > get_missing_sessions
