16:22:57  Acquired tunnel connection to device.
16:22:57  Enabling developer disk image services.
16:22:57  Acquired usage assertion.
ERROR: The application failed to launch. (com.apple.dt.CoreDeviceError error 10002 (0x2712))
       BundleIdentifier = kz.salemx.msg
       ----------------------------------------
           The request to open "kz.salemx.msg" failed. (FBSOpenApplicationServiceErrorDomain error 1 (0x01))
           FBSOpenApplicationRequestID = 0xa4e8
           BSErrorCodeDescription = RequestDenied
           NSLocalizedFailureReason = The request was denied by service delegate (SBMainWorkspace) for reason: Locked ("Unable to launch kz.salemx.msg because the device was not, or could not be, unlocked").
       ----------------------------------------
               The operation couldn’t be completed. Unable to launch kz.salemx.msg because the device was not, or could not be, unlocked. (FBSOpenApplicationErrorDomain error 7 (0x07))
               NSLocalizedFailureReason = Unable to launch kz.salemx.msg because the device was not, or could not be, unlocked.
               BSErrorCodeDescription = Locked
16:29:01  Acquired tunnel connection to device.
16:29:01  Enabling developer disk image services.
16:29:01  Acquired usage assertion.
Launched application with kz.salemx.msg bundle identifier.
Waiting for the application to terminate…
2026-04-22T11:29:01.590770Z  INFO matrix_sdk_ffi::platform: Logging has been set up env_filter="panic=error,hyper=warn,matrix_sdk_ffi=info,matrix_sdk=info,matrix_sdk::client=trace,matrix_sdk_crypto=debug,matrix_sdk_crypto::olm::account=trace,matrix_sdk::oidc=trace,matrix_sdk::http_client=debug,matrix_sdk::sliding_sync=info,matrix_sdk_base::sliding_sync=info,matrix_sdk_ui::timeline=info,matrix_sdk::send_queue=info,matrix_sdk::event_cache=info,matrix_sdk::latest_events=info,matrix_sdk_base::event_cache=info,matrix_sdk_sqlite::event_cache_store=info,matrix_sdk_common::cross_process_lock=warn,matrix_sdk_common::deserialized_responses=info,matrix_sdk_base::store::ambiguity_map=warn,matrix_sdk_ui::notification_client=info,matrix_sdk_base::response_processors=debug,elementx=info" | bindings/matrix-sdk-ffi/src/platform/mod.rs:602
2026-04-22T11:29:01.594220Z  INFO elementx: SalemX 26.03.4 (1) | AppCoordinator.swift:91 | spans: root
2026-04-22T11:29:01.603790Z  INFO elementx: NavigationRootCoordinator(SalemX.SplashScreenCoordinator Set root: SalemX.SplashScreenCoordinator | NavigationRootCoordinator.swift:153 | spans: root
2026-04-22T11:29:01.631835Z  INFO elementx: Sentry configured (enabled: false) | AppCoordinator.swift:1026 | spans: root
2026-04-22T11:29:01.634142Z  INFO elementx: App setting 'enableNotifications' is 'true' | NotificationManager.swift:51 | spans: root
2026-04-22T11:29:01.634724Z  INFO elementx: [CALL-END-TRACE][CANARY-APP-LAUNCH] local_trace_id=app_launch room_id=n/a widget_id=n/a callkit_id=n/a | AppCoordinator.swift:162 | spans: root
2026-04-22T11:29:01.635759Z  INFO elementx: Register background app refresh with result: true | AppCoordinator.swift:1205 | spans: root
2026-04-22T11:29:01.745087Z  INFO elementx: Network reachability changed to reachable | NetworkMonitor.swift:30 | spans: root
2026-04-22T11:29:01.758828Z  INFO elementx: Transitioning from `initial` to `restoringSession` with event `startWithExistingSession` | AppCoordinatorStateMachine.swift:93 | spans: root
2026-04-22T11:29:01.761667Z  INFO elementx: Application did become active | AppCoordinator.swift:1178 | spans: root
2026-04-22T11:29:01.764243Z  INFO elementx: No global proxy configured. | URL.swift:113 | spans: root > Global proxy
spawning a multithreaded tokio runtime
2026-04-22T11:29:01.772169Z DEBUG matrix_sdk::client::builder: Starting to build the Client | crates/matrix-sdk/src/client/builder/mod.rs:533 | spans: root > build
2026-04-22T11:29:01.995522Z  INFO matrix_sdk::client::builder: selected sliding sync version version=None | crates/matrix-sdk/src/client/builder/mod.rs:585 | spans: root > build{homeserver=HomeserverUrl("https://matrix.mertis.kz/")}
2026-04-22T11:29:01.999081Z DEBUG matrix_sdk::client::thread_subscriptions: Thread subscriptions catchup not enabled, not starting the catchup task | crates/matrix-sdk/src/client/thread_subscriptions.rs:161
2026-04-22T11:29:01.999151Z DEBUG matrix_sdk::client::builder: Done building the Client | crates/matrix-sdk/src/client/builder/mod.rs:637 | spans: root > build{homeserver=HomeserverUrl("https://matrix.mertis.kz/")}
2026-04-22T11:29:02.016215Z DEBUG matrix_sdk_crypto::machine: Restored an Olm account | crates/matrix-sdk-crypto/src/machine/mod.rs:330 | spans: root > restore_session_with > with_store{user_id="@test2:mertis.kz" device_id="Z4J1wfeukl" ed25519_key=YBVytjQtW7p4YXBJoNbTH+now14oHD2Y4+X/t53VPzE curve25519_key=WN4Ll6tmb1nN1pN/+KQTWEHeSBBpkeJcmfJM74EgNB4}
2026-04-22T11:29:02.018587Z DEBUG matrix_sdk_crypto::machine: Restored the cross signing identity master_key=Some("ed25519:9yIZ9iFkLpNrF0D0Q6QiBzAzecWulE9Gcf2F5Aez9+0") | crates/matrix-sdk-crypto/src/machine/mod.rs:374 | spans: root > restore_session_with > with_store{user_id="@test2:mertis.kz" device_id="Z4J1wfeukl" ed25519_key=YBVytjQtW7p4YXBJoNbTH+now14oHD2Y4+X/t53VPzE curve25519_key=WN4Ll6tmb1nN1pN/+KQTWEHeSBBpkeJcmfJM74EgNB4}
2026-04-22T11:29:02.021409Z  INFO elementx: Set up session for user @test2:mertis.kz at: Data: /private/var/mobile/Containers/Shared/AppGroup/99D73CAD-D41E-4571-937C-CDF4CB70AA29/Library/Application Support/kz.salemx.msg/Sessions/F3D999A9-6A6E-4670-84CA-C6CF7685EAA0 Caches: /private/var/mobile/Containers/Shared/AppGroup/99D73CAD-D41E-4571-937C-CDF4CB70AA29/Library/Caches/kz.salemx.msg/Sessions/F3D999A9-6A6E-4670-84CA-C6CF7685EAA0 | UserSessionStore.swift:145 | spans: root
2026-04-22T11:29:02.025567Z  INFO matrix_sdk::encryption::backups: Setting up secret listeners and trying to resume backups | crates/matrix-sdk/src/encryption/backups/mod.rs:752
2026-04-22T11:29:02.026467Z  INFO matrix_sdk_crypto::backups: Activated a backup backup_key=MegolmV1BackupKey { key: "f8Iv7vPv1UF2NyrwUIzJCOpy+qhU01pXFaR3uSgjul4", version: Some("1") } | crates/matrix-sdk-crypto/src/backups/mod.rs:389
2026-04-22T11:29:02.026518Z  INFO matrix_sdk::encryption::backups: Backup state changed from Unknown to Enabled | crates/matrix-sdk/src/encryption/backups/mod.rs:527
2026-04-22T11:29:02.026549Z  INFO matrix_sdk::encryption::recovery: Setting up account data listeners and trying to setup recovery | crates/matrix-sdk/src/encryption/recovery/mod.rs:610
2026-04-22T11:29:02.027505Z  INFO elementx: Checking if backup exists on the server | SecureBackupController.swift:196 | spans: root
2026-04-22T11:29:02.027725Z  INFO elementx: Key backup state changed to: enabled, setting local state to enabled | SecureBackupController.swift:59 | spans: root
2026-04-22T11:29:02.027902Z  INFO elementx: Recovery state changed to: unknown, setting local state to unknown | SecureBackupController.swift:80 | spans: root
2026-04-22T11:29:02.030505Z DEBUG matrix_sdk::http_client::native: Sending request num_attempt=1 | crates/matrix-sdk/src/http_client/native.rs:78 | spans: root > send{request_id="REQ-1" method=GET uri="https://matrix.mertis.kz/_matrix/client/v3/room_keys/version"}
2026-04-22T11:29:02.030569Z DEBUG matrix_sdk::http_client::native: Sending request num_attempt=1 | crates/matrix-sdk/src/http_client/native.rs:78 | spans: send{request_id="REQ-0" method=GET uri="https://matrix.mertis.kz/_matrix/client/v3/user/@test2:mertis.kz/account_data/m.secret_storage.default_key"}
2026-04-22T11:29:02.031091Z DEBUG matrix_sdk::http_client::native: Sending request num_attempt=1 | crates/matrix-sdk/src/http_client/native.rs:78 | spans: send{request_id="REQ-2" method=GET uri="https://matrix.mertis.kz/_matrix/client/v3/user/@test2:mertis.kz/account_data/m.secret_storage.default_key"}
2026-04-22T11:29:02.034488Z DEBUG matrix_sdk_crypto::machine: Initialising crypto store generation at 12 | crates/matrix-sdk-crypto/src/machine/mod.rs:2852 | spans: root
2026-04-22T11:29:02.036563Z  INFO elementx: AllRooms: Updating visible range: 0..<0 | RoomSummaryProvider.swift:166 | spans: root
2026-04-22T11:29:02.038296Z  INFO elementx: AlternateAllRooms: Updating visible range: 0..<0 | RoomSummaryProvider.swift:166 | spans: root
2026-04-22T11:29:02.038352Z  INFO elementx: StaticAllRooms: Updating visible range: 0..<0 | RoomSummaryProvider.swift:166 | spans: root
2026-04-22T11:29:02.038689Z  INFO elementx: AlternateAllRooms: Received state update: loaded(maximumNumberOfRooms: Optional(4)) | RoomSummaryProvider.swift:105 | spans: root
2026-04-22T11:29:02.038912Z  INFO elementx: StaticAllRooms: Received state update: loaded(maximumNumberOfRooms: Optional(4)) | RoomSummaryProvider.swift:105 | spans: root
2026-04-22T11:29:02.038950Z  INFO elementx: AllRooms: Received state update: loaded(maximumNumberOfRooms: Optional(4)) | RoomSummaryProvider.swift:105 | spans: root
2026-04-22T11:29:02.039793Z  INFO elementx: Starting sync | ClientProxy.swift:442 | spans: root
2026-04-22T11:29:02.040447Z  INFO elementx: Received sync service update: running | ClientProxy.swift:1106 | spans: root
2026-04-22T11:29:02.040935Z DEBUG matrix_sdk::http_client::native: Sending request num_attempt=1 | crates/matrix-sdk/src/http_client/native.rs:78 | spans: send{request_id="REQ-3" method=GET uri="https://matrix.mertis.kz/_matrix/client/unstable/org.matrix.msc2965/auth_metadata"}
2026-04-22T11:29:02.041594Z  INFO matrix_sdk::sliding_sync: Marking all tracked users as dirty | crates/matrix-sdk/src/sliding_sync/mod.rs:479 | spans: next_sync_with_lock{store_generation=12} > sync_once{conn_id="encryption"}
2026-04-22T11:29:02.045702Z DEBUG matrix_sdk::http_client::native: Sending request num_attempt=1 | crates/matrix-sdk/src/http_client/native.rs:78 | spans: next_sync_with_lock{store_generation=12} > sync_once{conn_id="encryption"  timeout=30000} > send{request_id="REQ-4" method=POST uri="https://matrix.mertis.kz/_matrix/client/unstable/org.matrix.simplified_msc3575/sync" request_size="106B"}
2026-04-22T11:29:02.045918Z DEBUG matrix_sdk::http_client::native: Sending request num_attempt=1 | crates/matrix-sdk/src/http_client/native.rs:78 | spans: sync_once{conn_id="room-list" pos="581/s1140_6525_62_153_271_1_283_236_0_1_1_1" timeout=0} > send{request_id="REQ-5" method=POST uri="https://matrix.mertis.kz/_matrix/client/unstable/org.matrix.simplified_msc3575/sync" request_size="647B"}
2026-04-22T11:29:02.046031Z DEBUG matrix_sdk_crypto::session_manager::sessions: Collected user/device pairs that are missing an Olm session missing_session_devices_by_user={} timed_out_devices_by_user={} | crates/matrix-sdk-crypto/src/session_manager/sessions.rs:285 | spans: next_sync_with_lock{store_generation=12} > sync_once{conn_id="encryption"  timeout=30000} > send_outgoing_requests > get_missing_sessions
2026-04-22T11:29:02.046580Z  INFO elementx: Session security state changed, verificationState: verified, recoveryState: unknown | UserSession.swift:48 | spans: root
2026-04-22T11:29:02.047248Z  INFO elementx: Starting sync | ClientProxy.swift:442 | spans: root
2026-04-22T11:29:02.047331Z  INFO elementx: Transitioning from `restoringSession` to `signedIn` with event `createdUserSession` | AppCoordinatorStateMachine.swift:93 | spans: root
2026-04-22T11:29:02.048458Z  INFO elementx: Notification sound enabled: false | NotificationManager.swift:106 | spans: root
2026-04-22T11:29:02.049229Z  INFO elementx: NavigationRootCoordinator(NavigationTabCoordinator(Empty) Set root: NavigationTabCoordinator(Empty) | NavigationRootCoordinator.swift:153 | spans: root
2026-04-22T11:29:02.050088Z DEBUG matrix_sdk_crypto::identities::manager: Created a /keys/query request request_id="3c98799d05db484ca21a9dc70147f8ec" users=["@aktau:mertis.kz", "@alm:mertis.kz", "@astana:mertis.kz", "@test2:mertis.kz"] | crates/matrix-sdk-crypto/src/identities/manager.rs:877 | spans: next_sync_with_lock{store_generation=12} > sync_once{conn_id="encryption"  timeout=30000} > send_outgoing_requests
2026-04-22T11:29:02.050154Z  INFO elementx: NavigationSplitCoordinator(NavigationStackCoordinator(Empty) | Empty) Set sidebar: NavigationStackCoordinator(Empty) | NavigationCoordinators.swift:302 | spans: root
2026-04-22T11:29:02.050957Z DEBUG matrix_sdk::http_client::native: Sending request num_attempt=1 | crates/matrix-sdk/src/http_client/native.rs:78 | spans: next_sync_with_lock{store_generation=12} > sync_once{conn_id="encryption"  timeout=30000} > send_outgoing_requests > keys_query{request_id="3c98799d05db484ca21a9dc70147f8ec"} > send{request_id="REQ-6" method=POST uri="https://matrix.mertis.kz/_matrix/client/v3/keys/query" request_size="104B"}
2026-04-22T11:29:02.058889Z  INFO elementx: Transitioning from `initial` to `roomList(detailState: nil)` with event `start` | ChatsTabFlowCoordinatorStateMachine.swift:229 | spans: root
2026-04-22T11:29:02.073741Z  INFO elementx: NavigationStackCoordinator(SalemX.HomeScreenCoordinator) Set root: SalemX.HomeScreenCoordinator | NavigationCoordinators.swift:686 | spans: root
2026-04-22T11:29:02.074063Z  INFO elementx: NavigationStackCoordinator(SalemX.CallsScreenCoordinator) Set root: SalemX.CallsScreenCoordinator | NavigationCoordinators.swift:686 | spans: root
2026-04-22T11:29:02.075025Z  INFO elementx: NavigationStackCoordinator(SalemX.StartChatScreenCoordinator) Set root: SalemX.StartChatScreenCoordinator | NavigationCoordinators.swift:686 | spans: root
2026-04-22T11:29:02.075729Z ERROR elementx: Received background task early termination | ClientProxy.swift:247 | spans: root
2026-04-22T11:29:02.075756Z ERROR elementx: Received background task early termination | ClientProxy.swift:247 | spans: root
2026-04-22T11:29:02.075767Z ERROR elementx: Received background task early termination | ClientProxy.swift:247 | spans: root
2026-04-22T11:29:02.075902Z  INFO elementx: NavigationStackCoordinator(SalemX.SettingsScreenCoordinator) Set root: SalemX.SettingsScreenCoordinator | NavigationCoordinators.swift:686 | spans: root
2026-04-22T11:29:02.075918Z  INFO elementx: Security state is still unknown, waiting before deciding post-login flow | UserSessionFlowCoordinator.swift:385 | spans: root
2026-04-22T11:29:02.202463Z  INFO elementx: Security state is still unknown, waiting before deciding post-login flow | UserSessionFlowCoordinator.swift:385 | spans: root
2026-04-22T11:29:02.202809Z  INFO elementx: Homeserver reachability: reachable | UserSessionFlowCoordinator.swift:275 | spans: root
2026-04-22T11:29:02.204162Z  INFO elementx: Received room summary provider update, setting view room list mode to "Showing rooms" | HomeScreenViewModel.swift:345 | spans: root
2026-04-22T11:29:02.207098Z ERROR elementx: Received background task early termination | ClientProxy.swift:247 | spans: root
2026-04-22T11:29:02.207805Z DEBUG matrix_sdk::http_client::native: Sending request num_attempt=1 | crates/matrix-sdk/src/http_client/native.rs:78 | spans: root > send{request_id="REQ-7" method=GET uri="https://matrix.mertis.kz/_matrix/client/v3/profile/@test2:mertis.kz/avatar_url"}
2026-04-22T11:29:02.208852Z ERROR elementx: Transaction not started or already finished | Signposter.swift:82 | spans: root
2026-04-22T11:29:02.216378Z ERROR elementx: Received background task early termination | ClientProxy.swift:247 | spans: root
2026-04-22T11:29:02.217984Z ERROR matrix_sdk::http_client: Error while sending request: Api(Server(ClientApi(Error { status_code: 401, body: Standard(StandardErrorBody { kind: UnknownToken(UnknownTokenErrorData { soft_logout: false }), message: "Token is not active" }) }))) | crates/matrix-sdk/src/http_client/mod.rs:218 | spans: send{request_id="REQ-0" method=GET uri="https://matrix.mertis.kz/_matrix/client/v3/user/@test2:mertis.kz/account_data/m.secret_storage.default_key" status=401 response_size="79B" request_duration=187.001292ms}
2026-04-22T11:29:02.218364Z TRACE matrix_sdk::client::futures: Token refresh: Unknown token error received. | crates/matrix-sdk/src/client/futures.rs:103 | spans: root
2026-04-22T11:29:02.218384Z TRACE matrix_sdk::client: Token refresh: Using OAuth 2.0. | crates/matrix-sdk/src/client/mod.rs:1479 | spans: root
2026-04-22T11:29:02.218739Z DEBUG matrix_sdk::http_client::native: Sending request num_attempt=1 | crates/matrix-sdk/src/http_client/native.rs:78 | spans: root > refresh_access_token > send{request_id="REQ-8" method=GET uri="https://matrix.mertis.kz/_matrix/client/unstable/org.matrix.msc2965/auth_metadata"}
2026-04-22T11:29:02.228523Z ERROR matrix_sdk::http_client: Error while sending request: Api(Server(ClientApi(Error { status_code: 401, body: Standard(StandardErrorBody { kind: UnknownToken(UnknownTokenErrorData { soft_logout: false }), message: "Token is not active" }) }))) | crates/matrix-sdk/src/http_client/mod.rs:218 | spans: root > send{request_id="REQ-1" method=GET uri="https://matrix.mertis.kz/_matrix/client/v3/room_keys/version" status=401 response_size="79B" request_duration=197.852209ms}
2026-04-22T11:29:02.228572Z DEBUG matrix_sdk::http_client: Got response | crates/matrix-sdk/src/http_client/mod.rs:214 | spans: send{request_id="REQ-3" method=GET uri="https://matrix.mertis.kz/_matrix/client/unstable/org.matrix.msc2965/auth_metadata" status=200 response_size="2.6k" request_duration=187.542708ms}
2026-04-22T11:29:02.228584Z ERROR matrix_sdk::http_client: Error while sending request: Api(Server(ClientApi(Error { status_code: 401, body: Standard(StandardErrorBody { kind: UnknownToken(UnknownTokenErrorData { soft_logout: false }), message: "Token is not active" }) }))) | crates/matrix-sdk/src/http_client/mod.rs:218 | spans: sync_once{conn_id="room-list" pos="581/s1140_6525_62_153_271_1_283_236_0_1_1_1" timeout=0} > send{request_id="REQ-5" method=POST uri="https://matrix.mertis.kz/_matrix/client/unstable/org.matrix.simplified_msc3575/sync" request_size="647B" status=401 response_size="79B" request_duration=182.284375ms}
2026-04-22T11:29:02.228603Z TRACE matrix_sdk::client::futures: Token refresh: Unknown token error received. | crates/matrix-sdk/src/client/futures.rs:103 | spans: sync_once{conn_id="room-list" pos="581/s1140_6525_62_153_271_1_283_236_0_1_1_1" timeout=0}
2026-04-22T11:29:02.228610Z TRACE matrix_sdk::client: Token refresh: Using OAuth 2.0. | crates/matrix-sdk/src/client/mod.rs:1479 | spans: sync_once{conn_id="room-list" pos="581/s1140_6525_62_153_271_1_283_236_0_1_1_1" timeout=0}
2026-04-22T11:29:02.228898Z TRACE matrix_sdk::client::futures: Token refresh: Unknown token error received. | crates/matrix-sdk/src/client/futures.rs:103 | spans: root
2026-04-22T11:29:02.228904Z TRACE matrix_sdk::client: Token refresh: Using OAuth 2.0. | crates/matrix-sdk/src/client/mod.rs:1479 | spans: root
2026-04-22T11:29:02.230698Z ERROR matrix_sdk::http_client: Error while sending request: Api(Server(ClientApi(Error { status_code: 401, body: Standard(StandardErrorBody { kind: UnknownToken(UnknownTokenErrorData { soft_logout: false }), message: "Token is not active" }) }))) | crates/matrix-sdk/src/http_client/mod.rs:218 | spans: send{request_id="REQ-2" method=GET uri="https://matrix.mertis.kz/_matrix/client/v3/user/@test2:mertis.kz/account_data/m.secret_storage.default_key" status=401 response_size="79B" request_duration=197.85925ms}
2026-04-22T11:29:02.230997Z TRACE matrix_sdk::client::futures: Token refresh: Unknown token error received. | crates/matrix-sdk/src/client/futures.rs:103 | spans: root
2026-04-22T11:29:02.231004Z TRACE matrix_sdk::client: Token refresh: Using OAuth 2.0. | crates/matrix-sdk/src/client/mod.rs:1479 | spans: root
2026-04-22T11:29:02.234212Z ERROR matrix_sdk::http_client: Error while sending request: Api(Server(ClientApi(Error { status_code: 401, body: Standard(StandardErrorBody { kind: UnknownToken(UnknownTokenErrorData { soft_logout: false }), message: "Token is not active" }) }))) | crates/matrix-sdk/src/http_client/mod.rs:218 | spans: next_sync_with_lock{store_generation=12} > sync_once{conn_id="encryption"  timeout=30000} > send{request_id="REQ-4" method=POST uri="https://matrix.mertis.kz/_matrix/client/unstable/org.matrix.simplified_msc3575/sync" request_size="106B" status=401 response_size="79B" request_duration=188.493541ms}
2026-04-22T11:29:02.234220Z TRACE matrix_sdk::client::futures: Token refresh: Unknown token error received. | crates/matrix-sdk/src/client/futures.rs:103 | spans: next_sync_with_lock{store_generation=12} > sync_once{conn_id="encryption"  timeout=30000}
2026-04-22T11:29:02.234225Z TRACE matrix_sdk::client: Token refresh: Using OAuth 2.0. | crates/matrix-sdk/src/client/mod.rs:1479 | spans: next_sync_with_lock{store_generation=12} > sync_once{conn_id="encryption"  timeout=30000}
2026-04-22T11:29:02.234382Z DEBUG matrix_sdk::http_client: Got response | crates/matrix-sdk/src/http_client/mod.rs:214 | spans: root > send{request_id="REQ-7" method=GET uri="https://matrix.mertis.kz/_matrix/client/v3/profile/@test2:mertis.kz/avatar_url" status=200 response_size="57B" request_duration=26.550666ms}
2026-04-22T11:29:02.234424Z ERROR matrix_sdk::http_client: Error while sending request: Api(Server(ClientApi(Error { status_code: 401, body: Standard(StandardErrorBody { kind: UnknownToken(UnknownTokenErrorData { soft_logout: false }), message: "Token is not active" }) }))) | crates/matrix-sdk/src/http_client/mod.rs:218 | spans: next_sync_with_lock{store_generation=12} > sync_once{conn_id="encryption"  timeout=30000} > send_outgoing_requests > keys_query{request_id="3c98799d05db484ca21a9dc70147f8ec"} > send{request_id="REQ-6" method=POST uri="https://matrix.mertis.kz/_matrix/client/v3/keys/query" request_size="104B" status=401 response_size="79B" request_duration=183.402625ms}
2026-04-22T11:29:02.234443Z TRACE matrix_sdk::client::futures: Token refresh: Unknown token error received. | crates/matrix-sdk/src/client/futures.rs:103 | spans: next_sync_with_lock{store_generation=12} > sync_once{conn_id="encryption"  timeout=30000} > send_outgoing_requests > keys_query{request_id="3c98799d05db484ca21a9dc70147f8ec"}
2026-04-22T11:29:02.234449Z TRACE matrix_sdk::client: Token refresh: Using OAuth 2.0. | crates/matrix-sdk/src/client/mod.rs:1479 | spans: next_sync_with_lock{store_generation=12} > sync_once{conn_id="encryption"  timeout=30000} > send_outgoing_requests > keys_query{request_id="3c98799d05db484ca21a9dc70147f8ec"}
2026-04-22T11:29:02.262188Z DEBUG matrix_sdk::http_client: Got response | crates/matrix-sdk/src/http_client/mod.rs:214 | spans: root > refresh_access_token > send{request_id="REQ-8" method=GET uri="https://matrix.mertis.kz/_matrix/client/unstable/org.matrix.msc2965/auth_metadata" status=200 response_size="2.6k" request_duration=43.400708ms}
2026-04-22T11:29:02.270958Z DEBUG matrix_sdk::http_client::native: Sending request num_attempt=1 | crates/matrix-sdk/src/http_client/native.rs:78 | spans: root > send{request_id="REQ-9" method=GET uri="https://matrix.mertis.kz/_matrix/client/v3/profile/@test2:mertis.kz/avatar_url"}
2026-04-22T11:29:02.271710Z DEBUG matrix_sdk::http_client::native: Sending request num_attempt=1 | crates/matrix-sdk/src/http_client/native.rs:78 | spans: root > send{request_id="REQ-10" method=GET uri="https://matrix.mertis.kz/_matrix/client/v3/profile/@test2:mertis.kz/displayname"}
2026-04-22T11:29:02.293401Z DEBUG matrix_sdk::http_client: Got response | crates/matrix-sdk/src/http_client/mod.rs:214 | spans: root > send{request_id="REQ-9" method=GET uri="https://matrix.mertis.kz/_matrix/client/v3/profile/@test2:mertis.kz/avatar_url" status=200 response_size="57B" request_duration=22.378083ms}
2026-04-22T11:29:02.293684Z DEBUG matrix_sdk::http_client::native: Sending request num_attempt=1 | crates/matrix-sdk/src/http_client/native.rs:78 | spans: send{request_id="REQ-11" method=GET uri="https://matrix.mertis.kz/_matrix/client/v3/profile/@test2:mertis.kz/displayname"}
2026-04-22T11:29:02.298268Z DEBUG matrix_sdk::http_client: Got response | crates/matrix-sdk/src/http_client/mod.rs:214 | spans: root > send{request_id="REQ-10" method=GET uri="https://matrix.mertis.kz/_matrix/client/v3/profile/@test2:mertis.kz/displayname" status=200 response_size="23B" request_duration=26.526041ms}
2026-04-22T11:29:02.316521Z DEBUG matrix_sdk::http_client: Got response | crates/matrix-sdk/src/http_client/mod.rs:214 | spans: send{request_id="REQ-11" method=GET uri="https://matrix.mertis.kz/_matrix/client/v3/profile/@test2:mertis.kz/displayname" status=200 response_size="23B" request_duration=22.584042ms}
error in connection_block_invoke_2: Connection invalid
2026-04-22T11:29:02.798888Z  INFO elementx: Saving session changes in the keychain. | KeychainController.swift:111 | spans: root
2026-04-22T11:29:02.844370Z TRACE matrix_sdk::client::futures: Token refresh: Refresh succeeded, retrying request. | crates/matrix-sdk/src/client/futures.rs:155 | spans: root
2026-04-22T11:29:02.844474Z TRACE matrix_sdk::client::futures: Token refresh: Refresh succeeded, retrying request. | crates/matrix-sdk/src/client/futures.rs:155 | spans: sync_once{conn_id="room-list" pos="581/s1140_6525_62_153_271_1_283_236_0_1_1_1" timeout=0}
2026-04-22T11:29:02.844503Z DEBUG matrix_sdk::http_client::native: Sending request num_attempt=1 | crates/matrix-sdk/src/http_client/native.rs:78 | spans: root > send{request_id="REQ-12" method=GET uri="https://matrix.mertis.kz/_matrix/client/v3/user/@test2:mertis.kz/account_data/m.secret_storage.default_key"}
2026-04-22T11:29:02.844514Z TRACE matrix_sdk::client::futures: Token refresh: Refresh succeeded, retrying request. | crates/matrix-sdk/src/client/futures.rs:155 | spans: root
2026-04-22T11:29:02.844539Z DEBUG matrix_sdk::http_client::native: Sending request num_attempt=1 | crates/matrix-sdk/src/http_client/native.rs:78 | spans: root > send{request_id="REQ-14" method=GET uri="https://matrix.mertis.kz/_matrix/client/v3/room_keys/version"}
2026-04-22T11:29:02.844573Z DEBUG matrix_sdk::http_client::native: Sending request num_attempt=1 | crates/matrix-sdk/src/http_client/native.rs:78 | spans: sync_once{conn_id="room-list" pos="581/s1140_6525_62_153_271_1_283_236_0_1_1_1" timeout=0} > send{request_id="REQ-13" method=POST uri="https://matrix.mertis.kz/_matrix/client/unstable/org.matrix.simplified_msc3575/sync" request_size="647B"}
2026-04-22T11:29:02.844639Z TRACE matrix_sdk::client::futures: Token refresh: Refresh succeeded, retrying request. | crates/matrix-sdk/src/client/futures.rs:155 | spans: root
2026-04-22T11:29:02.844868Z DEBUG matrix_sdk::http_client::native: Sending request num_attempt=1 | crates/matrix-sdk/src/http_client/native.rs:78 | spans: root > send{request_id="REQ-15" method=GET uri="https://matrix.mertis.kz/_matrix/client/v3/user/@test2:mertis.kz/account_data/m.secret_storage.default_key"}
2026-04-22T11:29:02.850878Z TRACE matrix_sdk::client::futures: Token refresh: Refresh succeeded, retrying request. | crates/matrix-sdk/src/client/futures.rs:155 | spans: next_sync_with_lock{store_generation=12} > sync_once{conn_id="encryption"  timeout=30000}
2026-04-22T11:29:02.850981Z DEBUG matrix_sdk::http_client::native: Sending request num_attempt=1 | crates/matrix-sdk/src/http_client/native.rs:78 | spans: next_sync_with_lock{store_generation=12} > sync_once{conn_id="encryption"  timeout=30000} > send{request_id="REQ-16" method=POST uri="https://matrix.mertis.kz/_matrix/client/unstable/org.matrix.simplified_msc3575/sync" request_size="106B"}
2026-04-22T11:29:02.851050Z TRACE matrix_sdk::client::futures: Token refresh: Refresh succeeded, retrying request. | crates/matrix-sdk/src/client/futures.rs:155 | spans: next_sync_with_lock{store_generation=12} > sync_once{conn_id="encryption"  timeout=30000} > send_outgoing_requests > keys_query{request_id="3c98799d05db484ca21a9dc70147f8ec"}
2026-04-22T11:29:02.851074Z DEBUG matrix_sdk::http_client::native: Sending request num_attempt=1 | crates/matrix-sdk/src/http_client/native.rs:78 | spans: next_sync_with_lock{store_generation=12} > sync_once{conn_id="encryption"  timeout=30000} > send_outgoing_requests > keys_query{request_id="3c98799d05db484ca21a9dc70147f8ec"} > send{request_id="REQ-17" method=POST uri="https://matrix.mertis.kz/_matrix/client/v3/keys/query" request_size="104B"}
2026-04-22T11:29:02.894509Z DEBUG matrix_sdk::http_client: Got response | crates/matrix-sdk/src/http_client/mod.rs:214 | spans: next_sync_with_lock{store_generation=12} > sync_once{conn_id="encryption"  timeout=30000} > send{request_id="REQ-16" method=POST uri="https://matrix.mertis.kz/_matrix/client/unstable/org.matrix.simplified_msc3575/sync" request_size="106B" status=200 response_size="242B" request_duration=43.110667ms}
2026-04-22T11:29:02.898478Z DEBUG matrix_sdk::http_client: Got response | crates/matrix-sdk/src/http_client/mod.rs:214 | spans: root > send{request_id="REQ-12" method=GET uri="https://matrix.mertis.kz/_matrix/client/v3/user/@test2:mertis.kz/account_data/m.secret_storage.default_key" status=200 response_size="42B" request_duration=53.930375ms}
2026-04-22T11:29:02.898596Z DEBUG matrix_sdk::http_client: Got response | crates/matrix-sdk/src/http_client/mod.rs:214 | spans: root > send{request_id="REQ-15" method=GET uri="https://matrix.mertis.kz/_matrix/client/v3/user/@test2:mertis.kz/account_data/m.secret_storage.default_key" status=200 response_size="42B" request_duration=53.445917ms}
2026-04-22T11:29:02.898618Z DEBUG matrix_sdk::http_client: Got response | crates/matrix-sdk/src/http_client/mod.rs:214 | spans: root > send{request_id="REQ-14" method=GET uri="https://matrix.mertis.kz/_matrix/client/v3/room_keys/version" status=200 response_size="453B" request_duration=54.04525ms}
2026-04-22T11:29:02.898705Z DEBUG matrix_sdk::http_client: Got response | crates/matrix-sdk/src/http_client/mod.rs:214 | spans: sync_once{conn_id="room-list" pos="581/s1140_6525_62_153_271_1_283_236_0_1_1_1" timeout=0} > send{request_id="REQ-13" method=POST uri="https://matrix.mertis.kz/_matrix/client/unstable/org.matrix.simplified_msc3575/sync" request_size="647B" status=200 response_size="377B" request_duration=53.738458ms}
2026-04-22T11:29:02.898722Z  INFO matrix_sdk::encryption::recovery: Recovery state changed from Unknown to Enabled | crates/matrix-sdk/src/encryption/recovery/mod.rs:686 | spans: root
2026-04-22T11:29:02.898867Z  INFO elementx: Session security state changed, verificationState: verified, recoveryState: enabled | UserSession.swift:48 | spans: root
2026-04-22T11:29:02.898889Z  INFO elementx: Recovery state changed to: enabled, setting local state to enabled | SecureBackupController.swift:80 | spans: root
2026-04-22T11:29:02.899134Z  INFO elementx: Recovery is enabled, skipping onboarding and opening chats directly | UserSessionFlowCoordinator.swift:395 | spans: root
2026-04-22T11:29:02.899147Z  INFO elementx: Session security state changed, verificationState: verified, recoveryState: enabled | UserSession.swift:48 | spans: root
2026-04-22T11:29:02.899180Z  INFO elementx: Recovery state changed to: enabled, setting local state to enabled | SecureBackupController.swift:80 | spans: root
2026-04-22T11:29:02.900257Z  INFO elementx: AllRooms: Received state update: loaded(maximumNumberOfRooms: Optional(4)) | RoomSummaryProvider.swift:105 | spans: root
2026-04-22T11:29:02.900294Z  INFO elementx: AlternateAllRooms: Received state update: loaded(maximumNumberOfRooms: Optional(4)) | RoomSummaryProvider.swift:105 | spans: root
2026-04-22T11:29:02.900322Z  INFO elementx: StaticAllRooms: Received state update: loaded(maximumNumberOfRooms: Optional(4)) | RoomSummaryProvider.swift:105 | spans: root
2026-04-22T11:29:02.900495Z  INFO elementx: Received room list update: settingUp | ClientProxy.swift:1143 | spans: root
2026-04-22T11:29:02.900601Z DEBUG matrix_sdk::http_client::native: Sending request num_attempt=1 | crates/matrix-sdk/src/http_client/native.rs:78 | spans: root > send{request_id="REQ-18" method=GET uri="https://matrix.mertis.kz/_matrix/client/v3/user/@test2:mertis.kz/account_data/m.ignored_user_list"}
2026-04-22T11:29:02.900773Z DEBUG matrix_sdk::http_client::native: Sending request num_attempt=1 | crates/matrix-sdk/src/http_client/native.rs:78 | spans: root > sync_once{conn_id="room-list" pos="581/s1140_6525_62_153_271_1_283_236_0_1_1_1" timeout=0} > send{request_id="REQ-19" method=POST uri="https://matrix.mertis.kz/_matrix/client/unstable/org.matrix.simplified_msc3575/sync" request_size="646B"}
2026-04-22T11:29:02.964472Z DEBUG matrix_sdk::http_client: Got response | crates/matrix-sdk/src/http_client/mod.rs:214 | spans: root > sync_once{conn_id="room-list" pos="581/s1140_6525_62_153_271_1_283_236_0_1_1_1" timeout=0} > send{request_id="REQ-19" method=POST uri="https://matrix.mertis.kz/_matrix/client/unstable/org.matrix.simplified_msc3575/sync" request_size="646B" status=200 response_size="376B" request_duration=63.595625ms}
2026-04-22T11:29:02.964544Z ERROR matrix_sdk::http_client: Error while sending request: Api(Server(ClientApi(Error { status_code: 404, body: Standard(StandardErrorBody { kind: NotFound, message: "Account data not found" }) }))) | crates/matrix-sdk/src/http_client/mod.rs:218 | spans: root > send{request_id="REQ-18" method=GET uri="https://matrix.mertis.kz/_matrix/client/v3/user/@test2:mertis.kz/account_data/m.ignored_user_list" status=404 response_size="58B" request_duration=63.863459ms}
2026-04-22T11:29:02.964561Z DEBUG matrix_sdk::http_client: Got response | crates/matrix-sdk/src/http_client/mod.rs:214 | spans: next_sync_with_lock{store_generation=12} > sync_once{conn_id="encryption"  timeout=30000} > send_outgoing_requests > keys_query{request_id="3c98799d05db484ca21a9dc70147f8ec"} > send{request_id="REQ-17" method=POST uri="https://matrix.mertis.kz/_matrix/client/v3/keys/query" request_size="104B" status=200 response_size="36.8k" request_duration=113.294708ms}
2026-04-22T11:29:02.964607Z DEBUG matrix_sdk_crypto::identities::manager: Handling a `/keys/query` response request_id="3c98799d05db484ca21a9dc70147f8ec" users={"@aktau:mertis.kz", "@alm:mertis.kz", "@astana:mertis.kz", "@test2:mertis.kz"} failures={} | crates/matrix-sdk-crypto/src/identities/manager.rs:135 | spans: next_sync_with_lock{store_generation=12} > sync_once{conn_id="encryption"  timeout=30000} > send_outgoing_requests > keys_query{request_id="3c98799d05db484ca21a9dc70147f8ec"}
2026-04-22T11:29:02.968840Z  INFO elementx: Received room list update: running | ClientProxy.swift:1143 | spans: root
2026-04-22T11:29:02.974863Z DEBUG matrix_sdk::http_client::native: Sending request num_attempt=1 | crates/matrix-sdk/src/http_client/native.rs:78 | spans: root > sync_once{conn_id="room-list" pos="581/s1140_6525_62_153_271_1_283_236_0_1_1_1" timeout=30000} > send{request_id="REQ-20" method=POST uri="https://matrix.mertis.kz/_matrix/client/unstable/org.matrix.simplified_msc3575/sync" request_size="646B"}
2026-04-22T11:29:02.983053Z DEBUG matrix_sdk_crypto::identities::manager: Finished handling of the `/keys/query` response request_id="3c98799d05db484ca21a9dc70147f8ec" new_devices={} changed_devices={} deleted_devices={} new_identities={} changed_identities={} | crates/matrix-sdk-crypto/src/identities/manager.rs:1205 | spans: next_sync_with_lock{store_generation=12} > sync_once{conn_id="encryption"  timeout=30000} > send_outgoing_requests > keys_query{request_id="3c98799d05db484ca21a9dc70147f8ec"}
2026-04-22T11:29:02.983305Z DEBUG matrix_sdk::http_client::native: Sending request num_attempt=1 | crates/matrix-sdk/src/http_client/native.rs:78 | spans: next_sync_with_lock{store_generation=12} > sync_once{conn_id="encryption"  timeout=30000} > send_outgoing_requests > keys_query{request_id="3c98799d05db484ca21a9dc70147f8ec"} > update_state_after_keys_query > send{request_id="REQ-21" method=GET uri="https://matrix.mertis.kz/_matrix/client/v3/user/@test2:mertis.kz/account_data/m.secret_storage.default_key"}
2026-04-22T11:29:03.008752Z DEBUG matrix_sdk::http_client: Got response | crates/matrix-sdk/src/http_client/mod.rs:214 | spans: next_sync_with_lock{store_generation=12} > sync_once{conn_id="encryption"  timeout=30000} > send_outgoing_requests > keys_query{request_id="3c98799d05db484ca21a9dc70147f8ec"} > update_state_after_keys_query > send{request_id="REQ-21" method=GET uri="https://matrix.mertis.kz/_matrix/client/v3/user/@test2:mertis.kz/account_data/m.secret_storage.default_key" status=200 response_size="42B" request_duration=25.378917ms}
2026-04-22T11:29:03.008907Z  INFO elementx: Session security state changed, verificationState: verified, recoveryState: enabled | UserSession.swift:48 | spans: root
2026-04-22T11:29:03.008955Z  INFO elementx: Recovery state changed to: enabled, setting local state to enabled | SecureBackupController.swift:80 | spans: root
2026-04-22T11:29:03.009450Z  INFO elementx: Session security state changed, verificationState: verified, recoveryState: enabled | UserSession.swift:48 | spans: root
2026-04-22T11:29:03.013273Z DEBUG matrix_sdk::http_client::native: Sending request num_attempt=1 | crates/matrix-sdk/src/http_client/native.rs:78 | spans: root > next_sync_with_lock{store_generation=12} > sync_once{conn_id="encryption" pos="0/s1140_6525_62_153_271_1_283_236_0_1_1_1" timeout=30000} > send{request_id="REQ-22" method=POST uri="https://matrix.mertis.kz/_matrix/client/unstable/org.matrix.simplified_msc3575/sync" request_size="106B"}
2026-04-22T11:29:03.013785Z DEBUG matrix_sdk_crypto::session_manager::sessions: Collected user/device pairs that are missing an Olm session missing_session_devices_by_user={} timed_out_devices_by_user={} | crates/matrix-sdk-crypto/src/session_manager/sessions.rs:285 | spans: root > next_sync_with_lock{store_generation=12} > sync_once{conn_id="encryption" pos="0/s1140_6525_62_153_271_1_283_236_0_1_1_1" timeout=30000} > send_outgoing_requests > get_missing_sessions
2026-04-22T11:29:03.043722Z  INFO elementx: Send queue status changed to enabled: false, homeserver reachability: reachable | ClientProxy.swift:295 | spans: root
2026-04-22T11:29:03.043750Z  INFO elementx: Enabling all send queues | ClientProxy.swift:298 | spans: root
ERROR: Command timeout of 25.0 seconds exceeded. Assuming command got stuck and aborting.
16:29:52  Acquired tunnel connection to device.
16:29:52  Enabling developer disk image services.
16:29:52  Acquired usage assertion.
Launched application with kz.salemx.msg bundle identifier.
Waiting for the application to terminate…
2026-04-22T11:29:52.608404Z  INFO matrix_sdk_ffi::platform: Logging has been set up env_filter="panic=error,hyper=warn,matrix_sdk_ffi=info,matrix_sdk=info,matrix_sdk::client=trace,matrix_sdk_crypto=debug,matrix_sdk_crypto::olm::account=trace,matrix_sdk::oidc=trace,matrix_sdk::http_client=debug,matrix_sdk::sliding_sync=info,matrix_sdk_base::sliding_sync=info,matrix_sdk_ui::timeline=info,matrix_sdk::send_queue=info,matrix_sdk::event_cache=info,matrix_sdk::latest_events=info,matrix_sdk_base::event_cache=info,matrix_sdk_sqlite::event_cache_store=info,matrix_sdk_common::cross_process_lock=warn,matrix_sdk_common::deserialized_responses=info,matrix_sdk_base::store::ambiguity_map=warn,matrix_sdk_ui::notification_client=info,matrix_sdk_base::response_processors=debug,elementx=info" | bindings/matrix-sdk-ffi/src/platform/mod.rs:602
2026-04-22T11:29:52.609397Z  INFO elementx: SalemX 26.03.4 (1) | AppCoordinator.swift:91 | spans: root
2026-04-22T11:29:52.616298Z  INFO elementx: NavigationRootCoordinator(SalemX.SplashScreenCoordinator Set root: SalemX.SplashScreenCoordinator | NavigationRootCoordinator.swift:153 | spans: root
2026-04-22T11:29:52.643203Z  INFO elementx: Sentry configured (enabled: false) | AppCoordinator.swift:1026 | spans: root
2026-04-22T11:29:52.644375Z  INFO elementx: App setting 'enableNotifications' is 'true' | NotificationManager.swift:51 | spans: root
2026-04-22T11:29:52.644601Z  INFO elementx: [CALL-END-TRACE][CANARY-APP-LAUNCH] local_trace_id=app_launch room_id=n/a widget_id=n/a callkit_id=n/a | AppCoordinator.swift:162 | spans: root
2026-04-22T11:29:52.645569Z  INFO elementx: Register background app refresh with result: true | AppCoordinator.swift:1205 | spans: root
2026-04-22T11:29:52.698964Z  INFO elementx: Network reachability changed to reachable | NetworkMonitor.swift:30 | spans: root
2026-04-22T11:29:52.705763Z  INFO elementx: Transitioning from `initial` to `restoringSession` with event `startWithExistingSession` | AppCoordinatorStateMachine.swift:93 | spans: root
2026-04-22T11:29:52.710257Z  INFO elementx: No global proxy configured. | URL.swift:113 | spans: root > Global proxy
spawning a multithreaded tokio runtime
2026-04-22T11:29:52.712389Z DEBUG matrix_sdk::client::builder: Starting to build the Client | crates/matrix-sdk/src/client/builder/mod.rs:533 | spans: root > build
2026-04-22T11:29:52.912660Z  INFO matrix_sdk::client::builder: selected sliding sync version version=None | crates/matrix-sdk/src/client/builder/mod.rs:585 | spans: root > build{homeserver=HomeserverUrl("https://matrix.mertis.kz/")}
2026-04-22T11:29:52.913542Z DEBUG matrix_sdk::client::builder: Done building the Client | crates/matrix-sdk/src/client/builder/mod.rs:637 | spans: root > build{homeserver=HomeserverUrl("https://matrix.mertis.kz/")}
2026-04-22T11:29:52.913726Z DEBUG matrix_sdk::client::thread_subscriptions: Thread subscriptions catchup not enabled, not starting the catchup task | crates/matrix-sdk/src/client/thread_subscriptions.rs:161
2026-04-22T11:29:52.916877Z DEBUG matrix_sdk_crypto::machine: Restored an Olm account | crates/matrix-sdk-crypto/src/machine/mod.rs:330 | spans: root > restore_session_with > with_store{user_id="@test2:mertis.kz" device_id="Z4J1wfeukl" ed25519_key=YBVytjQtW7p4YXBJoNbTH+now14oHD2Y4+X/t53VPzE curve25519_key=WN4Ll6tmb1nN1pN/+KQTWEHeSBBpkeJcmfJM74EgNB4}
2026-04-22T11:29:52.917239Z DEBUG matrix_sdk_crypto::machine: Restored the cross signing identity master_key=Some("ed25519:9yIZ9iFkLpNrF0D0Q6QiBzAzecWulE9Gcf2F5Aez9+0") | crates/matrix-sdk-crypto/src/machine/mod.rs:374 | spans: root > restore_session_with > with_store{user_id="@test2:mertis.kz" device_id="Z4J1wfeukl" ed25519_key=YBVytjQtW7p4YXBJoNbTH+now14oHD2Y4+X/t53VPzE curve25519_key=WN4Ll6tmb1nN1pN/+KQTWEHeSBBpkeJcmfJM74EgNB4}
2026-04-22T11:29:52.918040Z  INFO elementx: Set up session for user @test2:mertis.kz at: Data: /private/var/mobile/Containers/Shared/AppGroup/99D73CAD-D41E-4571-937C-CDF4CB70AA29/Library/Application Support/kz.salemx.msg/Sessions/F3D999A9-6A6E-4670-84CA-C6CF7685EAA0 Caches: /private/var/mobile/Containers/Shared/AppGroup/99D73CAD-D41E-4571-937C-CDF4CB70AA29/Library/Caches/kz.salemx.msg/Sessions/F3D999A9-6A6E-4670-84CA-C6CF7685EAA0 | UserSessionStore.swift:145 | spans: root
2026-04-22T11:29:52.919512Z  INFO elementx: Checking if backup exists on the server | SecureBackupController.swift:196 | spans: root
2026-04-22T11:29:52.919576Z  INFO matrix_sdk::encryption::backups: Setting up secret listeners and trying to resume backups | crates/matrix-sdk/src/encryption/backups/mod.rs:752
2026-04-22T11:29:52.919842Z  INFO elementx: Recovery state changed to: unknown, setting local state to unknown | SecureBackupController.swift:80 | spans: root
2026-04-22T11:29:52.920178Z  INFO elementx: Key backup state changed to: unknown, setting local state to unknown | SecureBackupController.swift:59 | spans: root
2026-04-22T11:29:52.920305Z  INFO matrix_sdk_crypto::backups: Activated a backup backup_key=MegolmV1BackupKey { key: "f8Iv7vPv1UF2NyrwUIzJCOpy+qhU01pXFaR3uSgjul4", version: Some("1") } | crates/matrix-sdk-crypto/src/backups/mod.rs:389
2026-04-22T11:29:52.920705Z DEBUG matrix_sdk::http_client::native: Sending request num_attempt=1 | crates/matrix-sdk/src/http_client/native.rs:78 | spans: root > send{request_id="REQ-0" method=GET uri="https://matrix.mertis.kz/_matrix/client/v3/room_keys/version"}
2026-04-22T11:29:52.920704Z  INFO elementx: Checking if backup exists on the server | SecureBackupController.swift:196 | spans: root
2026-04-22T11:29:52.920756Z  INFO matrix_sdk::encryption::backups: Backup state changed from Unknown to Enabled | crates/matrix-sdk/src/encryption/backups/mod.rs:527
2026-04-22T11:29:52.920802Z  INFO matrix_sdk::encryption::recovery: Setting up account data listeners and trying to setup recovery | crates/matrix-sdk/src/encryption/recovery/mod.rs:610
2026-04-22T11:29:52.920842Z  INFO elementx: Key backup state changed to: enabled, setting local state to enabled | SecureBackupController.swift:59 | spans: root
2026-04-22T11:29:52.920868Z DEBUG matrix_sdk::http_client::native: Sending request num_attempt=1 | crates/matrix-sdk/src/http_client/native.rs:78 | spans: root > send{request_id="REQ-1" method=GET uri="https://matrix.mertis.kz/_matrix/client/v3/room_keys/version"}
2026-04-22T11:29:52.921111Z DEBUG matrix_sdk::http_client::native: Sending request num_attempt=1 | crates/matrix-sdk/src/http_client/native.rs:78 | spans: send{request_id="REQ-2" method=GET uri="https://matrix.mertis.kz/_matrix/client/v3/user/@test2:mertis.kz/account_data/m.secret_storage.default_key"}
2026-04-22T11:29:52.921695Z DEBUG matrix_sdk::http_client::native: Sending request num_attempt=1 | crates/matrix-sdk/src/http_client/native.rs:78 | spans: send{request_id="REQ-3" method=GET uri="https://matrix.mertis.kz/_matrix/client/v3/user/@test2:mertis.kz/account_data/m.secret_storage.default_key"}
2026-04-22T11:29:52.921816Z DEBUG matrix_sdk_crypto::machine: Initialising crypto store generation at 13 | crates/matrix-sdk-crypto/src/machine/mod.rs:2852 | spans: root
2026-04-22T11:29:52.922227Z  INFO elementx: AllRooms: Updating visible range: 0..<0 | RoomSummaryProvider.swift:166 | spans: root
2026-04-22T11:29:52.922592Z  INFO elementx: AlternateAllRooms: Updating visible range: 0..<0 | RoomSummaryProvider.swift:166 | spans: root
2026-04-22T11:29:52.922677Z  INFO elementx: StaticAllRooms: Updating visible range: 0..<0 | RoomSummaryProvider.swift:166 | spans: root
2026-04-22T11:29:52.922937Z  INFO elementx: StaticAllRooms: Received state update: loaded(maximumNumberOfRooms: Optional(4)) | RoomSummaryProvider.swift:105 | spans: root
2026-04-22T11:29:52.922970Z  INFO elementx: AllRooms: Received state update: loaded(maximumNumberOfRooms: Optional(4)) | RoomSummaryProvider.swift:105 | spans: root
2026-04-22T11:29:52.922979Z  INFO elementx: AlternateAllRooms: Received state update: loaded(maximumNumberOfRooms: Optional(4)) | RoomSummaryProvider.swift:105 | spans: root
2026-04-22T11:29:52.923233Z  INFO elementx: Starting sync | ClientProxy.swift:442 | spans: root
2026-04-22T11:29:52.923986Z  INFO elementx: Received sync service update: running | ClientProxy.swift:1106 | spans: root
2026-04-22T11:29:52.924399Z DEBUG matrix_sdk::http_client::native: Sending request num_attempt=1 | crates/matrix-sdk/src/http_client/native.rs:78 | spans: send{request_id="REQ-4" method=GET uri="https://matrix.mertis.kz/_matrix/client/unstable/org.matrix.msc2965/auth_metadata"}
2026-04-22T11:29:52.927175Z DEBUG matrix_sdk::http_client::native: Sending request num_attempt=1 | crates/matrix-sdk/src/http_client/native.rs:78 | spans: sync_once{conn_id="room-list" pos="581/s1140_6525_62_153_271_1_283_236_0_1_1_1" timeout=0} > send{request_id="REQ-5" method=POST uri="https://matrix.mertis.kz/_matrix/client/unstable/org.matrix.simplified_msc3575/sync" request_size="647B"}
2026-04-22T11:29:52.931345Z  INFO matrix_sdk::sliding_sync: Marking all tracked users as dirty | crates/matrix-sdk/src/sliding_sync/mod.rs:479 | spans: root > next_sync_with_lock{store_generation=13} > sync_once{conn_id="encryption"}
2026-04-22T11:29:52.932037Z  INFO elementx: Session security state changed, verificationState: verified, recoveryState: unknown | UserSession.swift:48 | spans: root
2026-04-22T11:29:52.932412Z  INFO elementx: Starting sync | ClientProxy.swift:442 | spans: root
2026-04-22T11:29:52.932484Z  INFO elementx: Transitioning from `restoringSession` to `signedIn` with event `createdUserSession` | AppCoordinatorStateMachine.swift:93 | spans: root
2026-04-22T11:29:52.932858Z  INFO elementx: NavigationRootCoordinator(NavigationTabCoordinator(Empty) Set root: NavigationTabCoordinator(Empty) | NavigationRootCoordinator.swift:153 | spans: root
2026-04-22T11:29:52.933112Z  INFO elementx: NavigationSplitCoordinator(NavigationStackCoordinator(Empty) | Empty) Set sidebar: NavigationStackCoordinator(Empty) | NavigationCoordinators.swift:302 | spans: root
2026-04-22T11:29:52.933190Z DEBUG matrix_sdk::http_client::native: Sending request num_attempt=1 | crates/matrix-sdk/src/http_client/native.rs:78 | spans: root > next_sync_with_lock{store_generation=13} > sync_once{conn_id="encryption"  timeout=30000} > send{request_id="REQ-6" method=POST uri="https://matrix.mertis.kz/_matrix/client/unstable/org.matrix.simplified_msc3575/sync" request_size="106B"}
2026-04-22T11:29:52.933398Z DEBUG matrix_sdk_crypto::session_manager::sessions: Collected user/device pairs that are missing an Olm session missing_session_devices_by_user={} timed_out_devices_by_user={} | crates/matrix-sdk-crypto/src/session_manager/sessions.rs:285 | spans: root > next_sync_with_lock{store_generation=13} > sync_once{conn_id="encryption"  timeout=30000} > send_outgoing_requests > get_missing_sessions
2026-04-22T11:29:52.934681Z  INFO elementx: Notification sound enabled: false | NotificationManager.swift:106 | spans: root
2026-04-22T11:29:52.934689Z  INFO elementx: Transitioning from `initial` to `roomList(detailState: nil)` with event `start` | ChatsTabFlowCoordinatorStateMachine.swift:229 | spans: root
2026-04-22T11:29:52.935777Z DEBUG matrix_sdk_crypto::identities::manager: Created a /keys/query request request_id="8eb6ce61d6a542b88af6ccceb8635bc0" users=["@aktau:mertis.kz", "@alm:mertis.kz", "@astana:mertis.kz", "@test2:mertis.kz"] | crates/matrix-sdk-crypto/src/identities/manager.rs:877 | spans: root > next_sync_with_lock{store_generation=13} > sync_once{conn_id="encryption"  timeout=30000} > send_outgoing_requests
2026-04-22T11:29:52.936269Z  INFO elementx: NavigationStackCoordinator(SalemX.HomeScreenCoordinator) Set root: SalemX.HomeScreenCoordinator | NavigationCoordinators.swift:686 | spans: root
2026-04-22T11:29:52.936288Z DEBUG matrix_sdk::http_client::native: Sending request num_attempt=1 | crates/matrix-sdk/src/http_client/native.rs:78 | spans: root > next_sync_with_lock{store_generation=13} > sync_once{conn_id="encryption"  timeout=30000} > send_outgoing_requests > keys_query{request_id="8eb6ce61d6a542b88af6ccceb8635bc0"} > send{request_id="REQ-7" method=POST uri="https://matrix.mertis.kz/_matrix/client/v3/keys/query" request_size="104B"}
2026-04-22T11:29:52.936417Z  INFO elementx: NavigationStackCoordinator(SalemX.CallsScreenCoordinator) Set root: SalemX.CallsScreenCoordinator | NavigationCoordinators.swift:686 | spans: root
2026-04-22T11:29:52.936758Z  INFO elementx: NavigationStackCoordinator(SalemX.StartChatScreenCoordinator) Set root: SalemX.StartChatScreenCoordinator | NavigationCoordinators.swift:686 | spans: root
2026-04-22T11:29:52.936986Z  INFO elementx: NavigationStackCoordinator(SalemX.SettingsScreenCoordinator) Set root: SalemX.SettingsScreenCoordinator | NavigationCoordinators.swift:686 | spans: root
2026-04-22T11:29:52.937000Z  INFO elementx: Security state is still unknown, waiting before deciding post-login flow | UserSessionFlowCoordinator.swift:385 | spans: root
2026-04-22T11:29:52.937050Z  INFO elementx: Security state is still unknown, waiting before deciding post-login flow | UserSessionFlowCoordinator.swift:385 | spans: root
2026-04-22T11:29:52.937092Z  INFO elementx: Homeserver reachability: reachable | UserSessionFlowCoordinator.swift:275 | spans: root
2026-04-22T11:29:52.937346Z  INFO elementx: Received room summary provider update, setting view room list mode to "Showing rooms" | HomeScreenViewModel.swift:345 | spans: root
2026-04-22T11:29:52.937609Z DEBUG matrix_sdk::http_client::native: Sending request num_attempt=1 | crates/matrix-sdk/src/http_client/native.rs:78 | spans: send{request_id="REQ-8" method=GET uri="https://matrix.mertis.kz/_matrix/client/v3/profile/@test2:mertis.kz/avatar_url"}
2026-04-22T11:29:52.938159Z ERROR elementx: Transaction not started or already finished | Signposter.swift:82 | spans: root
2026-04-22T11:29:52.944167Z ERROR elementx: Received background task early termination | ClientProxy.swift:247 | spans: root
2026-04-22T11:29:52.946333Z ERROR elementx: Transaction not started or already finished | Signposter.swift:82 | spans: root
2026-04-22T11:29:52.949237Z ERROR elementx: Received background task early termination | ClientProxy.swift:247 | spans: root
2026-04-22T11:29:52.949643Z ERROR elementx: Received background task early termination | ClientProxy.swift:247 | spans: root
2026-04-22T11:29:52.953276Z ERROR elementx: Received background task early termination | ClientProxy.swift:247 | spans: root
2026-04-22T11:29:52.957768Z ERROR elementx: Received background task early termination | ClientProxy.swift:247 | spans: root
2026-04-22T11:29:53.011454Z DEBUG matrix_sdk::http_client::native: Sending request num_attempt=1 | crates/matrix-sdk/src/http_client/native.rs:78 | spans: root > send{request_id="REQ-9" method=GET uri="https://matrix.mertis.kz/_matrix/client/v3/profile/@test2:mertis.kz/avatar_url"}
2026-04-22T11:29:53.039452Z  INFO elementx: Application did become active | AppCoordinator.swift:1178 | spans: root
2026-04-22T11:29:53.039587Z  INFO elementx: Starting sync | ClientProxy.swift:442 | spans: root
2026-04-22T11:29:53.933029Z  INFO elementx: Send queue status changed to enabled: false, homeserver reachability: reachable | ClientProxy.swift:295 | spans: root
2026-04-22T11:29:53.933224Z  INFO elementx: Enabling all send queues | ClientProxy.swift:298 | spans: root
2026-04-22T11:29:54.302160Z DEBUG matrix_sdk::http_client: Got response | crates/matrix-sdk/src/http_client/mod.rs:214 | spans: root > next_sync_with_lock{store_generation=13} > sync_once{conn_id="encryption"  timeout=30000} > send{request_id="REQ-6" method=POST uri="https://matrix.mertis.kz/_matrix/client/unstable/org.matrix.simplified_msc3575/sync" request_size="106B" status=200 response_size="242B" request_duration=1.36734375s}
2026-04-22T11:29:54.303675Z DEBUG matrix_sdk::http_client: Got response | crates/matrix-sdk/src/http_client/mod.rs:214 | spans: send{request_id="REQ-2" method=GET uri="https://matrix.mertis.kz/_matrix/client/v3/user/@test2:mertis.kz/account_data/m.secret_storage.default_key" status=200 response_size="42B" request_duration=1.381135917s}
2026-04-22T11:29:54.304023Z  INFO matrix_sdk::encryption::recovery: Recovery state changed from Unknown to Enabled | crates/matrix-sdk/src/encryption/recovery/mod.rs:686 | spans: root
2026-04-22T11:29:54.305405Z  INFO elementx: Session security state changed, verificationState: verified, recoveryState: enabled | UserSession.swift:48 | spans: root
2026-04-22T11:29:54.307045Z DEBUG matrix_sdk::http_client: Got response | crates/matrix-sdk/src/http_client/mod.rs:214 | spans: root > send{request_id="REQ-9" method=GET uri="https://matrix.mertis.kz/_matrix/client/v3/profile/@test2:mertis.kz/avatar_url" status=200 response_size="57B" request_duration=1.293110209s}
2026-04-22T11:29:54.308208Z DEBUG matrix_sdk::http_client: Got response | crates/matrix-sdk/src/http_client/mod.rs:214 | spans: send{request_id="REQ-4" method=GET uri="https://matrix.mertis.kz/_matrix/client/unstable/org.matrix.msc2965/auth_metadata" status=200 response_size="2.6k" request_duration=1.380258083s}
2026-04-22T11:29:54.308649Z  INFO elementx: Recovery is enabled, skipping onboarding and opening chats directly | UserSessionFlowCoordinator.swift:395 | spans: root
2026-04-22T11:29:54.309315Z DEBUG matrix_sdk::http_client: Got response | crates/matrix-sdk/src/http_client/mod.rs:214 | spans: send{request_id="REQ-3" method=GET uri="https://matrix.mertis.kz/_matrix/client/v3/user/@test2:mertis.kz/account_data/m.secret_storage.default_key" status=200 response_size="42B" request_duration=1.38319325s}
2026-04-22T11:29:54.310353Z  INFO elementx: Recovery state changed to: enabled, setting local state to enabled | SecureBackupController.swift:80 | spans: root
2026-04-22T11:29:54.310673Z  INFO elementx: Session security state changed, verificationState: verified, recoveryState: enabled | UserSession.swift:48 | spans: root
2026-04-22T11:29:54.310787Z  INFO elementx: Recovery state changed to: enabled, setting local state to enabled | SecureBackupController.swift:80 | spans: root
2026-04-22T11:29:54.313635Z DEBUG matrix_sdk::http_client: Got response | crates/matrix-sdk/src/http_client/mod.rs:214 | spans: root > send{request_id="REQ-0" method=GET uri="https://matrix.mertis.kz/_matrix/client/v3/room_keys/version" status=200 response_size="453B" request_duration=1.392719916s}
2026-04-22T11:29:54.313692Z DEBUG matrix_sdk::http_client: Got response | crates/matrix-sdk/src/http_client/mod.rs:214 | spans: sync_once{conn_id="room-list" pos="581/s1140_6525_62_153_271_1_283_236_0_1_1_1" timeout=0} > send{request_id="REQ-5" method=POST uri="https://matrix.mertis.kz/_matrix/client/unstable/org.matrix.simplified_msc3575/sync" request_size="647B" status=200 response_size="377B" request_duration=1.386253459s}
2026-04-22T11:29:54.316452Z  INFO elementx: Received room list update: settingUp | ClientProxy.swift:1143 | spans: root
2026-04-22T11:29:54.316528Z  INFO elementx: StaticAllRooms: Received state update: loaded(maximumNumberOfRooms: Optional(4)) | RoomSummaryProvider.swift:105 | spans: root
2026-04-22T11:29:54.316766Z  INFO elementx: AlternateAllRooms: Received state update: loaded(maximumNumberOfRooms: Optional(4)) | RoomSummaryProvider.swift:105 | spans: root
2026-04-22T11:29:54.316923Z  INFO elementx: AllRooms: Received state update: loaded(maximumNumberOfRooms: Optional(4)) | RoomSummaryProvider.swift:105 | spans: root
2026-04-22T11:29:54.317029Z DEBUG matrix_sdk::http_client::native: Sending request num_attempt=1 | crates/matrix-sdk/src/http_client/native.rs:78 | spans: root > sync_once{conn_id="room-list" pos="581/s1140_6525_62_153_271_1_283_236_0_1_1_1" timeout=0} > send{request_id="REQ-10" method=POST uri="https://matrix.mertis.kz/_matrix/client/unstable/org.matrix.simplified_msc3575/sync" request_size="646B"}
2026-04-22T11:29:54.317057Z DEBUG matrix_sdk::http_client::native: Sending request num_attempt=1 | crates/matrix-sdk/src/http_client/native.rs:78 | spans: root > send{request_id="REQ-11" method=GET uri="https://matrix.mertis.kz/_matrix/client/v3/user/@test2:mertis.kz/account_data/m.ignored_user_list"}
2026-04-22T11:29:54.322348Z DEBUG matrix_sdk::http_client::native: Sending request num_attempt=1 | crates/matrix-sdk/src/http_client/native.rs:78 | spans: root > send{request_id="REQ-12" method=GET uri="https://matrix.mertis.kz/_matrix/client/v3/profile/@test2:mertis.kz/displayname"}
2026-04-22T11:29:54.407394Z DEBUG matrix_sdk::http_client: Got response | crates/matrix-sdk/src/http_client/mod.rs:214 | spans: root > send{request_id="REQ-12" method=GET uri="https://matrix.mertis.kz/_matrix/client/v3/profile/@test2:mertis.kz/displayname" status=200 response_size="23B" request_duration=83.639708ms}
2026-04-22T11:29:54.407537Z DEBUG matrix_sdk::http_client: Got response | crates/matrix-sdk/src/http_client/mod.rs:214 | spans: send{request_id="REQ-8" method=GET uri="https://matrix.mertis.kz/_matrix/client/v3/profile/@test2:mertis.kz/avatar_url" status=200 response_size="57B" request_duration=1.468557084s}
2026-04-22T11:29:54.407658Z DEBUG matrix_sdk::http_client: Got response | crates/matrix-sdk/src/http_client/mod.rs:214 | spans: root > sync_once{conn_id="room-list" pos="581/s1140_6525_62_153_271_1_283_236_0_1_1_1" timeout=0} > send{request_id="REQ-10" method=POST uri="https://matrix.mertis.kz/_matrix/client/unstable/org.matrix.simplified_msc3575/sync" request_size="646B" status=200 response_size="376B" request_duration=88.934083ms}
2026-04-22T11:29:54.408346Z DEBUG matrix_sdk::http_client: Got response | crates/matrix-sdk/src/http_client/mod.rs:214 | spans: root > send{request_id="REQ-1" method=GET uri="https://matrix.mertis.kz/_matrix/client/v3/room_keys/version" status=200 response_size="453B" request_duration=1.485314625s}
2026-04-22T11:29:54.409954Z ERROR matrix_sdk::http_client: Error while sending request: Api(Server(ClientApi(Error { status_code: 404, body: Standard(StandardErrorBody { kind: NotFound, message: "Account data not found" }) }))) | crates/matrix-sdk/src/http_client/mod.rs:218 | spans: root > send{request_id="REQ-11" method=GET uri="https://matrix.mertis.kz/_matrix/client/v3/user/@test2:mertis.kz/account_data/m.ignored_user_list" status=404 response_size="58B" request_duration=89.187875ms}
2026-04-22T11:29:54.412896Z  INFO elementx: Received room list update: running | ClientProxy.swift:1143 | spans: root
2026-04-22T11:29:54.412949Z DEBUG matrix_sdk::http_client::native: Sending request num_attempt=1 | crates/matrix-sdk/src/http_client/native.rs:78 | spans: sync_once{conn_id="room-list" pos="581/s1140_6525_62_153_271_1_283_236_0_1_1_1" timeout=30000} > send{request_id="REQ-13" method=POST uri="https://matrix.mertis.kz/_matrix/client/unstable/org.matrix.simplified_msc3575/sync" request_size="646B"}
2026-04-22T11:29:54.416886Z DEBUG matrix_sdk::http_client::native: Sending request num_attempt=1 | crates/matrix-sdk/src/http_client/native.rs:78 | spans: send{request_id="REQ-14" method=GET uri="https://matrix.mertis.kz/_matrix/client/v3/profile/@test2:mertis.kz/displayname"}
2026-04-22T11:29:54.434763Z DEBUG matrix_sdk::http_client: Got response | crates/matrix-sdk/src/http_client/mod.rs:214 | spans: root > next_sync_with_lock{store_generation=13} > sync_once{conn_id="encryption"  timeout=30000} > send_outgoing_requests > keys_query{request_id="8eb6ce61d6a542b88af6ccceb8635bc0"} > send{request_id="REQ-7" method=POST uri="https://matrix.mertis.kz/_matrix/client/v3/keys/query" request_size="104B" status=200 response_size="36.8k" request_duration=1.498092041s}
2026-04-22T11:29:54.434925Z DEBUG matrix_sdk_crypto::identities::manager: Handling a `/keys/query` response request_id="8eb6ce61d6a542b88af6ccceb8635bc0" users={"@aktau:mertis.kz", "@alm:mertis.kz", "@astana:mertis.kz", "@test2:mertis.kz"} failures={} | crates/matrix-sdk-crypto/src/identities/manager.rs:135 | spans: root > next_sync_with_lock{store_generation=13} > sync_once{conn_id="encryption"  timeout=30000} > send_outgoing_requests > keys_query{request_id="8eb6ce61d6a542b88af6ccceb8635bc0"}
2026-04-22T11:29:54.449779Z DEBUG matrix_sdk::http_client: Got response | crates/matrix-sdk/src/http_client/mod.rs:214 | spans: send{request_id="REQ-14" method=GET uri="https://matrix.mertis.kz/_matrix/client/v3/profile/@test2:mertis.kz/displayname" status=200 response_size="23B" request_duration=32.758334ms}
2026-04-22T11:29:54.461514Z DEBUG matrix_sdk_crypto::identities::manager: Finished handling of the `/keys/query` response request_id="8eb6ce61d6a542b88af6ccceb8635bc0" new_devices={} changed_devices={} deleted_devices={} new_identities={} changed_identities={} | crates/matrix-sdk-crypto/src/identities/manager.rs:1205 | spans: root > next_sync_with_lock{store_generation=13} > sync_once{conn_id="encryption"  timeout=30000} > send_outgoing_requests > keys_query{request_id="8eb6ce61d6a542b88af6ccceb8635bc0"}
2026-04-22T11:29:54.461638Z DEBUG matrix_sdk::http_client::native: Sending request num_attempt=1 | crates/matrix-sdk/src/http_client/native.rs:78 | spans: root > next_sync_with_lock{store_generation=13} > sync_once{conn_id="encryption"  timeout=30000} > send_outgoing_requests > keys_query{request_id="8eb6ce61d6a542b88af6ccceb8635bc0"} > update_state_after_keys_query > send{request_id="REQ-15" method=GET uri="https://matrix.mertis.kz/_matrix/client/v3/user/@test2:mertis.kz/account_data/m.secret_storage.default_key"}
2026-04-22T11:29:54.492436Z DEBUG matrix_sdk::http_client: Got response | crates/matrix-sdk/src/http_client/mod.rs:214 | spans: root > next_sync_with_lock{store_generation=13} > sync_once{conn_id="encryption"  timeout=30000} > send_outgoing_requests > keys_query{request_id="8eb6ce61d6a542b88af6ccceb8635bc0"} > update_state_after_keys_query > send{request_id="REQ-15" method=GET uri="https://matrix.mertis.kz/_matrix/client/v3/user/@test2:mertis.kz/account_data/m.secret_storage.default_key" status=200 response_size="42B" request_duration=30.647ms}
2026-04-22T11:29:54.492894Z  INFO elementx: Session security state changed, verificationState: verified, recoveryState: enabled | UserSession.swift:48 | spans: root
2026-04-22T11:29:54.493025Z  INFO elementx: Recovery state changed to: enabled, setting local state to enabled | SecureBackupController.swift:80 | spans: root
2026-04-22T11:29:54.494038Z  INFO elementx: Session security state changed, verificationState: verified, recoveryState: enabled | UserSession.swift:48 | spans: root
2026-04-22T11:29:54.500704Z DEBUG matrix_sdk::http_client::native: Sending request num_attempt=1 | crates/matrix-sdk/src/http_client/native.rs:78 | spans: root > next_sync_with_lock{store_generation=13} > sync_once{conn_id="encryption" pos="0/s1140_6525_62_153_271_1_283_236_0_1_1_1" timeout=30000} > send{request_id="REQ-16" method=POST uri="https://matrix.mertis.kz/_matrix/client/unstable/org.matrix.simplified_msc3575/sync" request_size="106B"}
2026-04-22T11:29:54.500888Z DEBUG matrix_sdk_crypto::session_manager::sessions: Collected user/device pairs that are missing an Olm session missing_session_devices_by_user={} timed_out_devices_by_user={} | crates/matrix-sdk-crypto/src/session_manager/sessions.rs:285 | spans: root > next_sync_with_lock{store_generation=13} > sync_once{conn_id="encryption" pos="0/s1140_6525_62_153_271_1_283_236_0_1_1_1" timeout=30000} > send_outgoing_requests > get_missing_sessions
2026-04-22T11:30:03.213477Z DEBUG matrix_sdk::http_client: Got response | crates/matrix-sdk/src/http_client/mod.rs:214 | spans: root > next_sync_with_lock{store_generation=13} > sync_once{conn_id="encryption" pos="0/s1140_6525_62_153_271_1_283_236_0_1_1_1" timeout=30000} > send{request_id="REQ-16" method=POST uri="https://matrix.mertis.kz/_matrix/client/unstable/org.matrix.simplified_msc3575/sync" request_size="106B" status=200 response_size="282B" request_duration=8.710884084s}
2026-04-22T11:30:03.223973Z DEBUG matrix_sdk::http_client::native: Sending request num_attempt=1 | crates/matrix-sdk/src/http_client/native.rs:78 | spans: root > next_sync_with_lock{store_generation=13} > sync_once{conn_id="encryption" pos="0/s1141_6525_62_153_271_1_283_236_0_1_1_1" timeout=30000} > send{request_id="REQ-17" method=POST uri="https://matrix.mertis.kz/_matrix/client/unstable/org.matrix.simplified_msc3575/sync" request_size="106B"}
2026-04-22T11:30:03.224179Z DEBUG matrix_sdk_crypto::session_manager::sessions: Collected user/device pairs that are missing an Olm session missing_session_devices_by_user={} timed_out_devices_by_user={} | crates/matrix-sdk-crypto/src/session_manager/sessions.rs:285 | spans: root > next_sync_with_lock{store_generation=13} > sync_once{conn_id="encryption" pos="0/s1141_6525_62_153_271_1_283_236_0_1_1_1" timeout=30000} > send_outgoing_requests > get_missing_sessions
2026-04-22T11:30:03.241426Z DEBUG matrix_sdk::http_client: Got response | crates/matrix-sdk/src/http_client/mod.rs:214 | spans: sync_once{conn_id="room-list" pos="581/s1140_6525_62_153_271_1_283_236_0_1_1_1" timeout=30000} > send{request_id="REQ-13" method=POST uri="https://matrix.mertis.kz/_matrix/client/unstable/org.matrix.simplified_msc3575/sync" request_size="646B" status=200 response_size="2.1k" request_duration=8.827222125s}
2026-04-22T11:30:03.241679Z  INFO matrix_sdk::latest_events: Timer _Creating `RoomLatestEvents` for "!jFGCYbgmpjrPGtgDqt:mertis.kz"_ finished in 85.417µs | crates/matrix-sdk/src/latest_events/mod.rs:342 | spans: sync_once{conn_id="room-list" pos="581/s1140_6525_62_153_271_1_283_236_0_1_1_1" timeout=30000} > handle_response > subscribe_to_room_latest_events
2026-04-22T11:30:03.249218Z DEBUG matrix_sdk_base::response_processors::account_data::global: Found direct room data in the Store, applying it | crates/matrix-sdk-base/src/response_processors/account_data/global.rs:147 | spans: sync_once{conn_id="room-list" pos="581/s1140_6525_62_153_271_1_283_236_0_1_1_1" timeout=30000} > handle_response
2026-04-22T11:30:03.249654Z DEBUG matrix_sdk_base::response_processors::account_data::global: couldn't find room in state changes or store room=!XCYDoMZkcMWYQVRfHR:mertis.kz | crates/matrix-sdk-base/src/response_processors/account_data/global.rs:176 | spans: sync_once{conn_id="room-list" pos="581/s1140_6525_62_153_271_1_283_236_0_1_1_1" timeout=30000} > handle_response > process_direct_rooms
2026-04-22T11:30:03.256527Z  INFO elementx: Received room list update: running | ClientProxy.swift:1143 | spans: root
2026-04-22T11:30:03.257544Z DEBUG matrix_sdk::http_client::native: Sending request num_attempt=1 | crates/matrix-sdk/src/http_client/native.rs:78 | spans: root > sync_once{conn_id="room-list" pos="585/s1141_6525_62_153_271_1_283_236_0_1_1_1" timeout=30000} > send{request_id="REQ-18" method=POST uri="https://matrix.mertis.kz/_matrix/client/unstable/org.matrix.simplified_msc3575/sync" request_size="646B"}
2026-04-22T11:30:03.266313Z ERROR elementx: Received background task early termination | ClientProxy.swift:247 | spans: root
2026-04-22T11:30:03.266428Z ERROR elementx: Received background task early termination | ClientProxy.swift:247 | spans: root
2026-04-22T11:30:03.266516Z ERROR elementx: Received background task early termination | ClientProxy.swift:247 | spans: root
2026-04-22T11:30:03.267955Z  INFO elementx: Call session 8132C586-C53A-4718-A5A3-AD8DAD0F1D7F transition idle -> incoming_ringing on invite | ElementCallService.swift:948 | spans: root
2026-04-22T11:30:03.268418Z ERROR elementx: Transaction not started or already finished | Signposter.swift:82 | spans: root
2026-04-22T11:30:03.283168Z ERROR elementx: Received background task early termination | ClientProxy.swift:247 | spans: root
2026-04-22T11:30:03.284101Z ERROR elementx: Received background task early termination | ClientProxy.swift:247 | spans: root
2026-04-22T11:30:03.285633Z ERROR elementx: Received background task early termination | ClientProxy.swift:247 | spans: root
2026-04-22T11:30:03.286640Z ERROR elementx: Received background task early termination | ClientProxy.swift:247 | spans: root
2026-04-22T11:30:03.290918Z  INFO elementx: [CALL-END-TRACE][REMOTE-TERMINAL-FILTER] room_id=!jFGCYbgmpjrPGtgDqt:mertis.kz local_trace_id=unknown widget_id=unknown callkit_id=5762A0F7-F7A4-4A20-936D-BCB475CD3D09 decision=rejected reason=timestamp_before_started_at_window event_ts=2026-04-22T10:59:04Z threshold_ts=2026-04-22T11:29:58Z | ElementCallService.swift:1826 | spans: root
2026-04-22T11:30:03.291589Z  INFO elementx: [CALL-END-TRACE][REMOTE-TERMINAL-FILTER] room_id=!jFGCYbgmpjrPGtgDqt:mertis.kz local_trace_id=unknown widget_id=unknown callkit_id=5762A0F7-F7A4-4A20-936D-BCB475CD3D09 decision=rejected reason=timestamp_before_started_at_window event_ts=2026-04-22T10:53:37Z threshold_ts=2026-04-22T11:29:58Z | ElementCallService.swift:1826 | spans: root
2026-04-22T11:30:03.292135Z  INFO elementx: [CALL-END-TRACE][REMOTE-TERMINAL-FILTER] room_id=!jFGCYbgmpjrPGtgDqt:mertis.kz local_trace_id=unknown widget_id=unknown callkit_id=5762A0F7-F7A4-4A20-936D-BCB475CD3D09 decision=rejected reason=timestamp_before_started_at_window event_ts=2026-04-22T10:42:19Z threshold_ts=2026-04-22T11:29:58Z | ElementCallService.swift:1826 | spans: root
2026-04-22T11:30:03.292660Z  INFO elementx: [CALL-END-TRACE][REMOTE-TERMINAL-FILTER] room_id=!jFGCYbgmpjrPGtgDqt:mertis.kz local_trace_id=unknown widget_id=unknown callkit_id=5762A0F7-F7A4-4A20-936D-BCB475CD3D09 decision=rejected reason=timestamp_before_started_at_window event_ts=2026-04-22T10:33:22Z threshold_ts=2026-04-22T11:29:58Z | ElementCallService.swift:1826 | spans: root
2026-04-22T11:30:03.293211Z  WARN elementx: Decline: No RTC notification ID found for the incoming call. | ElementCallService.swift:1254 | spans: root
2026-04-22T11:30:03.380351Z DEBUG matrix_sdk::http_client: Got response | crates/matrix-sdk/src/http_client/mod.rs:214 | spans: root > next_sync_with_lock{store_generation=13} > sync_once{conn_id="encryption" pos="0/s1141_6525_62_153_271_1_283_236_0_1_1_1" timeout=30000} > send{request_id="REQ-17" method=POST uri="https://matrix.mertis.kz/_matrix/client/unstable/org.matrix.simplified_msc3575/sync" request_size="106B" status=200 response_size="282B" request_duration=156.306375ms}
2026-04-22T11:30:03.382096Z DEBUG matrix_sdk::http_client::native: Sending request num_attempt=1 | crates/matrix-sdk/src/http_client/native.rs:78 | spans: root > next_sync_with_lock{store_generation=13} > sync_once{conn_id="encryption" pos="0/s1142_6525_62_153_271_1_283_236_0_1_1_1" timeout=30000} > send{request_id="REQ-19" method=POST uri="https://matrix.mertis.kz/_matrix/client/unstable/org.matrix.simplified_msc3575/sync" request_size="106B"}
2026-04-22T11:30:03.382205Z DEBUG matrix_sdk_crypto::session_manager::sessions: Collected user/device pairs that are missing an Olm session missing_session_devices_by_user={} timed_out_devices_by_user={} | crates/matrix-sdk-crypto/src/session_manager/sessions.rs:285 | spans: root > next_sync_with_lock{store_generation=13} > sync_once{conn_id="encryption" pos="0/s1142_6525_62_153_271_1_283_236_0_1_1_1" timeout=30000} > send_outgoing_requests > get_missing_sessions
2026-04-22T11:30:03.398257Z DEBUG matrix_sdk::http_client: Got response | crates/matrix-sdk/src/http_client/mod.rs:214 | spans: root > sync_once{conn_id="room-list" pos="585/s1141_6525_62_153_271_1_283_236_0_1_1_1" timeout=30000} > send{request_id="REQ-18" method=POST uri="https://matrix.mertis.kz/_matrix/client/unstable/org.matrix.simplified_msc3575/sync" request_size="646B" status=200 response_size="1.6k" request_duration=140.635833ms}
2026-04-22T11:30:03.401677Z DEBUG matrix_sdk_base::response_processors::account_data::global: Found direct room data in the Store, applying it | crates/matrix-sdk-base/src/response_processors/account_data/global.rs:147 | spans: root > sync_once{conn_id="room-list" pos="585/s1141_6525_62_153_271_1_283_236_0_1_1_1" timeout=30000} > handle_response
2026-04-22T11:30:03.403191Z  INFO elementx: Received room list update: running | ClientProxy.swift:1143 | spans: root
2026-04-22T11:30:03.403466Z DEBUG matrix_sdk::http_client::native: Sending request num_attempt=1 | crates/matrix-sdk/src/http_client/native.rs:78 | spans: root > sync_once{conn_id="room-list" pos="585/s1142_6525_62_153_271_1_283_236_0_1_1_1" timeout=30000} > send{request_id="REQ-20" method=POST uri="https://matrix.mertis.kz/_matrix/client/unstable/org.matrix.simplified_msc3575/sync" request_size="646B"}
2026-04-22T11:30:03.407270Z ERROR elementx: Received background task early termination | ClientProxy.swift:247 | spans: root
2026-04-22T11:30:03.407386Z ERROR elementx: Received background task early termination | ClientProxy.swift:247 | spans: root
2026-04-22T11:30:03.408423Z ERROR elementx: Received background task early termination | ClientProxy.swift:247 | spans: root
2026-04-22T11:30:03.414510Z ERROR elementx: Received background task early termination | ClientProxy.swift:247 | spans: root
2026-04-22T11:30:03.414574Z ERROR elementx: Received background task early termination | ClientProxy.swift:247 | spans: root
2026-04-22T11:30:03.414873Z ERROR elementx: Received background task early termination | ClientProxy.swift:247 | spans: root
2026-04-22T11:30:03.468483Z  INFO elementx: Starting sync | ClientProxy.swift:442 | spans: root
2026-04-22T11:30:05.938044Z  INFO elementx: Call session 8132C586-C53A-4718-A5A3-AD8DAD0F1D7F transition incoming_ringing -> accepted on accept | ElementCallService.swift:948 | spans: root
2026-04-22T11:30:06.086358Z  INFO elementx: Call provider did activate audio session | ElementCallService.swift:565 | spans: root
2026-04-22T11:30:06.983468Z ERROR elementx: Transaction not started or already finished | Signposter.swift:82 | spans: root
2026-04-22T11:30:07.020933Z ERROR elementx: Received background task early termination | ClientProxy.swift:247 | spans: root
2026-04-22T11:30:07.027470Z DEBUG matrix_sdk::http_client::native: Sending request num_attempt=1 | crates/matrix-sdk/src/http_client/native.rs:78 | spans: root > send{request_id="REQ-21" method=GET uri="https://matrix.mertis.kz/_matrix/client/v3/profile/@test2:mertis.kz"}
2026-04-22T11:30:07.074869Z DEBUG matrix_sdk::http_client: Got response | crates/matrix-sdk/src/http_client/mod.rs:214 | spans: root > send{request_id="REQ-21" method=GET uri="https://matrix.mertis.kz/_matrix/client/v3/profile/@test2:mertis.kz" status=200 response_size="79B" request_duration=47.169208ms}
2026-04-22T11:30:07.100791Z  INFO elementx: Call provider did deactivate audio session | ElementCallService.swift:569 | spans: root
2026-04-22T11:30:07.101117Z  INFO elementx: Call session B5C2473D-9BBC-462C-B752-CBCA9C89647A transition idle -> incoming_ringing on invite | ElementCallService.swift:948 | spans: root
2026-04-22T11:30:07.101136Z  INFO elementx: Call session B5C2473D-9BBC-462C-B752-CBCA9C89647A transition incoming_ringing -> accepted on accept | ElementCallService.swift:948 | spans: root
2026-04-22T11:30:07.101426Z ERROR elementx: Transaction not started or already finished | Signposter.swift:82 | spans: root
2026-04-22T11:30:07.106775Z ERROR elementx: Received background task early termination | ClientProxy.swift:247 | spans: root
2026-04-22T11:30:07.151331Z ERROR elementx: Accessed timeline item provider before subscribing for updates. | TimelineProxy.swift:32 | spans: root
2026-04-22T11:30:07.163013Z ERROR elementx: Accessed timeline item provider before subscribing for updates. | TimelineProxy.swift:32 | spans: root
2026-04-22T11:30:07.164192Z ERROR elementx: Transaction not started or already finished | Signposter.swift:82 | spans: root
2026-04-22T11:30:07.176433Z ERROR elementx: Accessed timeline item provider before subscribing for updates. | TimelineProxy.swift:32 | spans: root
2026-04-22T11:30:07.176639Z ERROR elementx: Accessed timeline item provider before subscribing for updates. | TimelineProxy.swift:32 | spans: root
2026-04-22T11:30:07.177195Z ERROR elementx: Received background task early termination | ClientProxy.swift:247 | spans: root
2026-04-22T11:30:07.265841Z  INFO elementx: URL changed to: file:///var/containers/Bundle/Application/503A4C00-8790-45F5-BFAB-6E337935CA79/SalemX.app/EmbeddedElementCall_EmbeddedElementCall.bundle/dist/index.html?controlledAudioDevices=false&header=none&showControls=false&hideScreensharing=true#?userId=@test2:mertis.kz&roomId=!jFGCYbgmpjrPGtgDqt:mertis.kz&widgetId=E170414A-A225-415F-B1BF-206A1BE9C745&displayName=test2&lang=ru-KZ&theme=dark&clientId=kz.salemx.msg&deviceId=Z4J1wfeukl&baseUrl=https://matrix.mertis.kz/&parentUrl=file:///var/containers/Bundle/Application/503A4C00-8790-45F5-BFAB-6E337935CA79/SalemX.app/EmbeddedElementCall_EmbeddedElementCall.bundle/dist/index.html&perParticipantE2EE=true&intent=start_call_dm&rageshakeSubmitUrl=https://rageshake.localhost/submit&controlledAudioDevices=false&header=none&showControls=false&hideScreensharing=true | CallScreenViewModel.swift:182 | spans: root
2026-04-22T11:30:07.357862Z  INFO elementx: [CALL-END-TRACE][SENDER-BRIDGE-ENTRY] method=ElementCallWidgetDriver.handleMessage room_id=!jFGCYbgmpjrPGtgDqt:mertis.kz local_trace_id=unknown widget_id=E170414A-A225-415F-B1BF-206A1BE9C745 callkit_id=unknown message_type=supported_api_versions message_direction=fromWidget | ElementCallWidgetDriver.swift:196 | spans: root
2026-04-22T11:30:07.372859Z  INFO elementx: [CALL-END-TRACE][SENDER-BRIDGE-ENTRY] method=ElementCallWidgetDriver.handleMessage room_id=!jFGCYbgmpjrPGtgDqt:mertis.kz local_trace_id=unknown widget_id=E170414A-A225-415F-B1BF-206A1BE9C745 callkit_id=unknown message_type=content_loaded message_direction=fromWidget | ElementCallWidgetDriver.swift:196 | spans: root
2026-04-22T11:30:07.413235Z  INFO elementx: [CALL-END-TRACE][SENDER-BRIDGE-ENTRY] method=ElementCallWidgetDriver.handleMessage room_id=!jFGCYbgmpjrPGtgDqt:mertis.kz local_trace_id=unknown widget_id=E170414A-A225-415F-B1BF-206A1BE9C745 callkit_id=unknown message_type=capabilities message_direction=toWidget | ElementCallWidgetDriver.swift:196 | spans: root
2026-04-22T11:30:07.415742Z  INFO elementx: [CALL-END-TRACE][SENDER-BRIDGE-ENTRY] method=ElementCallWidgetDriver.handleMessage room_id=!jFGCYbgmpjrPGtgDqt:mertis.kz local_trace_id=unknown widget_id=E170414A-A225-415F-B1BF-206A1BE9C745 callkit_id=unknown message_type=notify_capabilities message_direction=toWidget | ElementCallWidgetDriver.swift:196 | spans: root
2026-04-22T11:30:07.423242Z  INFO elementx: [CALL-END-TRACE][SENDER-BRIDGE-ENTRY] method=ElementCallWidgetDriver.handleMessage room_id=!jFGCYbgmpjrPGtgDqt:mertis.kz local_trace_id=unknown widget_id=E170414A-A225-415F-B1BF-206A1BE9C745 callkit_id=unknown message_type=update_state message_direction=toWidget | ElementCallWidgetDriver.swift:196 | spans: root
2026-04-22T11:30:07.496358Z  INFO elementx: [CALL-END-TRACE][SENDER-BRIDGE-ENTRY] method=ElementCallWidgetDriver.handleMessage room_id=!jFGCYbgmpjrPGtgDqt:mertis.kz local_trace_id=unknown widget_id=E170414A-A225-415F-B1BF-206A1BE9C745 callkit_id=unknown message_type=get_openid message_direction=fromWidget | ElementCallWidgetDriver.swift:196 | spans: root
2026-04-22T11:30:07.496484Z  INFO elementx: [CALL-END-TRACE][SENDER-BRIDGE-ENTRY] method=ElementCallWidgetDriver.handleMessage room_id=!jFGCYbgmpjrPGtgDqt:mertis.kz local_trace_id=unknown widget_id=E170414A-A225-415F-B1BF-206A1BE9C745 callkit_id=unknown message_type=get_openid message_direction=fromWidget | ElementCallWidgetDriver.swift:196 | spans: root
2026-04-22T11:30:07.512157Z  INFO elementx: [CALL-END-TRACE][SENDER-BRIDGE-ENTRY] method=ElementCallWidgetDriver.handleMessage room_id=!jFGCYbgmpjrPGtgDqt:mertis.kz local_trace_id=unknown widget_id=E170414A-A225-415F-B1BF-206A1BE9C745 callkit_id=unknown message_type=get_openid message_direction=fromWidget | ElementCallWidgetDriver.swift:196 | spans: root
2026-04-22T11:30:07.516123Z DEBUG matrix_sdk::http_client::native: Sending request num_attempt=1 | crates/matrix-sdk/src/http_client/native.rs:78 | spans: root > send{request_id="REQ-22" method=POST uri="https://matrix.mertis.kz/_matrix/client/v3/user/@test2:mertis.kz/openid/request_token" request_size="2B"}
2026-04-22T11:30:07.568599Z DEBUG matrix_sdk::http_client: Got response | crates/matrix-sdk/src/http_client/mod.rs:214 | spans: root > send{request_id="REQ-22" method=POST uri="https://matrix.mertis.kz/_matrix/client/v3/user/@test2:mertis.kz/openid/request_token" request_size="2B" status=200 response_size="116B" request_duration=52.225792ms}
2026-04-22T11:30:07.568811Z DEBUG matrix_sdk::http_client::native: Sending request num_attempt=1 | crates/matrix-sdk/src/http_client/native.rs:78 | spans: root > send{request_id="REQ-23" method=POST uri="https://matrix.mertis.kz/_matrix/client/v3/user/@test2:mertis.kz/openid/request_token" request_size="2B"}
2026-04-22T11:30:07.607790Z DEBUG matrix_sdk::http_client: Got response | crates/matrix-sdk/src/http_client/mod.rs:214 | spans: root > send{request_id="REQ-23" method=POST uri="https://matrix.mertis.kz/_matrix/client/v3/user/@test2:mertis.kz/openid/request_token" request_size="2B" status=200 response_size="116B" request_duration=38.921125ms}
2026-04-22T11:30:07.608095Z DEBUG matrix_sdk::http_client::native: Sending request num_attempt=1 | crates/matrix-sdk/src/http_client/native.rs:78 | spans: root > send{request_id="REQ-24" method=POST uri="https://matrix.mertis.kz/_matrix/client/v3/user/@test2:mertis.kz/openid/request_token" request_size="2B"}
2026-04-22T11:30:07.643635Z DEBUG matrix_sdk::http_client: Got response | crates/matrix-sdk/src/http_client/mod.rs:214 | spans: root > send{request_id="REQ-24" method=POST uri="https://matrix.mertis.kz/_matrix/client/v3/user/@test2:mertis.kz/openid/request_token" request_size="2B" status=200 response_size="116B" request_duration=35.471417ms}
2026-04-22T11:30:08.272319Z ERROR elementx: Accessed timeline item provider before subscribing for updates. | TimelineProxy.swift:32 | spans: root
2026-04-22T11:30:08.332987Z  INFO elementx: [CALL-END-TRACE][SENDER-BRIDGE-ENTRY] method=ElementCallWidgetDriver.handleMessage room_id=!jFGCYbgmpjrPGtgDqt:mertis.kz local_trace_id=unknown widget_id=E170414A-A225-415F-B1BF-206A1BE9C745 callkit_id=unknown message_type=send_event message_direction=fromWidget | ElementCallWidgetDriver.swift:196 | spans: root
2026-04-22T11:30:08.333326Z  INFO elementx: [CALL-END-TRACE][SENDER-BRIDGE-ENTRY] method=ElementCallWidgetDriver.handleMessage room_id=!jFGCYbgmpjrPGtgDqt:mertis.kz local_trace_id=unknown widget_id=E170414A-A225-415F-B1BF-206A1BE9C745 callkit_id=unknown message_type=openid_credentials message_direction=toWidget | ElementCallWidgetDriver.swift:196 | spans: root
2026-04-22T11:30:08.333340Z  INFO elementx: [CALL-END-TRACE][SENDER-BRIDGE-ENTRY] method=ElementCallWidgetDriver.handleMessage room_id=!jFGCYbgmpjrPGtgDqt:mertis.kz local_trace_id=unknown widget_id=E170414A-A225-415F-B1BF-206A1BE9C745 callkit_id=unknown message_type=openid_credentials message_direction=toWidget | ElementCallWidgetDriver.swift:196 | spans: root
2026-04-22T11:30:08.333660Z  INFO elementx: [CALL-END-TRACE][SENDER-BRIDGE-ENTRY] method=ElementCallWidgetDriver.handleMessage room_id=!jFGCYbgmpjrPGtgDqt:mertis.kz local_trace_id=unknown widget_id=E170414A-A225-415F-B1BF-206A1BE9C745 callkit_id=unknown message_type=openid_credentials message_direction=toWidget | ElementCallWidgetDriver.swift:196 | spans: root
2026-04-22T11:30:08.335469Z DEBUG matrix_sdk::http_client::native: Sending request num_attempt=1 | crates/matrix-sdk/src/http_client/native.rs:78 | spans: root > send{request_id="REQ-25" method=PUT uri="https://matrix.mertis.kz/_matrix/client/v3/rooms/!jFGCYbgmpjrPGtgDqt:mertis.kz/state/org.matrix.msc3401.call.member/_@test2:mertis.kz_Z4J1wfeukl_m.call" request_size="2B"}
2026-04-22T11:30:08.392153Z DEBUG matrix_sdk::http_client: Got response | crates/matrix-sdk/src/http_client/mod.rs:214 | spans: root > send{request_id="REQ-25" method=PUT uri="https://matrix.mertis.kz/_matrix/client/v3/rooms/!jFGCYbgmpjrPGtgDqt:mertis.kz/state/org.matrix.msc3401.call.member/_@test2:mertis.kz_Z4J1wfeukl_m.call" request_size="2B" status=200 response_size="39B" request_duration=56.596875ms}
2026-04-22T11:30:08.393793Z  INFO elementx: [CALL-END-TRACE][SENDER-BRIDGE-ENTRY] method=ElementCallWidgetDriver.handleMessage room_id=!jFGCYbgmpjrPGtgDqt:mertis.kz local_trace_id=unknown widget_id=E170414A-A225-415F-B1BF-206A1BE9C745 callkit_id=unknown message_type=send_event message_direction=fromWidget | ElementCallWidgetDriver.swift:196 | spans: root
2026-04-22T11:30:08.393807Z  INFO elementx: [CALL-END-TRACE][SENDER-BRIDGE-ENTRY] method=ElementCallWidgetDriver.handleMessage room_id=!jFGCYbgmpjrPGtgDqt:mertis.kz local_trace_id=unknown widget_id=E170414A-A225-415F-B1BF-206A1BE9C745 callkit_id=unknown message_type=get_openid message_direction=fromWidget | ElementCallWidgetDriver.swift:196 | spans: root
2026-04-22T11:30:08.394221Z DEBUG matrix_sdk::http_client::native: Sending request num_attempt=1 | crates/matrix-sdk/src/http_client/native.rs:78 | spans: root > send_state_event_raw > send{request_id="REQ-26" method=PUT uri="https://matrix.mertis.kz/_matrix/client/v3/rooms/!jFGCYbgmpjrPGtgDqt:mertis.kz/state/org.matrix.msc3401.call.member/_@test2:mertis.kz_Z4J1wfeukl_m.call" request_size="386B"}
2026-04-22T11:30:08.428608Z ERROR elementx: Accessed timeline item provider before subscribing for updates. | TimelineProxy.swift:32 | spans: root
2026-04-22T11:30:08.538524Z DEBUG matrix_sdk::http_client: Got response | crates/matrix-sdk/src/http_client/mod.rs:214 | spans: root > next_sync_with_lock{store_generation=13} > sync_once{conn_id="encryption" pos="0/s1142_6525_62_153_271_1_283_236_0_1_1_1" timeout=30000} > send{request_id="REQ-19" method=POST uri="https://matrix.mertis.kz/_matrix/client/unstable/org.matrix.simplified_msc3575/sync" request_size="106B" status=200 response_size="282B" request_duration=5.155983042s}
2026-04-22T11:30:08.538729Z DEBUG matrix_sdk::http_client: Got response | crates/matrix-sdk/src/http_client/mod.rs:214 | spans: root > send_state_event_raw > send{request_id="REQ-26" method=PUT uri="https://matrix.mertis.kz/_matrix/client/v3/rooms/!jFGCYbgmpjrPGtgDqt:mertis.kz/state/org.matrix.msc3401.call.member/_@test2:mertis.kz_Z4J1wfeukl_m.call" request_size="386B" status=200 response_size="59B" request_duration=144.186542ms}
2026-04-22T11:30:08.538806Z DEBUG matrix_sdk::http_client::native: Sending request num_attempt=1 | crates/matrix-sdk/src/http_client/native.rs:78 | spans: root > send{request_id="REQ-27" method=POST uri="https://matrix.mertis.kz/_matrix/client/v3/user/@test2:mertis.kz/openid/request_token" request_size="2B"}
2026-04-22T11:30:08.542065Z DEBUG matrix_sdk::http_client::native: Sending request num_attempt=1 | crates/matrix-sdk/src/http_client/native.rs:78 | spans: root > next_sync_with_lock{store_generation=13} > sync_once{conn_id="encryption" pos="0/s1143_6525_62_153_271_1_283_236_0_1_1_1" timeout=30000} > send{request_id="REQ-28" method=POST uri="https://matrix.mertis.kz/_matrix/client/unstable/org.matrix.simplified_msc3575/sync" request_size="106B"}
2026-04-22T11:30:08.542148Z DEBUG matrix_sdk_crypto::session_manager::sessions: Collected user/device pairs that are missing an Olm session missing_session_devices_by_user={} timed_out_devices_by_user={} | crates/matrix-sdk-crypto/src/session_manager/sessions.rs:285 | spans: root > next_sync_with_lock{store_generation=13} > sync_once{conn_id="encryption" pos="0/s1143_6525_62_153_271_1_283_236_0_1_1_1" timeout=30000} > send_outgoing_requests > get_missing_sessions
2026-04-22T11:30:08.564189Z DEBUG matrix_sdk::http_client: Got response | crates/matrix-sdk/src/http_client/mod.rs:214 | spans: root > sync_once{conn_id="room-list" pos="585/s1142_6525_62_153_271_1_283_236_0_1_1_1" timeout=30000} > send{request_id="REQ-20" method=POST uri="https://matrix.mertis.kz/_matrix/client/unstable/org.matrix.simplified_msc3575/sync" request_size="646B" status=200 response_size="2.1k" request_duration=5.160421542s}
2026-04-22T11:30:08.565080Z DEBUG matrix_sdk_base::response_processors::account_data::global: Found direct room data in the Store, applying it | crates/matrix-sdk-base/src/response_processors/account_data/global.rs:147 | spans: root > sync_once{conn_id="room-list" pos="585/s1142_6525_62_153_271_1_283_236_0_1_1_1" timeout=30000} > handle_response
2026-04-22T11:30:08.567110Z  INFO elementx: Received room list update: running | ClientProxy.swift:1143 | spans: root
2026-04-22T11:30:08.567232Z DEBUG matrix_sdk::http_client::native: Sending request num_attempt=1 | crates/matrix-sdk/src/http_client/native.rs:78 | spans: root > sync_once{conn_id="room-list" pos="585/s1143_6525_62_153_271_1_283_236_0_1_1_1" timeout=30000} > send{request_id="REQ-29" method=POST uri="https://matrix.mertis.kz/_matrix/client/unstable/org.matrix.simplified_msc3575/sync" request_size="646B"}
2026-04-22T11:30:08.572494Z ERROR elementx: Received background task early termination | ClientProxy.swift:247 | spans: root
2026-04-22T11:30:08.581052Z DEBUG matrix_sdk::http_client: Got response | crates/matrix-sdk/src/http_client/mod.rs:214 | spans: root > send{request_id="REQ-27" method=POST uri="https://matrix.mertis.kz/_matrix/client/v3/user/@test2:mertis.kz/openid/request_token" request_size="2B" status=200 response_size="116B" request_duration=41.903916ms}
2026-04-22T11:30:08.581134Z ERROR elementx: Accessed timeline item provider before subscribing for updates. | TimelineProxy.swift:32 | spans: root
2026-04-22T11:30:08.583480Z ERROR elementx: Received background task early termination | ClientProxy.swift:247 | spans: root
2026-04-22T11:30:08.583680Z ERROR elementx: Received background task early termination | ClientProxy.swift:247 | spans: root
2026-04-22T11:30:08.584128Z ERROR elementx: Received background task early termination | ClientProxy.swift:247 | spans: root
2026-04-22T11:30:08.610416Z ERROR elementx: Received background task early termination | ClientProxy.swift:247 | spans: root
2026-04-22T11:30:08.610937Z ERROR elementx: Received background task early termination | ClientProxy.swift:247 | spans: root
2026-04-22T11:30:08.615466Z  INFO elementx: [CALL-END-TRACE][SENDER-BRIDGE-ENTRY] method=ElementCallWidgetDriver.handleMessage room_id=!jFGCYbgmpjrPGtgDqt:mertis.kz local_trace_id=unknown widget_id=E170414A-A225-415F-B1BF-206A1BE9C745 callkit_id=unknown message_type=org.matrix.msc4157.update_delayed_event message_direction=fromWidget | ElementCallWidgetDriver.swift:196 | spans: root
2026-04-22T11:30:08.615479Z  INFO elementx: [CALL-END-TRACE][SENDER-BRIDGE-ENTRY] method=ElementCallWidgetDriver.handleMessage room_id=!jFGCYbgmpjrPGtgDqt:mertis.kz local_trace_id=unknown widget_id=E170414A-A225-415F-B1BF-206A1BE9C745 callkit_id=unknown message_type=send_event message_direction=toWidget | ElementCallWidgetDriver.swift:196 | spans: root
2026-04-22T11:30:08.615499Z  INFO elementx: [CALL-END-TRACE][SENDER-BRIDGE-ENTRY] method=ElementCallWidgetDriver.handleMessage room_id=!jFGCYbgmpjrPGtgDqt:mertis.kz local_trace_id=unknown widget_id=E170414A-A225-415F-B1BF-206A1BE9C745 callkit_id=unknown message_type=update_state message_direction=toWidget | ElementCallWidgetDriver.swift:196 | spans: root
2026-04-22T11:30:08.615595Z  INFO elementx: [CALL-END-TRACE][SENDER-BRIDGE-ENTRY] method=ElementCallWidgetDriver.handleMessage room_id=!jFGCYbgmpjrPGtgDqt:mertis.kz local_trace_id=unknown widget_id=E170414A-A225-415F-B1BF-206A1BE9C745 callkit_id=unknown message_type=send_to_device message_direction=fromWidget | ElementCallWidgetDriver.swift:196 | spans: root
2026-04-22T11:30:08.615866Z  INFO elementx: [CALL-END-TRACE][SENDER-BRIDGE-ENTRY] method=ElementCallWidgetDriver.handleMessage room_id=!jFGCYbgmpjrPGtgDqt:mertis.kz local_trace_id=unknown widget_id=E170414A-A225-415F-B1BF-206A1BE9C745 callkit_id=unknown message_type=openid_credentials message_direction=toWidget | ElementCallWidgetDriver.swift:196 | spans: root
2026-04-22T11:30:08.616449Z DEBUG matrix_sdk::http_client::native: Sending request num_attempt=1 | crates/matrix-sdk/src/http_client/native.rs:78 | spans: root > send{request_id="REQ-30" method=POST uri="https://matrix.mertis.kz/_matrix/client/unstable/org.matrix.msc4140/delayed_events/syd_clDvOfnGmPRepvEBvWZb" request_size="20B"}
2026-04-22T11:30:08.736938Z ERROR elementx: Accessed timeline item provider before subscribing for updates. | TimelineProxy.swift:32 | spans: root
2026-04-22T11:30:08.748478Z DEBUG matrix_sdk::http_client: Got response | crates/matrix-sdk/src/http_client/mod.rs:214 | spans: root > next_sync_with_lock{store_generation=13} > sync_once{conn_id="encryption" pos="0/s1143_6525_62_153_271_1_283_236_0_1_1_1" timeout=30000} > send{request_id="REQ-28" method=POST uri="https://matrix.mertis.kz/_matrix/client/unstable/org.matrix.simplified_msc3575/sync" request_size="106B" status=200 response_size="2.0k" request_duration=206.337625ms}
2026-04-22T11:30:08.749745Z DEBUG matrix_sdk_crypto::machine: Received a to-device event | crates/matrix-sdk-crypto/src/machine/mod.rs:1543 | spans: root > next_sync_with_lock{store_generation=13} > sync_once{conn_id="encryption" pos="0/s1143_6525_62_153_271_1_283_236_0_1_1_1" timeout=30000} > handle_response > receive_sync_changes > receive_to_device_event{sender="@aktau:mertis.kz" event_type="m.room.encrypted" message_id="01KPTF8S35F3R9SDCB172VVRMS"}
2026-04-22T11:30:08.749896Z TRACE matrix_sdk_crypto::olm::account: Decrypting a to-device event | crates/matrix-sdk-crypto/src/olm/account.rs:1255 | spans: root > next_sync_with_lock{store_generation=13} > sync_once{conn_id="encryption" pos="0/s1143_6525_62_153_271_1_283_236_0_1_1_1" timeout=30000} > handle_response > receive_sync_changes > receive_to_device_event{sender="@aktau:mertis.kz" event_type="m.room.encrypted" message_id="01KPTF8S35F3R9SDCB172VVRMS"} > decrypt_to_device_event{algorithm="m.olm.v1.curve25519-aes-sha2"}
2026-04-22T11:30:08.750733Z DEBUG matrix_sdk_crypto::olm::session: Decrypted an Olm message session=Session { session_id: "CNskI9fv5WPKm0Vm3Vfj9Z0qAdIQ3yFpICfc2N3WmFE", sending_ratchet: DoubleRatchet(InactiveDoubleRatchet { ratchet_count: 2, ratchet_key: "curve25519:UnpWH+A0IdvMdXYMSI72leeodPAyCkuKmg02FFYulR0", .. }), receiving_chains: [ReceiverChain { ratchet_count: 0, ratchet_key: "curve25519:8d2p6cT1Wy81KM+xNJ/FeCtDKgmJ4Jv8zpII4l0dJVk", chain_index: 2, skipped_message_keys: [], .. }, ReceiverChain { ratchet_count: 2, ratchet_key: "curve25519:UnpWH+A0IdvMdXYMSI72leeodPAyCkuKmg02FFYulR0", chain_index: 2, skipped_message_keys: [], .. }], config: SessionConfig { version: V1 }, .. } | crates/matrix-sdk-crypto/src/olm/session.rs:86 | spans: root > next_sync_with_lock{store_generation=13} > sync_once{conn_id="encryption" pos="0/s1143_6525_62_153_271_1_283_236_0_1_1_1" timeout=30000} > handle_response > receive_sync_changes > receive_to_device_event{sender="@aktau:mertis.kz" event_type="m.room.encrypted" message_id="01KPTF8S35F3R9SDCB172VVRMS"} > decrypt_to_device_event{algorithm="m.olm.v1.curve25519-aes-sha2"} > decrypt_olm_v1{sender_key="curve25519:efvOaiCqOWXWWQfN14/MRFs6cbJBbQZGvJeBDN3c720"} > decrypt_and_parse_olm_message{sender="@aktau:mertis.kz" sender_key="curve25519:efvOaiCqOWXWWQfN14/MRFs6cbJBbQZGvJeBDN3c720" Normal(Message { version: 3, ratchet_key: "curve25519:UnpWH+A0IdvMdXYMSI72leeodPAyCkuKmg02FFYulR0", chain_index: 1, .. }) decryption_settings=DecryptionSettings { sender_device_trust_requirement: Untrusted } session_id="CNskI9fv5WPKm0Vm3Vfj9Z0qAdIQ3yFpICfc2N3WmFE"}
2026-04-22T11:30:08.750785Z TRACE matrix_sdk_crypto::olm::account: Successfully decrypted an Olm message | crates/matrix-sdk-crypto/src/olm/account.rs:1430 | spans: root > next_sync_with_lock{store_generation=13} > sync_once{conn_id="encryption" pos="0/s1143_6525_62_153_271_1_283_236_0_1_1_1" timeout=30000} > handle_response > receive_sync_changes > receive_to_device_event{sender="@aktau:mertis.kz" event_type="m.room.encrypted" message_id="01KPTF8S35F3R9SDCB172VVRMS"} > decrypt_to_device_event{algorithm="m.olm.v1.curve25519-aes-sha2"} > decrypt_olm_v1{sender_key="curve25519:efvOaiCqOWXWWQfN14/MRFs6cbJBbQZGvJeBDN3c720"} > decrypt_and_parse_olm_message{sender="@aktau:mertis.kz" sender_key="curve25519:efvOaiCqOWXWWQfN14/MRFs6cbJBbQZGvJeBDN3c720" Normal(Message { version: 3, ratchet_key: "curve25519:UnpWH+A0IdvMdXYMSI72leeodPAyCkuKmg02FFYulR0", chain_index: 1, .. }) decryption_settings=DecryptionSettings { sender_device_trust_requirement: Untrusted } session_id="CNskI9fv5WPKm0Vm3Vfj9Z0qAdIQ3yFpICfc2N3WmFE"}
2026-04-22T11:30:08.751799Z TRACE matrix_sdk_crypto::olm::account: check_to_device_sender_trust_requirement verification_state=Unverified(UnsignedDevice) trust_requirement=Untrusted | crates/matrix-sdk-crypto/src/olm/account.rs:1877 | spans: root > next_sync_with_lock{store_generation=13} > sync_once{conn_id="encryption" pos="0/s1143_6525_62_153_271_1_283_236_0_1_1_1" timeout=30000} > handle_response > receive_sync_changes > receive_to_device_event{sender="@aktau:mertis.kz" event_type="m.room.encrypted" message_id="01KPTF8S35F3R9SDCB172VVRMS"} > decrypt_to_device_event{algorithm="m.olm.v1.curve25519-aes-sha2"} > decrypt_olm_v1{sender_key="curve25519:efvOaiCqOWXWWQfN14/MRFs6cbJBbQZGvJeBDN3c720"} > decrypt_and_parse_olm_message{sender="@aktau:mertis.kz" sender_key="curve25519:efvOaiCqOWXWWQfN14/MRFs6cbJBbQZGvJeBDN3c720" Normal(Message { version: 3, ratchet_key: "curve25519:UnpWH+A0IdvMdXYMSI72leeodPAyCkuKmg02FFYulR0", chain_index: 1, .. }) decryption_settings=DecryptionSettings { sender_device_trust_requirement: Untrusted } session_id="CNskI9fv5WPKm0Vm3Vfj9Z0qAdIQ3yFpICfc2N3WmFE"}
2026-04-22T11:30:08.752500Z DEBUG matrix_sdk_crypto::machine: Received a decrypted to-device event sender_device_keys=(Some("curve25519:efvOaiCqOWXWWQfN14/MRFs6cbJBbQZGvJeBDN3c720"), Some("ed25519:pOP0R2ZW/E2ro3edzZQ7eYqu/+tRYfg06sAly9C2qUY")) | crates/matrix-sdk-crypto/src/machine/mod.rs:1361 | spans: root > next_sync_with_lock{store_generation=13} > sync_once{conn_id="encryption" pos="0/s1143_6525_62_153_271_1_283_236_0_1_1_1" timeout=30000} > handle_response > receive_sync_changes > receive_to_device_event{sender="@aktau:mertis.kz" event_type="m.room.encrypted" message_id="01KPTF8S35F3R9SDCB172VVRMS"} > handle_decrypted_to_device_event{sender_key="curve25519:efvOaiCqOWXWWQfN14/MRFs6cbJBbQZGvJeBDN3c720" event_type="io.element.call.encryption_keys"}
2026-04-22T11:30:08.752511Z  WARN matrix_sdk_crypto::machine: Received an unexpected encrypted to-device event | crates/matrix-sdk-crypto/src/machine/mod.rs:1413 | spans: root > next_sync_with_lock{store_generation=13} > sync_once{conn_id="encryption" pos="0/s1143_6525_62_153_271_1_283_236_0_1_1_1" timeout=30000} > handle_response > receive_sync_changes > receive_to_device_event{sender="@aktau:mertis.kz" event_type="m.room.encrypted" message_id="01KPTF8S35F3R9SDCB172VVRMS"} > handle_decrypted_to_device_event{sender_key="curve25519:efvOaiCqOWXWWQfN14/MRFs6cbJBbQZGvJeBDN3c720" event_type="io.element.call.encryption_keys"}
2026-04-22T11:30:08.755630Z DEBUG matrix_sdk::http_client::native: Sending request num_attempt=1 | crates/matrix-sdk/src/http_client/native.rs:78 | spans: root > next_sync_with_lock{store_generation=13} > sync_once{conn_id="encryption" pos="0/s1143_6525_62_153_271_1_284_236_0_1_1_1" timeout=30000} > send{request_id="REQ-31" method=POST uri="https://matrix.mertis.kz/_matrix/client/unstable/org.matrix.simplified_msc3575/sync" request_size="106B"}
2026-04-22T11:30:08.755807Z DEBUG matrix_sdk_crypto::session_manager::sessions: Collected user/device pairs that are missing an Olm session missing_session_devices_by_user={} timed_out_devices_by_user={} | crates/matrix-sdk-crypto/src/session_manager/sessions.rs:285 | spans: root > next_sync_with_lock{store_generation=13} > sync_once{conn_id="encryption" pos="0/s1143_6525_62_153_271_1_284_236_0_1_1_1" timeout=30000} > send_outgoing_requests > get_missing_sessions
2026-04-22T11:30:08.786251Z DEBUG matrix_sdk::http_client: Got response | crates/matrix-sdk/src/http_client/mod.rs:214 | spans: root > send{request_id="REQ-30" method=POST uri="https://matrix.mertis.kz/_matrix/client/unstable/org.matrix.msc4140/delayed_events/syd_clDvOfnGmPRepvEBvWZb" request_size="20B" status=200 response_size="2B" request_duration=169.747959ms}
2026-04-22T11:30:08.790935Z DEBUG matrix_sdk_crypto::session_manager::sessions: Collected user/device pairs that are missing an Olm session missing_session_devices_by_user={} timed_out_devices_by_user={} | crates/matrix-sdk-crypto/src/session_manager/sessions.rs:285 | spans: root > get_missing_sessions
2026-04-22T11:30:08.791756Z  INFO matrix_sdk_crypto::session_manager::group_sessions: Encrypting content of type io.element.call.encryption_keys recipients={"@aktau:mertis.kz": {"dxm67jVLyu"}} | crates/matrix-sdk-crypto/src/session_manager/group_sessions/mod.rs:892 | spans: root
2026-04-22T11:30:08.792464Z DEBUG matrix_sdk_crypto::olm::session: Successfully encrypted an event session=Session { session_id: "CNskI9fv5WPKm0Vm3Vfj9Z0qAdIQ3yFpICfc2N3WmFE", sending_ratchet: DoubleRatchet(ActiveDoubleRatchet { ratchet_count: 3, parent_ratchet_key: Some("curve25519:UnpWH+A0IdvMdXYMSI72leeodPAyCkuKmg02FFYulR0"), ratchet_key: RatchetPublicKey("curve25519:xHiktbocxG27hTCo58XyIms3B8JGLQ2MuUNacLuXdEw"), chain_index: 1, .. }), receiving_chains: [ReceiverChain { ratchet_count: 0, ratchet_key: "curve25519:8d2p6cT1Wy81KM+xNJ/FeCtDKgmJ4Jv8zpII4l0dJVk", chain_index: 2, skipped_message_keys: [], .. }, ReceiverChain { ratchet_count: 2, ratchet_key: "curve25519:UnpWH+A0IdvMdXYMSI72leeodPAyCkuKmg02FFYulR0", chain_index: 2, skipped_message_keys: [], .. }], config: SessionConfig { version: V1 }, .. } | crates/matrix-sdk-crypto/src/olm/session.rs:130 | spans: root > encrypt{recipient="@aktau:mertis.kz" recipient_device="dxm67jVLyu" recipient_key=Some("curve25519:efvOaiCqOWXWWQfN14/MRFs6cbJBbQZGvJeBDN3c720") message_id="01KPTF8S8QVGF83KC1B0P22BZX"}
2026-04-22T11:30:08.793485Z DEBUG matrix_sdk::http_client::native: Sending request num_attempt=1 | crates/matrix-sdk/src/http_client/native.rs:78 | spans: root > send{request_id="REQ-32" method=PUT uri="https://matrix.mertis.kz/_matrix/client/v3/sendToDevice/m.room.encrypted/3c8c5924bd7c400d96b92ce4ee5ea636" request_size="1.9k"}
2026-04-22T11:30:08.896294Z ERROR elementx: Accessed timeline item provider before subscribing for updates. | TimelineProxy.swift:32 | spans: root
2026-04-22T11:30:08.904044Z DEBUG matrix_sdk::http_client: Got response | crates/matrix-sdk/src/http_client/mod.rs:214 | spans: root > send{request_id="REQ-32" method=PUT uri="https://matrix.mertis.kz/_matrix/client/v3/sendToDevice/m.room.encrypted/3c8c5924bd7c400d96b92ce4ee5ea636" request_size="1.9k" status=200 response_size="2B" request_duration=110.519584ms}
2026-04-22T11:30:08.925264Z  INFO elementx: [CALL-END-TRACE][SENDER-BRIDGE-ENTRY] method=ElementCallWidgetDriver.handleMessage room_id=!jFGCYbgmpjrPGtgDqt:mertis.kz local_trace_id=unknown widget_id=E170414A-A225-415F-B1BF-206A1BE9C745 callkit_id=unknown message_type=send_to_device message_direction=toWidget | ElementCallWidgetDriver.swift:196 | spans: root
2026-04-22T11:30:09.946021Z ERROR elementx: Accessed timeline item provider before subscribing for updates. | TimelineProxy.swift:32 | spans: root
2026-04-22T11:30:10.102689Z ERROR elementx: Accessed timeline item provider before subscribing for updates. | TimelineProxy.swift:32 | spans: root
2026-04-22T11:30:10.256878Z ERROR elementx: Accessed timeline item provider before subscribing for updates. | TimelineProxy.swift:32 | spans: root
2026-04-22T11:30:10.411873Z ERROR elementx: Accessed timeline item provider before subscribing for updates. | TimelineProxy.swift:32 | spans: root
2026-04-22T11:30:10.564435Z ERROR elementx: Accessed timeline item provider before subscribing for updates. | TimelineProxy.swift:32 | spans: root
2026-04-22T11:30:11.621233Z ERROR elementx: Accessed timeline item provider before subscribing for updates. | TimelineProxy.swift:32 | spans: root
2026-04-22T11:30:11.776800Z ERROR elementx: Accessed timeline item provider before subscribing for updates. | TimelineProxy.swift:32 | spans: root
2026-04-22T11:30:11.937382Z ERROR elementx: Accessed timeline item provider before subscribing for updates. | TimelineProxy.swift:32 | spans: root
2026-04-22T11:30:12.095931Z ERROR elementx: Accessed timeline item provider before subscribing for updates. | TimelineProxy.swift:32 | spans: root
2026-04-22T11:30:12.250958Z ERROR elementx: Accessed timeline item provider before subscribing for updates. | TimelineProxy.swift:32 | spans: root
2026-04-22T11:30:12.926041Z  INFO elementx: [CALL-END-TRACE][SENDER-BRIDGE-ENTRY] method=ElementCallWidgetDriver.handleMessage room_id=!jFGCYbgmpjrPGtgDqt:mertis.kz local_trace_id=unknown widget_id=E170414A-A225-415F-B1BF-206A1BE9C745 callkit_id=unknown message_type=org.matrix.msc4157.update_delayed_event message_direction=fromWidget | ElementCallWidgetDriver.swift:196 | spans: root
2026-04-22T11:30:12.926855Z DEBUG matrix_sdk::http_client::native: Sending request num_attempt=1 | crates/matrix-sdk/src/http_client/native.rs:78 | spans: root > send{request_id="REQ-33" method=POST uri="https://matrix.mertis.kz/_matrix/client/unstable/org.matrix.msc4140/delayed_events/syd_clDvOfnGmPRepvEBvWZb" request_size="20B"}
2026-04-22T11:30:13.009828Z DEBUG matrix_sdk::http_client: Got response | crates/matrix-sdk/src/http_client/mod.rs:214 | spans: root > send{request_id="REQ-33" method=POST uri="https://matrix.mertis.kz/_matrix/client/unstable/org.matrix.msc4140/delayed_events/syd_clDvOfnGmPRepvEBvWZb" request_size="20B" status=200 response_size="2B" request_duration=82.746042ms}
2026-04-22T11:30:13.260693Z ERROR elementx: Accessed timeline item provider before subscribing for updates. | TimelineProxy.swift:32 | spans: root
2026-04-22T11:30:13.416342Z ERROR elementx: Accessed timeline item provider before subscribing for updates. | TimelineProxy.swift:32 | spans: root
2026-04-22T11:30:13.576895Z ERROR elementx: Accessed timeline item provider before subscribing for updates. | TimelineProxy.swift:32 | spans: root
2026-04-22T11:30:13.733274Z ERROR elementx: Accessed timeline item provider before subscribing for updates. | TimelineProxy.swift:32 | spans: root
2026-04-22T11:30:13.893792Z ERROR elementx: Accessed timeline item provider before subscribing for updates. | TimelineProxy.swift:32 | spans: root
2026-04-22T11:30:14.960514Z ERROR elementx: Accessed timeline item provider before subscribing for updates. | TimelineProxy.swift:32 | spans: root
2026-04-22T11:30:15.111630Z ERROR elementx: Accessed timeline item provider before subscribing for updates. | TimelineProxy.swift:32 | spans: root
2026-04-22T11:30:15.265617Z ERROR elementx: Accessed timeline item provider before subscribing for updates. | TimelineProxy.swift:32 | spans: root
2026-04-22T11:30:15.421303Z ERROR elementx: Accessed timeline item provider before subscribing for updates. | TimelineProxy.swift:32 | spans: root
2026-04-22T11:30:15.581668Z ERROR elementx: Accessed timeline item provider before subscribing for updates. | TimelineProxy.swift:32 | spans: root
2026-04-22T11:30:16.588959Z ERROR elementx: Accessed timeline item provider before subscribing for updates. | TimelineProxy.swift:32 | spans: root
2026-04-22T11:30:16.747867Z ERROR elementx: Accessed timeline item provider before subscribing for updates. | TimelineProxy.swift:32 | spans: root
2026-04-22T11:30:16.908251Z ERROR elementx: Accessed timeline item provider before subscribing for updates. | TimelineProxy.swift:32 | spans: root
2026-04-22T11:30:17.019222Z  INFO elementx: [CALL-END-TRACE][SENDER-BRIDGE-ENTRY] method=ElementCallWidgetDriver.handleMessage room_id=!jFGCYbgmpjrPGtgDqt:mertis.kz local_trace_id=unknown widget_id=E170414A-A225-415F-B1BF-206A1BE9C745 callkit_id=unknown message_type=org.matrix.msc4157.update_delayed_event message_direction=fromWidget | ElementCallWidgetDriver.swift:196 | spans: root
2026-04-22T11:30:17.020821Z DEBUG matrix_sdk::http_client::native: Sending request num_attempt=1 | crates/matrix-sdk/src/http_client/native.rs:78 | spans: root > send{request_id="REQ-34" method=POST uri="https://matrix.mertis.kz/_matrix/client/unstable/org.matrix.msc4140/delayed_events/syd_clDvOfnGmPRepvEBvWZb" request_size="20B"}
2026-04-22T11:30:17.063353Z ERROR elementx: Accessed timeline item provider before subscribing for updates. | TimelineProxy.swift:32 | spans: root
2026-04-22T11:30:17.081050Z DEBUG matrix_sdk::http_client: Got response | crates/matrix-sdk/src/http_client/mod.rs:214 | spans: root > send{request_id="REQ-34" method=POST uri="https://matrix.mertis.kz/_matrix/client/unstable/org.matrix.msc4140/delayed_events/syd_clDvOfnGmPRepvEBvWZb" request_size="20B" status=200 response_size="2B" request_duration=57.9135ms}
2026-04-22T11:30:17.219256Z ERROR elementx: Accessed timeline item provider before subscribing for updates. | TimelineProxy.swift:32 | spans: root
2026-04-22T11:30:18.280820Z ERROR elementx: Accessed timeline item provider before subscribing for updates. | TimelineProxy.swift:32 | spans: root
2026-04-22T11:30:18.439883Z ERROR elementx: Accessed timeline item provider before subscribing for updates. | TimelineProxy.swift:32 | spans: root
2026-04-22T11:30:18.597305Z ERROR elementx: Accessed timeline item provider before subscribing for updates. | TimelineProxy.swift:32 | spans: root
2026-04-22T11:30:18.757397Z ERROR elementx: Accessed timeline item provider before subscribing for updates. | TimelineProxy.swift:32 | spans: root
2026-04-22T11:30:18.916604Z ERROR elementx: Accessed timeline item provider before subscribing for updates. | TimelineProxy.swift:32 | spans: root
2026-04-22T11:30:19.975835Z ERROR elementx: Accessed timeline item provider before subscribing for updates. | TimelineProxy.swift:32 | spans: root
2026-04-22T11:30:20.134657Z ERROR elementx: Accessed timeline item provider before subscribing for updates. | TimelineProxy.swift:32 | spans: root
2026-04-22T11:30:20.292956Z ERROR elementx: Accessed timeline item provider before subscribing for updates. | TimelineProxy.swift:32 | spans: root
2026-04-22T11:30:20.449778Z ERROR elementx: Accessed timeline item provider before subscribing for updates. | TimelineProxy.swift:32 | spans: root
2026-04-22T11:30:20.600442Z ERROR elementx: Accessed timeline item provider before subscribing for updates. | TimelineProxy.swift:32 | spans: root
2026-04-22T11:30:21.088031Z  INFO elementx: [CALL-END-TRACE][SENDER-BRIDGE-ENTRY] method=ElementCallWidgetDriver.handleMessage room_id=!jFGCYbgmpjrPGtgDqt:mertis.kz local_trace_id=unknown widget_id=E170414A-A225-415F-B1BF-206A1BE9C745 callkit_id=unknown message_type=org.matrix.msc4157.update_delayed_event message_direction=fromWidget | ElementCallWidgetDriver.swift:196 | spans: root
2026-04-22T11:30:21.089106Z DEBUG matrix_sdk::http_client::native: Sending request num_attempt=1 | crates/matrix-sdk/src/http_client/native.rs:78 | spans: root > send{request_id="REQ-35" method=POST uri="https://matrix.mertis.kz/_matrix/client/unstable/org.matrix.msc4140/delayed_events/syd_clDvOfnGmPRepvEBvWZb" request_size="20B"}
2026-04-22T11:30:21.137098Z DEBUG matrix_sdk::http_client: Got response | crates/matrix-sdk/src/http_client/mod.rs:214 | spans: root > send{request_id="REQ-35" method=POST uri="https://matrix.mertis.kz/_matrix/client/unstable/org.matrix.msc4140/delayed_events/syd_clDvOfnGmPRepvEBvWZb" request_size="20B" status=200 response_size="2B" request_duration=47.850834ms}
2026-04-22T11:30:21.604936Z ERROR elementx: Accessed timeline item provider before subscribing for updates. | TimelineProxy.swift:32 | spans: root
2026-04-22T11:30:21.759602Z ERROR elementx: Accessed timeline item provider before subscribing for updates. | TimelineProxy.swift:32 | spans: root
2026-04-22T11:30:21.918617Z ERROR elementx: Accessed timeline item provider before subscribing for updates. | TimelineProxy.swift:32 | spans: root
2026-04-22T11:30:22.077587Z ERROR elementx: Accessed timeline item provider before subscribing for updates. | TimelineProxy.swift:32 | spans: root
2026-04-22T11:30:22.232056Z ERROR elementx: Accessed timeline item provider before subscribing for updates. | TimelineProxy.swift:32 | spans: root
2026-04-22T11:30:23.259325Z ERROR elementx: Accessed timeline item provider before subscribing for updates. | TimelineProxy.swift:32 | spans: root
2026-04-22T11:30:23.417042Z ERROR elementx: Accessed timeline item provider before subscribing for updates. | TimelineProxy.swift:32 | spans: root
2026-04-22T11:30:23.577427Z ERROR elementx: Accessed timeline item provider before subscribing for updates. | TimelineProxy.swift:32 | spans: root
2026-04-22T11:30:23.731876Z ERROR elementx: Accessed timeline item provider before subscribing for updates. | TimelineProxy.swift:32 | spans: root
2026-04-22T11:30:23.890839Z ERROR elementx: Accessed timeline item provider before subscribing for updates. | TimelineProxy.swift:32 | spans: root
2026-04-22T11:30:24.957667Z ERROR elementx: Accessed timeline item provider before subscribing for updates. | TimelineProxy.swift:32 | spans: root
2026-04-22T11:30:25.108856Z ERROR elementx: Accessed timeline item provider before subscribing for updates. | TimelineProxy.swift:32 | spans: root
2026-04-22T11:30:25.142192Z  INFO elementx: [CALL-END-TRACE][SENDER-BRIDGE-ENTRY] method=ElementCallWidgetDriver.handleMessage room_id=!jFGCYbgmpjrPGtgDqt:mertis.kz local_trace_id=unknown widget_id=E170414A-A225-415F-B1BF-206A1BE9C745 callkit_id=unknown message_type=org.matrix.msc4157.update_delayed_event message_direction=fromWidget | ElementCallWidgetDriver.swift:196 | spans: root
2026-04-22T11:30:25.144853Z DEBUG matrix_sdk::http_client::native: Sending request num_attempt=1 | crates/matrix-sdk/src/http_client/native.rs:78 | spans: root > send{request_id="REQ-36" method=POST uri="https://matrix.mertis.kz/_matrix/client/unstable/org.matrix.msc4140/delayed_events/syd_clDvOfnGmPRepvEBvWZb" request_size="20B"}
2026-04-22T11:30:25.194459Z DEBUG matrix_sdk::http_client: Got response | crates/matrix-sdk/src/http_client/mod.rs:214 | spans: root > send{request_id="REQ-36" method=POST uri="https://matrix.mertis.kz/_matrix/client/unstable/org.matrix.msc4140/delayed_events/syd_clDvOfnGmPRepvEBvWZb" request_size="20B" status=200 response_size="2B" request_duration=49.170292ms}
2026-04-22T11:30:25.267641Z ERROR elementx: Accessed timeline item provider before subscribing for updates. | TimelineProxy.swift:32 | spans: root
2026-04-22T11:30:25.421640Z ERROR elementx: Accessed timeline item provider before subscribing for updates. | TimelineProxy.swift:32 | spans: root
2026-04-22T11:30:25.576510Z ERROR elementx: Accessed timeline item provider before subscribing for updates. | TimelineProxy.swift:32 | spans: root
2026-04-22T11:30:26.603856Z ERROR elementx: Accessed timeline item provider before subscribing for updates. | TimelineProxy.swift:32 | spans: root
2026-04-22T11:30:26.763712Z ERROR elementx: Accessed timeline item provider before subscribing for updates. | TimelineProxy.swift:32 | spans: root
2026-04-22T11:30:26.919033Z ERROR elementx: Accessed timeline item provider before subscribing for updates. | TimelineProxy.swift:32 | spans: root
2026-04-22T11:30:27.079223Z ERROR elementx: Accessed timeline item provider before subscribing for updates. | TimelineProxy.swift:32 | spans: root
2026-04-22T11:30:27.235749Z ERROR elementx: Accessed timeline item provider before subscribing for updates. | TimelineProxy.swift:32 | spans: root
2026-04-22T11:30:29.198831Z  INFO elementx: [CALL-END-TRACE][SENDER-BRIDGE-ENTRY] method=ElementCallWidgetDriver.handleMessage room_id=!jFGCYbgmpjrPGtgDqt:mertis.kz local_trace_id=unknown widget_id=E170414A-A225-415F-B1BF-206A1BE9C745 callkit_id=unknown message_type=org.matrix.msc4157.update_delayed_event message_direction=fromWidget | ElementCallWidgetDriver.swift:196 | spans: root
2026-04-22T11:30:29.201437Z DEBUG matrix_sdk::http_client::native: Sending request num_attempt=1 | crates/matrix-sdk/src/http_client/native.rs:78 | spans: root > send{request_id="REQ-37" method=POST uri="https://matrix.mertis.kz/_matrix/client/unstable/org.matrix.msc4140/delayed_events/syd_clDvOfnGmPRepvEBvWZb" request_size="20B"}
2026-04-22T11:30:29.250502Z DEBUG matrix_sdk::http_client: Got response | crates/matrix-sdk/src/http_client/mod.rs:214 | spans: root > send{request_id="REQ-37" method=POST uri="https://matrix.mertis.kz/_matrix/client/unstable/org.matrix.msc4140/delayed_events/syd_clDvOfnGmPRepvEBvWZb" request_size="20B" status=200 response_size="2B" request_duration=48.625459ms}
2026-04-22T11:30:33.257501Z  INFO elementx: [CALL-END-TRACE][SENDER-BRIDGE-ENTRY] method=ElementCallWidgetDriver.handleMessage room_id=!jFGCYbgmpjrPGtgDqt:mertis.kz local_trace_id=unknown widget_id=E170414A-A225-415F-B1BF-206A1BE9C745 callkit_id=unknown message_type=org.matrix.msc4157.update_delayed_event message_direction=fromWidget | ElementCallWidgetDriver.swift:196 | spans: root
2026-04-22T11:30:33.258893Z DEBUG matrix_sdk::http_client::native: Sending request num_attempt=1 | crates/matrix-sdk/src/http_client/native.rs:78 | spans: root > send{request_id="REQ-38" method=POST uri="https://matrix.mertis.kz/_matrix/client/unstable/org.matrix.msc4140/delayed_events/syd_clDvOfnGmPRepvEBvWZb" request_size="20B"}
2026-04-22T11:30:33.303104Z DEBUG matrix_sdk::http_client: Got response | crates/matrix-sdk/src/http_client/mod.rs:214 | spans: root > send{request_id="REQ-38" method=POST uri="https://matrix.mertis.kz/_matrix/client/unstable/org.matrix.msc4140/delayed_events/syd_clDvOfnGmPRepvEBvWZb" request_size="20B" status=200 response_size="2B" request_duration=44.002ms}
2026-04-22T11:30:33.320953Z DEBUG matrix_sdk::http_client: Got response | crates/matrix-sdk/src/http_client/mod.rs:214 | spans: root > next_sync_with_lock{store_generation=13} > sync_once{conn_id="encryption" pos="0/s1143_6525_62_153_271_1_284_236_0_1_1_1" timeout=30000} > send{request_id="REQ-31" method=POST uri="https://matrix.mertis.kz/_matrix/client/unstable/org.matrix.simplified_msc3575/sync" request_size="106B" status=200 response_size="282B" request_duration=24.564330083s}
2026-04-22T11:30:33.330718Z DEBUG matrix_sdk::http_client::native: Sending request num_attempt=1 | crates/matrix-sdk/src/http_client/native.rs:78 | spans: root > next_sync_with_lock{store_generation=13} > sync_once{conn_id="encryption" pos="0/s1144_6525_62_153_271_1_285_236_0_1_1_1" timeout=30000} > send{request_id="REQ-39" method=POST uri="https://matrix.mertis.kz/_matrix/client/unstable/org.matrix.simplified_msc3575/sync" request_size="106B"}
2026-04-22T11:30:33.330900Z DEBUG matrix_sdk_crypto::session_manager::sessions: Collected user/device pairs that are missing an Olm session missing_session_devices_by_user={} timed_out_devices_by_user={} | crates/matrix-sdk-crypto/src/session_manager/sessions.rs:285 | spans: root > next_sync_with_lock{store_generation=13} > sync_once{conn_id="encryption" pos="0/s1144_6525_62_153_271_1_285_236_0_1_1_1" timeout=30000} > send_outgoing_requests > get_missing_sessions
2026-04-22T11:30:33.371539Z DEBUG matrix_sdk::http_client: Got response | crates/matrix-sdk/src/http_client/mod.rs:214 | spans: root > sync_once{conn_id="room-list" pos="585/s1143_6525_62_153_271_1_283_236_0_1_1_1" timeout=30000} > send{request_id="REQ-29" method=POST uri="https://matrix.mertis.kz/_matrix/client/unstable/org.matrix.simplified_msc3575/sync" request_size="646B" status=200 response_size="2.1k" request_duration=24.80339475s}
2026-04-22T11:30:33.374654Z DEBUG matrix_sdk_base::response_processors::account_data::global: Found direct room data in the Store, applying it | crates/matrix-sdk-base/src/response_processors/account_data/global.rs:147 | spans: root > sync_once{conn_id="room-list" pos="585/s1143_6525_62_153_271_1_283_236_0_1_1_1" timeout=30000} > handle_response
2026-04-22T11:30:33.381435Z  INFO elementx: Received room list update: running | ClientProxy.swift:1143 | spans: root
2026-04-22T11:30:33.386081Z DEBUG matrix_sdk::http_client::native: Sending request num_attempt=1 | crates/matrix-sdk/src/http_client/native.rs:78 | spans: root > sync_once{conn_id="room-list" pos="585/s1144_6525_62_153_271_1_285_236_0_1_1_1" timeout=30000} > send{request_id="REQ-40" method=POST uri="https://matrix.mertis.kz/_matrix/client/unstable/org.matrix.simplified_msc3575/sync" request_size="646B"}
2026-04-22T11:30:33.402903Z ERROR elementx: Received background task early termination | ClientProxy.swift:247 | spans: root
2026-04-22T11:30:33.403062Z ERROR elementx: Received background task early termination | ClientProxy.swift:247 | spans: root
2026-04-22T11:30:33.403277Z ERROR elementx: Received background task early termination | ClientProxy.swift:247 | spans: root
2026-04-22T11:30:33.429103Z  INFO elementx: [CALL-END-TRACE][SENDER-BRIDGE-ENTRY] method=ElementCallWidgetDriver.handleMessage room_id=!jFGCYbgmpjrPGtgDqt:mertis.kz local_trace_id=unknown widget_id=E170414A-A225-415F-B1BF-206A1BE9C745 callkit_id=unknown message_type=update_state message_direction=toWidget | ElementCallWidgetDriver.swift:196 | spans: root
2026-04-22T11:30:33.430457Z  INFO elementx: [CALL-END-TRACE][SENDER-BRIDGE-ENTRY] method=ElementCallWidgetDriver.handleMessage room_id=!jFGCYbgmpjrPGtgDqt:mertis.kz local_trace_id=unknown widget_id=E170414A-A225-415F-B1BF-206A1BE9C745 callkit_id=unknown message_type=org.matrix.msc4157.update_delayed_event message_direction=fromWidget | ElementCallWidgetDriver.swift:196 | spans: root
2026-04-22T11:30:33.431153Z DEBUG matrix_sdk::http_client::native: Sending request num_attempt=1 | crates/matrix-sdk/src/http_client/native.rs:78 | spans: root > send{request_id="REQ-41" method=POST uri="https://matrix.mertis.kz/_matrix/client/unstable/org.matrix.msc4140/delayed_events/syd_clDvOfnGmPRepvEBvWZb" request_size="17B"}
2026-04-22T11:30:33.438697Z ERROR elementx: Received background task early termination | ClientProxy.swift:247 | spans: root
2026-04-22T11:30:33.439662Z ERROR elementx: Received background task early termination | ClientProxy.swift:247 | spans: root
2026-04-22T11:30:33.439912Z ERROR elementx: Received background task early termination | ClientProxy.swift:247 | spans: root
2026-04-22T11:30:33.585870Z DEBUG matrix_sdk::http_client: Got response | crates/matrix-sdk/src/http_client/mod.rs:214 | spans: root > next_sync_with_lock{store_generation=13} > sync_once{conn_id="encryption" pos="0/s1144_6525_62_153_271_1_285_236_0_1_1_1" timeout=30000} > send{request_id="REQ-39" method=POST uri="https://matrix.mertis.kz/_matrix/client/unstable/org.matrix.simplified_msc3575/sync" request_size="106B" status=200 response_size="282B" request_duration=255.031833ms}
2026-04-22T11:30:33.588665Z DEBUG matrix_sdk::http_client::native: Sending request num_attempt=1 | crates/matrix-sdk/src/http_client/native.rs:78 | spans: root > next_sync_with_lock{store_generation=13} > sync_once{conn_id="encryption" pos="0/s1145_6525_62_153_271_1_285_236_0_1_1_1" timeout=30000} > send{request_id="REQ-42" method=POST uri="https://matrix.mertis.kz/_matrix/client/unstable/org.matrix.simplified_msc3575/sync" request_size="106B"}
2026-04-22T11:30:33.588731Z DEBUG matrix_sdk_crypto::session_manager::sessions: Collected user/device pairs that are missing an Olm session missing_session_devices_by_user={} timed_out_devices_by_user={} | crates/matrix-sdk-crypto/src/session_manager/sessions.rs:285 | spans: root > next_sync_with_lock{store_generation=13} > sync_once{conn_id="encryption" pos="0/s1145_6525_62_153_271_1_285_236_0_1_1_1" timeout=30000} > send_outgoing_requests > get_missing_sessions
2026-04-22T11:30:33.614579Z DEBUG matrix_sdk::http_client: Got response | crates/matrix-sdk/src/http_client/mod.rs:214 | spans: root > send{request_id="REQ-41" method=POST uri="https://matrix.mertis.kz/_matrix/client/unstable/org.matrix.msc4140/delayed_events/syd_clDvOfnGmPRepvEBvWZb" request_size="17B" status=200 response_size="2B" request_duration=183.39925ms}
2026-04-22T11:30:33.630622Z DEBUG matrix_sdk::http_client: Got response | crates/matrix-sdk/src/http_client/mod.rs:214 | spans: root > sync_once{conn_id="room-list" pos="585/s1144_6525_62_153_271_1_285_236_0_1_1_1" timeout=30000} > send{request_id="REQ-40" method=POST uri="https://matrix.mertis.kz/_matrix/client/unstable/org.matrix.simplified_msc3575/sync" request_size="646B" status=200 response_size="2.2k" request_duration=244.453583ms}
2026-04-22T11:30:33.631711Z DEBUG matrix_sdk_base::response_processors::account_data::global: Found direct room data in the Store, applying it | crates/matrix-sdk-base/src/response_processors/account_data/global.rs:147 | spans: root > sync_once{conn_id="room-list" pos="585/s1144_6525_62_153_271_1_285_236_0_1_1_1" timeout=30000} > handle_response
2026-04-22T11:30:33.634638Z  INFO elementx: Received room list update: running | ClientProxy.swift:1143 | spans: root
2026-04-22T11:30:33.634916Z DEBUG matrix_sdk::http_client::native: Sending request num_attempt=1 | crates/matrix-sdk/src/http_client/native.rs:78 | spans: root > sync_once{conn_id="room-list" pos="585/s1145_6525_62_153_271_1_285_236_0_1_1_1" timeout=30000} > send{request_id="REQ-43" method=POST uri="https://matrix.mertis.kz/_matrix/client/unstable/org.matrix.simplified_msc3575/sync" request_size="646B"}
2026-04-22T11:30:33.642932Z ERROR elementx: Received background task early termination | ClientProxy.swift:247 | spans: root
2026-04-22T11:30:33.643005Z ERROR elementx: Received background task early termination | ClientProxy.swift:247 | spans: root
2026-04-22T11:30:33.643579Z ERROR elementx: Received background task early termination | ClientProxy.swift:247 | spans: root
2026-04-22T11:30:33.650467Z ERROR elementx: Received background task early termination | ClientProxy.swift:247 | spans: root
2026-04-22T11:30:33.650701Z ERROR elementx: Received background task early termination | ClientProxy.swift:247 | spans: root
2026-04-22T11:30:33.651219Z ERROR elementx: Received background task early termination | ClientProxy.swift:247 | spans: root
2026-04-22T11:30:33.657969Z ERROR elementx: Received background task early termination | ClientProxy.swift:247 | spans: root
2026-04-22T11:30:33.658158Z ERROR elementx: Received background task early termination | ClientProxy.swift:247 | spans: root
2026-04-22T11:30:33.658235Z ERROR elementx: Received background task early termination | ClientProxy.swift:247 | spans: root
2026-04-22T11:30:34.094053Z  INFO elementx: [CALL-END-TRACE][SENDER-BRIDGE-ENTRY] method=ElementCallWidgetDriver.handleMessage room_id=!jFGCYbgmpjrPGtgDqt:mertis.kz local_trace_id=unknown widget_id=E170414A-A225-415F-B1BF-206A1BE9C745 callkit_id=unknown message_type=send_event message_direction=toWidget | ElementCallWidgetDriver.swift:196 | spans: root
2026-04-22T11:30:34.094286Z  INFO elementx: [CALL-END-TRACE][SENDER-BRIDGE-ENTRY] method=ElementCallWidgetDriver.handleMessage room_id=!jFGCYbgmpjrPGtgDqt:mertis.kz local_trace_id=unknown widget_id=E170414A-A225-415F-B1BF-206A1BE9C745 callkit_id=unknown message_type=send_event message_direction=toWidget | ElementCallWidgetDriver.swift:196 | spans: root
2026-04-22T11:30:34.094311Z  INFO elementx: [CALL-END-TRACE][SENDER-BRIDGE-ENTRY] method=ElementCallWidgetDriver.handleMessage room_id=!jFGCYbgmpjrPGtgDqt:mertis.kz local_trace_id=unknown widget_id=E170414A-A225-415F-B1BF-206A1BE9C745 callkit_id=unknown message_type=update_state message_direction=toWidget | ElementCallWidgetDriver.swift:196 | spans: root
2026-04-22T11:30:34.707286Z  INFO elementx: [CALL-END-TRACE][LOCAL-END-BUTTON-TAP] ui_surface=widget_action room_id=!jFGCYbgmpjrPGtgDqt:mertis.kz local_trace_id=66BCFAB8-0BEB-44CC-AE39-5065DE0FDA41 widget_id=E170414A-A225-415F-B1BF-206A1BE9C745 callkit_id=unknown widget_action=io.element.close | CallScreenViewModel.swift:617 | spans: root
2026-04-22T11:30:34.707352Z  INFO elementx: [CALL-END-TRACE][SENDER-METHOD-ENTRY] method=requestLocalCallTermination room_id=!jFGCYbgmpjrPGtgDqt:mertis.kz local_trace_id=66BCFAB8-0BEB-44CC-AE39-5065DE0FDA41 widget_id=E170414A-A225-415F-B1BF-206A1BE9C745 callkit_id=unknown send_hangup_message=false | CallScreenViewModel.swift:244 | spans: root
2026-04-22T11:30:34.707389Z  INFO elementx: [CALL-END-TRACE][UI-DISMISS-REQUEST] room_id=!jFGCYbgmpjrPGtgDqt:mertis.kz local_trace_id=66BCFAB8-0BEB-44CC-AE39-5065DE0FDA41 widget_id=E170414A-A225-415F-B1BF-206A1BE9C745 callkit_id=unknown source=requestLocalCallTermination send_hangup_message=false | CallScreenViewModel.swift:257 | spans: root
2026-04-22T11:30:34.707520Z  INFO elementx: [CALL-END-TRACE][UI-COORDINATOR-CLOSED] room_id=!jFGCYbgmpjrPGtgDqt:mertis.kz local_trace_id=66BCFAB8-0BEB-44CC-AE39-5065DE0FDA41 widget_id=E170414A-A225-415F-B1BF-206A1BE9C745 callkit_id=unknown | CallScreenViewModel.swift:209 | spans: root
2026-04-22T11:31:03.632006Z DEBUG matrix_sdk::http_client: Got response | crates/matrix-sdk/src/http_client/mod.rs:214 | spans: root > next_sync_with_lock{store_generation=13} > sync_once{conn_id="encryption" pos="0/s1145_6525_62_153_271_1_285_236_0_1_1_1" timeout=30000} > send{request_id="REQ-42" method=POST uri="https://matrix.mertis.kz/_matrix/client/unstable/org.matrix.simplified_msc3575/sync" request_size="106B" status=200 response_size="282B" request_duration=30.041386375s}
2026-04-22T11:31:03.642213Z DEBUG matrix_sdk::http_client::native: Sending request num_attempt=1 | crates/matrix-sdk/src/http_client/native.rs:78 | spans: root > next_sync_with_lock{store_generation=13} > sync_once{conn_id="encryption" pos="0/s1145_6525_62_153_271_1_285_236_0_1_1_1" timeout=30000} > send{request_id="REQ-44" method=POST uri="https://matrix.mertis.kz/_matrix/client/unstable/org.matrix.simplified_msc3575/sync" request_size="106B"}
2026-04-22T11:31:03.643010Z DEBUG matrix_sdk_crypto::session_manager::sessions: Collected user/device pairs that are missing an Olm session missing_session_devices_by_user={} timed_out_devices_by_user={} | crates/matrix-sdk-crypto/src/session_manager/sessions.rs:285 | spans: root > next_sync_with_lock{store_generation=13} > sync_once{conn_id="encryption" pos="0/s1145_6525_62_153_271_1_285_236_0_1_1_1" timeout=30000} > send_outgoing_requests > get_missing_sessions
2026-04-22T11:31:03.681523Z DEBUG matrix_sdk::http_client: Got response | crates/matrix-sdk/src/http_client/mod.rs:214 | spans: root > sync_once{conn_id="room-list" pos="585/s1145_6525_62_153_271_1_285_236_0_1_1_1" timeout=30000} > send{request_id="REQ-43" method=POST uri="https://matrix.mertis.kz/_matrix/client/unstable/org.matrix.simplified_msc3575/sync" request_size="646B" status=200 response_size="376B" request_duration=30.045971042s}
2026-04-22T11:31:03.683152Z  INFO elementx: Received room list update: running | ClientProxy.swift:1143 | spans: root
2026-04-22T11:31:03.683792Z DEBUG matrix_sdk::http_client::native: Sending request num_attempt=1 | crates/matrix-sdk/src/http_client/native.rs:78 | spans: root > sync_once{conn_id="room-list" pos="585/s1145_6525_62_153_271_1_285_236_0_1_1_1" timeout=30000} > send{request_id="REQ-45" method=POST uri="https://matrix.mertis.kz/_matrix/client/unstable/org.matrix.simplified_msc3575/sync" request_size="646B"}
2026-04-22T11:31:10.056270Z  INFO elementx: Application will resign active | AppCoordinator.swift:1153 | spans: root
2026-04-22T11:31:10.057562Z  INFO elementx: Successfully scheduled background app refresh task | AppCoordinator.swift:1216 | spans: root
1.0
1.0
2026-04-22T11:31:23.371121Z  INFO elementx: Application did become active | AppCoordinator.swift:1178 | spans: root
2026-04-22T11:31:23.371232Z  INFO elementx: Ending background task. | AppCoordinator.swift:1188 | spans: root
2026-04-22T11:31:23.372000Z  INFO elementx: Starting sync | ClientProxy.swift:442 | spans: root
2026-04-22T11:31:26.891129Z  INFO elementx: Application will resign active | AppCoordinator.swift:1153 | spans: root
2026-04-22T11:31:26.894253Z  INFO elementx: Successfully scheduled background app refresh task | AppCoordinator.swift:1216 | spans: root
2026-04-22T11:31:33.684617Z DEBUG matrix_sdk::http_client: Got response | crates/matrix-sdk/src/http_client/mod.rs:214 | spans: root > next_sync_with_lock{store_generation=13} > sync_once{conn_id="encryption" pos="0/s1145_6525_62_153_271_1_285_236_0_1_1_1" timeout=30000} > send{request_id="REQ-44" method=POST uri="https://matrix.mertis.kz/_matrix/client/unstable/org.matrix.simplified_msc3575/sync" request_size="106B" status=200 response_size="282B" request_duration=30.041110458s}
2026-04-22T11:31:33.696634Z DEBUG matrix_sdk::http_client::native: Sending request num_attempt=1 | crates/matrix-sdk/src/http_client/native.rs:78 | spans: root > next_sync_with_lock{store_generation=13} > sync_once{conn_id="encryption" pos="0/s1145_6525_62_153_271_1_285_236_0_1_1_1" timeout=30000} > send{request_id="REQ-46" method=POST uri="https://matrix.mertis.kz/_matrix/client/unstable/org.matrix.simplified_msc3575/sync" request_size="106B"}
2026-04-22T11:31:33.697857Z DEBUG matrix_sdk_crypto::session_manager::sessions: Collected user/device pairs that are missing an Olm session missing_session_devices_by_user={} timed_out_devices_by_user={} | crates/matrix-sdk-crypto/src/session_manager/sessions.rs:285 | spans: root > next_sync_with_lock{store_generation=13} > sync_once{conn_id="encryption" pos="0/s1145_6525_62_153_271_1_285_236_0_1_1_1" timeout=30000} > send_outgoing_requests > get_missing_sessions
2026-04-22T11:31:33.720414Z DEBUG matrix_sdk::http_client: Got response | crates/matrix-sdk/src/http_client/mod.rs:214 | spans: root > sync_once{conn_id="room-list" pos="585/s1145_6525_62_153_271_1_285_236_0_1_1_1" timeout=30000} > send{request_id="REQ-45" method=POST uri="https://matrix.mertis.kz/_matrix/client/unstable/org.matrix.simplified_msc3575/sync" request_size="646B" status=200 response_size="376B" request_duration=30.035937834s}
2026-04-22T11:31:33.721732Z  INFO elementx: Received room list update: running | ClientProxy.swift:1143 | spans: root
2026-04-22T11:31:33.722245Z DEBUG matrix_sdk::http_client::native: Sending request num_attempt=1 | crates/matrix-sdk/src/http_client/native.rs:78 | spans: root > sync_once{conn_id="room-list" pos="585/s1145_6525_62_153_271_1_285_236_0_1_1_1" timeout=30000} > send{request_id="REQ-47" method=POST uri="https://matrix.mertis.kz/_matrix/client/unstable/org.matrix.simplified_msc3575/sync" request_size="646B"}
2026-04-22T11:31:52.904365Z  INFO elementx: Background task is about to expire. | AppCoordinator.swift:1165 | spans: root
2026-04-22T11:31:52.904717Z  INFO elementx: Stopping sync | ClientProxy.swift:479 | spans: root
2026-04-22T11:31:52.908852Z  INFO elementx: Received room list update: terminated | ClientProxy.swift:1143 | spans: root
2026-04-22T11:31:52.909746Z  INFO elementx: Sync stopped | ClientProxy.swift:496 | spans: root
2026-04-22T11:31:52.910523Z  INFO elementx: Received sync service update: idle | ClientProxy.swift:1106 | spans: root
2026-04-22T11:31:52.910802Z  INFO elementx: Ending background task. | AppCoordinator.swift:1188 | spans: root
2026-04-22T11:31:53.917547Z  INFO elementx: Send queue status changed to enabled: false, homeserver reachability: reachable | ClientProxy.swift:295 | spans: root
2026-04-22T11:31:53.918108Z  INFO elementx: Enabling all send queues | ClientProxy.swift:298 | spans: root
2026-04-22T11:32:38.378779Z  INFO elementx: Application did become active | AppCoordinator.swift:1178 | spans: root
2026-04-22T11:32:38.379779Z  INFO elementx: Starting sync | ClientProxy.swift:442 | spans: root
2026-04-22T11:32:38.381829Z  INFO elementx: Received sync service update: running | ClientProxy.swift:1106 | spans: root
2026-04-22T11:32:38.382602Z DEBUG matrix_sdk::http_client::native: Sending request num_attempt=1 | crates/matrix-sdk/src/http_client/native.rs:78 | spans: root > sync_once{conn_id="room-list" pos="585/s1145_6525_62_153_271_1_285_236_0_1_1_1" timeout=0} > send{request_id="REQ-48" method=POST uri="https://matrix.mertis.kz/_matrix/client/unstable/org.matrix.simplified_msc3575/sync" request_size="647B"}
2026-04-22T11:32:38.383607Z DEBUG matrix_sdk::http_client::native: Sending request num_attempt=1 | crates/matrix-sdk/src/http_client/native.rs:78 | spans: root > next_sync_with_lock{store_generation=13} > sync_once{conn_id="encryption" pos="0/s1145_6525_62_153_271_1_285_236_0_1_1_1" timeout=30000} > send{request_id="REQ-49" method=POST uri="https://matrix.mertis.kz/_matrix/client/unstable/org.matrix.simplified_msc3575/sync" request_size="106B"}
2026-04-22T11:32:38.383871Z DEBUG matrix_sdk_crypto::session_manager::sessions: Collected user/device pairs that are missing an Olm session missing_session_devices_by_user={} timed_out_devices_by_user={} | crates/matrix-sdk-crypto/src/session_manager/sessions.rs:285 | spans: root > next_sync_with_lock{store_generation=13} > sync_once{conn_id="encryption" pos="0/s1145_6525_62_153_271_1_285_236_0_1_1_1" timeout=30000} > send_outgoing_requests > get_missing_sessions
2026-04-22T11:32:38.509598Z DEBUG matrix_sdk::http_client: Got response | crates/matrix-sdk/src/http_client/mod.rs:214 | spans: root > sync_once{conn_id="room-list" pos="585/s1145_6525_62_153_271_1_285_236_0_1_1_1" timeout=0} > send{request_id="REQ-48" method=POST uri="https://matrix.mertis.kz/_matrix/client/unstable/org.matrix.simplified_msc3575/sync" request_size="647B" status=200 response_size="377B" request_duration=126.308666ms}
2026-04-22T11:32:38.510978Z  INFO elementx: Received room list update: recovering | ClientProxy.swift:1143 | spans: root
2026-04-22T11:32:38.511226Z DEBUG matrix_sdk::http_client::native: Sending request num_attempt=1 | crates/matrix-sdk/src/http_client/native.rs:78 | spans: root > sync_once{conn_id="room-list" pos="585/s1145_6525_62_153_271_1_285_236_0_1_1_1" timeout=0} > send{request_id="REQ-50" method=POST uri="https://matrix.mertis.kz/_matrix/client/unstable/org.matrix.simplified_msc3575/sync" request_size="646B"}
2026-04-22T11:32:38.549632Z DEBUG matrix_sdk::http_client: Got response | crates/matrix-sdk/src/http_client/mod.rs:214 | spans: root > sync_once{conn_id="room-list" pos="585/s1145_6525_62_153_271_1_285_236_0_1_1_1" timeout=0} > send{request_id="REQ-50" method=POST uri="https://matrix.mertis.kz/_matrix/client/unstable/org.matrix.simplified_msc3575/sync" request_size="646B" status=200 response_size="376B" request_duration=38.148792ms}
2026-04-22T11:32:38.551095Z  INFO elementx: Received room list update: running | ClientProxy.swift:1143 | spans: root
2026-04-22T11:32:38.551264Z DEBUG matrix_sdk::http_client::native: Sending request num_attempt=1 | crates/matrix-sdk/src/http_client/native.rs:78 | spans: root > sync_once{conn_id="room-list" pos="585/s1145_6525_62_153_271_1_285_236_0_1_1_1" timeout=30000} > send{request_id="REQ-51" method=POST uri="https://matrix.mertis.kz/_matrix/client/unstable/org.matrix.simplified_msc3575/sync" request_size="646B"}
2026-04-22T11:32:39.384723Z  INFO elementx: Send queue status changed to enabled: false, homeserver reachability: reachable | ClientProxy.swift:295 | spans: root
2026-04-22T11:32:39.384881Z  INFO elementx: Enabling all send queues | ClientProxy.swift:298 | spans: root
ERROR: Command timeout of 180.0 seconds exceeded. Assuming command got stuck and aborting.
