ERROR: Timed out waiting for CoreDeviceService to fully initialize. This is likely a bug in CoreDevice. Please file a bug report against CoreDevice | X. (com.apple.coredevice.devicectl error 1 (0x01))
15:57:50  Enabling developer disk image services.
15:57:50  Acquired usage assertion.
Launched application with kz.salemx.msg bundle identifier.
Waiting for the application to terminate…
2026-04-22T10:57:50.606189Z  INFO matrix_sdk_ffi::platform: Logging has been set up env_filter="panic=error,hyper=warn,matrix_sdk_ffi=info,matrix_sdk=info,matrix_sdk::client=trace,matrix_sdk_crypto=debug,matrix_sdk_crypto::olm::account=trace,matrix_sdk::oidc=trace,matrix_sdk::http_client=debug,matrix_sdk::sliding_sync=info,matrix_sdk_base::sliding_sync=info,matrix_sdk_ui::timeline=info,matrix_sdk::send_queue=info,matrix_sdk::event_cache=info,matrix_sdk::latest_events=info,matrix_sdk_base::event_cache=info,matrix_sdk_sqlite::event_cache_store=info,matrix_sdk_common::cross_process_lock=warn,matrix_sdk_common::deserialized_responses=info,matrix_sdk_base::store::ambiguity_map=warn,matrix_sdk_ui::notification_client=info,matrix_sdk_base::response_processors=debug,elementx=info" | bindings/matrix-sdk-ffi/src/platform/mod.rs:602
2026-04-22T10:57:50.607274Z  INFO elementx: SalemX 26.03.4 (1) | AppCoordinator.swift:91 | spans: root
2026-04-22T10:57:50.617246Z  INFO elementx: NavigationRootCoordinator(SalemX.SplashScreenCoordinator Set root: SalemX.SplashScreenCoordinator | NavigationRootCoordinator.swift:153 | spans: root
2026-04-22T10:57:50.644641Z  INFO elementx: Sentry configured (enabled: false) | AppCoordinator.swift:1026 | spans: root
2026-04-22T10:57:50.646384Z  INFO elementx: App setting 'enableNotifications' is 'true' | NotificationManager.swift:51 | spans: root
2026-04-22T10:57:50.646758Z  INFO elementx: [CALL-END-TRACE][CANARY-APP-LAUNCH] local_trace_id=app_launch room_id=n/a widget_id=n/a callkit_id=n/a | AppCoordinator.swift:162 | spans: root
2026-04-22T10:57:50.647819Z  INFO elementx: Register background app refresh with result: true | AppCoordinator.swift:1205 | spans: root
2026-04-22T10:57:50.734713Z  INFO elementx: Network reachability changed to reachable | NetworkMonitor.swift:30 | spans: root
2026-04-22T10:57:50.741767Z  INFO elementx: Transitioning from `initial` to `restoringSession` with event `startWithExistingSession` | AppCoordinatorStateMachine.swift:93 | spans: root
2026-04-22T10:57:50.744944Z  INFO elementx: No global proxy configured. | URL.swift:113 | spans: root > Global proxy
spawning a multithreaded tokio runtime
2026-04-22T10:57:50.748956Z DEBUG matrix_sdk::client::builder: Starting to build the Client | crates/matrix-sdk/src/client/builder/mod.rs:533 | spans: root > build
2026-04-22T10:57:50.958667Z  INFO matrix_sdk::client::builder: selected sliding sync version version=None | crates/matrix-sdk/src/client/builder/mod.rs:585 | spans: root > build{homeserver=HomeserverUrl("https://matrix.mertis.kz/")}
2026-04-22T10:57:50.960059Z DEBUG matrix_sdk::client::thread_subscriptions: Thread subscriptions catchup not enabled, not starting the catchup task | crates/matrix-sdk/src/client/thread_subscriptions.rs:161
2026-04-22T10:57:50.960066Z DEBUG matrix_sdk::client::builder: Done building the Client | crates/matrix-sdk/src/client/builder/mod.rs:637 | spans: root > build{homeserver=HomeserverUrl("https://matrix.mertis.kz/")}
2026-04-22T10:57:50.966112Z DEBUG matrix_sdk_crypto::machine: Restored an Olm account | crates/matrix-sdk-crypto/src/machine/mod.rs:330 | spans: restore_session_with > with_store{user_id="@test2:mertis.kz" device_id="Z4J1wfeukl" ed25519_key=YBVytjQtW7p4YXBJoNbTH+now14oHD2Y4+X/t53VPzE curve25519_key=WN4Ll6tmb1nN1pN/+KQTWEHeSBBpkeJcmfJM74EgNB4}
2026-04-22T10:57:50.966878Z DEBUG matrix_sdk_crypto::machine: Restored the cross signing identity master_key=Some("ed25519:9yIZ9iFkLpNrF0D0Q6QiBzAzecWulE9Gcf2F5Aez9+0") | crates/matrix-sdk-crypto/src/machine/mod.rs:374 | spans: restore_session_with > with_store{user_id="@test2:mertis.kz" device_id="Z4J1wfeukl" ed25519_key=YBVytjQtW7p4YXBJoNbTH+now14oHD2Y4+X/t53VPzE curve25519_key=WN4Ll6tmb1nN1pN/+KQTWEHeSBBpkeJcmfJM74EgNB4}
2026-04-22T10:57:50.967963Z  INFO elementx: Set up session for user @test2:mertis.kz at: Data: /private/var/mobile/Containers/Shared/AppGroup/99D73CAD-D41E-4571-937C-CDF4CB70AA29/Library/Application Support/kz.salemx.msg/Sessions/F3D999A9-6A6E-4670-84CA-C6CF7685EAA0 Caches: /private/var/mobile/Containers/Shared/AppGroup/99D73CAD-D41E-4571-937C-CDF4CB70AA29/Library/Caches/kz.salemx.msg/Sessions/F3D999A9-6A6E-4670-84CA-C6CF7685EAA0 | UserSessionStore.swift:145 | spans: root
2026-04-22T10:57:50.970044Z  INFO matrix_sdk::encryption::backups: Setting up secret listeners and trying to resume backups | crates/matrix-sdk/src/encryption/backups/mod.rs:752
2026-04-22T10:57:50.970595Z  INFO matrix_sdk_crypto::backups: Activated a backup backup_key=MegolmV1BackupKey { key: "f8Iv7vPv1UF2NyrwUIzJCOpy+qhU01pXFaR3uSgjul4", version: Some("1") } | crates/matrix-sdk-crypto/src/backups/mod.rs:389
2026-04-22T10:57:50.970624Z  INFO matrix_sdk::encryption::backups: Backup state changed from Unknown to Enabled | crates/matrix-sdk/src/encryption/backups/mod.rs:527
2026-04-22T10:57:50.970898Z  INFO matrix_sdk::encryption::recovery: Setting up account data listeners and trying to setup recovery | crates/matrix-sdk/src/encryption/recovery/mod.rs:610
2026-04-22T10:57:50.971455Z  INFO elementx: Checking if backup exists on the server | SecureBackupController.swift:196 | spans: root
2026-04-22T10:57:50.971584Z  INFO elementx: Key backup state changed to: enabled, setting local state to enabled | SecureBackupController.swift:59 | spans: root
2026-04-22T10:57:50.972049Z  INFO elementx: Application did become active | AppCoordinator.swift:1178 | spans: root
2026-04-22T10:57:50.972050Z  INFO elementx: Recovery state changed to: unknown, setting local state to unknown | SecureBackupController.swift:80 | spans: root
2026-04-22T10:57:50.972862Z DEBUG matrix_sdk::http_client::native: Sending request num_attempt=1 | crates/matrix-sdk/src/http_client/native.rs:78 | spans: send{request_id="REQ-0" method=GET uri="https://matrix.mertis.kz/_matrix/client/v3/user/@test2:mertis.kz/account_data/m.secret_storage.default_key"}
2026-04-22T10:57:50.972871Z DEBUG matrix_sdk::http_client::native: Sending request num_attempt=1 | crates/matrix-sdk/src/http_client/native.rs:78 | spans: root > send{request_id="REQ-1" method=GET uri="https://matrix.mertis.kz/_matrix/client/v3/room_keys/version"}
2026-04-22T10:57:50.973853Z DEBUG matrix_sdk::http_client::native: Sending request num_attempt=1 | crates/matrix-sdk/src/http_client/native.rs:78 | spans: send{request_id="REQ-2" method=GET uri="https://matrix.mertis.kz/_matrix/client/v3/user/@test2:mertis.kz/account_data/m.secret_storage.default_key"}
2026-04-22T10:57:50.975028Z DEBUG matrix_sdk_crypto::machine: Initialising crypto store generation at 10 | crates/matrix-sdk-crypto/src/machine/mod.rs:2852 | spans: root
2026-04-22T10:57:50.975776Z  INFO elementx: AllRooms: Updating visible range: 0..<0 | RoomSummaryProvider.swift:166 | spans: root
2026-04-22T10:57:50.976426Z  INFO elementx: AlternateAllRooms: Updating visible range: 0..<0 | RoomSummaryProvider.swift:166 | spans: root
2026-04-22T10:57:50.976539Z  INFO elementx: StaticAllRooms: Updating visible range: 0..<0 | RoomSummaryProvider.swift:166 | spans: root
2026-04-22T10:57:50.976696Z  INFO elementx: AllRooms: Received state update: loaded(maximumNumberOfRooms: Optional(4)) | RoomSummaryProvider.swift:105 | spans: root
2026-04-22T10:57:50.976848Z  INFO elementx: AlternateAllRooms: Received state update: loaded(maximumNumberOfRooms: Optional(4)) | RoomSummaryProvider.swift:105 | spans: root
2026-04-22T10:57:50.976896Z  INFO elementx: StaticAllRooms: Received state update: loaded(maximumNumberOfRooms: Optional(4)) | RoomSummaryProvider.swift:105 | spans: root
2026-04-22T10:57:50.976991Z  INFO elementx: Starting sync | ClientProxy.swift:442 | spans: root
2026-04-22T10:57:50.977772Z DEBUG matrix_sdk::http_client::native: Sending request num_attempt=1 | crates/matrix-sdk/src/http_client/native.rs:78 | spans: send{request_id="REQ-3" method=GET uri="https://matrix.mertis.kz/_matrix/client/unstable/org.matrix.msc2965/auth_metadata"}
2026-04-22T10:57:50.977834Z  INFO elementx: Received sync service update: running | ClientProxy.swift:1106 | spans: root
2026-04-22T10:57:50.984481Z  INFO matrix_sdk::sliding_sync: Marking all tracked users as dirty | crates/matrix-sdk/src/sliding_sync/mod.rs:479 | spans: root > next_sync_with_lock{store_generation=10} > sync_once{conn_id="encryption"}
2026-04-22T10:57:50.985021Z DEBUG matrix_sdk::http_client::native: Sending request num_attempt=1 | crates/matrix-sdk/src/http_client/native.rs:78 | spans: root > sync_once{conn_id="room-list" pos="581/s1135_6524_62_153_270_1_281_236_0_1_1_1" timeout=0} > send{request_id="REQ-4" method=POST uri="https://matrix.mertis.kz/_matrix/client/unstable/org.matrix.simplified_msc3575/sync" request_size="647B"}
2026-04-22T10:57:50.985399Z DEBUG matrix_sdk::http_client::native: Sending request num_attempt=1 | crates/matrix-sdk/src/http_client/native.rs:78 | spans: root > next_sync_with_lock{store_generation=10} > sync_once{conn_id="encryption"  timeout=30000} > send{request_id="REQ-5" method=POST uri="https://matrix.mertis.kz/_matrix/client/unstable/org.matrix.simplified_msc3575/sync" request_size="106B"}
2026-04-22T10:57:50.985483Z DEBUG matrix_sdk_crypto::session_manager::sessions: Collected user/device pairs that are missing an Olm session missing_session_devices_by_user={} timed_out_devices_by_user={} | crates/matrix-sdk-crypto/src/session_manager/sessions.rs:285 | spans: root > next_sync_with_lock{store_generation=10} > sync_once{conn_id="encryption"  timeout=30000} > send_outgoing_requests > get_missing_sessions
2026-04-22T10:57:50.986415Z  INFO elementx: Session security state changed, verificationState: verified, recoveryState: unknown | UserSession.swift:48 | spans: root
2026-04-22T10:57:50.986843Z  INFO elementx: Starting sync | ClientProxy.swift:442 | spans: root
2026-04-22T10:57:50.986920Z  INFO elementx: Transitioning from `restoringSession` to `signedIn` with event `createdUserSession` | AppCoordinatorStateMachine.swift:93 | spans: root
2026-04-22T10:57:50.987015Z DEBUG matrix_sdk_crypto::identities::manager: Created a /keys/query request request_id="75f52204cf894fb0bdc7122a3cf65590" users=["@aktau:mertis.kz", "@alm:mertis.kz", "@astana:mertis.kz", "@test2:mertis.kz"] | crates/matrix-sdk-crypto/src/identities/manager.rs:877 | spans: root > next_sync_with_lock{store_generation=10} > sync_once{conn_id="encryption"  timeout=30000} > send_outgoing_requests
2026-04-22T10:57:50.987241Z DEBUG matrix_sdk::http_client::native: Sending request num_attempt=1 | crates/matrix-sdk/src/http_client/native.rs:78 | spans: root > next_sync_with_lock{store_generation=10} > sync_once{conn_id="encryption"  timeout=30000} > send_outgoing_requests > keys_query{request_id="75f52204cf894fb0bdc7122a3cf65590"} > send{request_id="REQ-6" method=POST uri="https://matrix.mertis.kz/_matrix/client/v3/keys/query" request_size="104B"}
2026-04-22T10:57:50.988212Z  INFO elementx: Notification sound enabled: false | NotificationManager.swift:106 | spans: root
2026-04-22T10:57:50.988592Z  INFO elementx: NavigationRootCoordinator(NavigationTabCoordinator(Empty) Set root: NavigationTabCoordinator(Empty) | NavigationRootCoordinator.swift:153 | spans: root
2026-04-22T10:57:50.989203Z  INFO elementx: NavigationSplitCoordinator(NavigationStackCoordinator(Empty) | Empty) Set sidebar: NavigationStackCoordinator(Empty) | NavigationCoordinators.swift:302 | spans: root
2026-04-22T10:57:50.991500Z  INFO elementx: Transitioning from `initial` to `roomList(detailState: nil)` with event `start` | ChatsTabFlowCoordinatorStateMachine.swift:229 | spans: root
2026-04-22T10:57:50.993274Z  INFO elementx: NavigationStackCoordinator(SalemX.HomeScreenCoordinator) Set root: SalemX.HomeScreenCoordinator | NavigationCoordinators.swift:686 | spans: root
2026-04-22T10:57:50.993796Z  INFO elementx: NavigationStackCoordinator(SalemX.CallsScreenCoordinator) Set root: SalemX.CallsScreenCoordinator | NavigationCoordinators.swift:686 | spans: root
2026-04-22T10:57:50.994981Z  INFO elementx: NavigationStackCoordinator(SalemX.StartChatScreenCoordinator) Set root: SalemX.StartChatScreenCoordinator | NavigationCoordinators.swift:686 | spans: root
2026-04-22T10:57:50.995473Z  INFO elementx: NavigationStackCoordinator(SalemX.SettingsScreenCoordinator) Set root: SalemX.SettingsScreenCoordinator | NavigationCoordinators.swift:686 | spans: root
2026-04-22T10:57:50.995488Z  INFO elementx: Security state is still unknown, waiting before deciding post-login flow | UserSessionFlowCoordinator.swift:385 | spans: root
2026-04-22T10:57:50.997585Z ERROR elementx: Received background task early termination | ClientProxy.swift:247 | spans: root
2026-04-22T10:57:50.997733Z ERROR elementx: Received background task early termination | ClientProxy.swift:247 | spans: root
2026-04-22T10:57:50.998107Z ERROR elementx: Received background task early termination | ClientProxy.swift:247 | spans: root
error in connection_block_invoke_2: Connection invalid
2026-04-22T10:57:51.081797Z  INFO elementx: Security state is still unknown, waiting before deciding post-login flow | UserSessionFlowCoordinator.swift:385 | spans: root
2026-04-22T10:57:51.081876Z  INFO elementx: Homeserver reachability: reachable | UserSessionFlowCoordinator.swift:275 | spans: root
2026-04-22T10:57:51.082181Z  INFO elementx: Received room summary provider update, setting view room list mode to "Showing rooms" | HomeScreenViewModel.swift:345 | spans: root
2026-04-22T10:57:51.083787Z DEBUG matrix_sdk::http_client::native: Sending request num_attempt=1 | crates/matrix-sdk/src/http_client/native.rs:78 | spans: root > send{request_id="REQ-7" method=GET uri="https://matrix.mertis.kz/_matrix/client/v3/profile/@test2:mertis.kz/avatar_url"}
2026-04-22T10:57:51.084479Z ERROR elementx: Transaction not started or already finished | Signposter.swift:82 | spans: root
2026-04-22T10:57:51.087955Z ERROR elementx: Received background task early termination | ClientProxy.swift:247 | spans: root
2026-04-22T10:57:51.088601Z DEBUG matrix_sdk::http_client: Got response | crates/matrix-sdk/src/http_client/mod.rs:214 | spans: root > send{request_id="REQ-1" method=GET uri="https://matrix.mertis.kz/_matrix/client/v3/room_keys/version" status=200 response_size="453B" request_duration=115.513791ms}
2026-04-22T10:57:51.089521Z ERROR elementx: Received background task early termination | ClientProxy.swift:247 | spans: root
2026-04-22T10:57:51.092709Z DEBUG matrix_sdk::http_client: Got response | crates/matrix-sdk/src/http_client/mod.rs:214 | spans: send{request_id="REQ-0" method=GET uri="https://matrix.mertis.kz/_matrix/client/v3/user/@test2:mertis.kz/account_data/m.secret_storage.default_key" status=200 response_size="42B" request_duration=119.799416ms}
2026-04-22T10:57:51.093455Z  INFO matrix_sdk::encryption::recovery: Recovery state changed from Unknown to Enabled | crates/matrix-sdk/src/encryption/recovery/mod.rs:686 | spans: root
2026-04-22T10:57:51.093505Z  INFO elementx: Session security state changed, verificationState: verified, recoveryState: enabled | UserSession.swift:48 | spans: root
2026-04-22T10:57:51.093526Z  INFO elementx: Recovery state changed to: enabled, setting local state to enabled | SecureBackupController.swift:80 | spans: root
2026-04-22T10:57:51.115464Z DEBUG matrix_sdk::http_client: Got response | crates/matrix-sdk/src/http_client/mod.rs:214 | spans: send{request_id="REQ-2" method=GET uri="https://matrix.mertis.kz/_matrix/client/v3/user/@test2:mertis.kz/account_data/m.secret_storage.default_key" status=200 response_size="42B" request_duration=141.294666ms}
2026-04-22T10:57:51.116156Z  INFO elementx: Session security state changed, verificationState: verified, recoveryState: enabled | UserSession.swift:48 | spans: root
2026-04-22T10:57:51.116180Z  INFO elementx: Recovery state changed to: enabled, setting local state to enabled | SecureBackupController.swift:80 | spans: root
2026-04-22T10:57:51.126837Z DEBUG matrix_sdk::http_client: Got response | crates/matrix-sdk/src/http_client/mod.rs:214 | spans: send{request_id="REQ-3" method=GET uri="https://matrix.mertis.kz/_matrix/client/unstable/org.matrix.msc2965/auth_metadata" status=200 response_size="2.6k" request_duration=149.016083ms}
2026-04-22T10:57:51.132993Z DEBUG matrix_sdk::http_client: Got response | crates/matrix-sdk/src/http_client/mod.rs:214 | spans: root > next_sync_with_lock{store_generation=10} > sync_once{conn_id="encryption"  timeout=30000} > send{request_id="REQ-5" method=POST uri="https://matrix.mertis.kz/_matrix/client/unstable/org.matrix.simplified_msc3575/sync" request_size="106B" status=200 response_size="242B" request_duration=147.529291ms}
2026-04-22T10:57:51.138766Z DEBUG matrix_sdk::http_client: Got response | crates/matrix-sdk/src/http_client/mod.rs:214 | spans: root > sync_once{conn_id="room-list" pos="581/s1135_6524_62_153_270_1_281_236_0_1_1_1" timeout=0} > send{request_id="REQ-4" method=POST uri="https://matrix.mertis.kz/_matrix/client/unstable/org.matrix.simplified_msc3575/sync" request_size="647B" status=200 response_size="377B" request_duration=153.602625ms}
2026-04-22T10:57:51.138781Z DEBUG matrix_sdk::http_client: Got response | crates/matrix-sdk/src/http_client/mod.rs:214 | spans: root > send{request_id="REQ-7" method=GET uri="https://matrix.mertis.kz/_matrix/client/v3/profile/@test2:mertis.kz/avatar_url" status=200 response_size="57B" request_duration=54.81075ms}
2026-04-22T10:57:51.139742Z  INFO elementx: StaticAllRooms: Received state update: loaded(maximumNumberOfRooms: Optional(4)) | RoomSummaryProvider.swift:105 | spans: root
2026-04-22T10:57:51.139787Z  INFO elementx: AllRooms: Received state update: loaded(maximumNumberOfRooms: Optional(4)) | RoomSummaryProvider.swift:105 | spans: root
2026-04-22T10:57:51.139829Z  INFO elementx: Received room list update: settingUp | ClientProxy.swift:1143 | spans: root
2026-04-22T10:57:51.139859Z  INFO elementx: AlternateAllRooms: Received state update: loaded(maximumNumberOfRooms: Optional(4)) | RoomSummaryProvider.swift:105 | spans: root
2026-04-22T10:57:51.139893Z DEBUG matrix_sdk::http_client::native: Sending request num_attempt=1 | crates/matrix-sdk/src/http_client/native.rs:78 | spans: root > send{request_id="REQ-8" method=GET uri="https://matrix.mertis.kz/_matrix/client/v3/user/@test2:mertis.kz/account_data/m.ignored_user_list"}
2026-04-22T10:57:51.140368Z DEBUG matrix_sdk::http_client::native: Sending request num_attempt=1 | crates/matrix-sdk/src/http_client/native.rs:78 | spans: root > sync_once{conn_id="room-list" pos="581/s1135_6524_62_153_270_1_281_236_0_1_1_1" timeout=0} > send{request_id="REQ-9" method=POST uri="https://matrix.mertis.kz/_matrix/client/unstable/org.matrix.simplified_msc3575/sync" request_size="646B"}
2026-04-22T10:57:51.148039Z DEBUG matrix_sdk::http_client::native: Sending request num_attempt=1 | crates/matrix-sdk/src/http_client/native.rs:78 | spans: root > send{request_id="REQ-10" method=GET uri="https://matrix.mertis.kz/_matrix/client/v3/profile/@test2:mertis.kz/avatar_url"}
2026-04-22T10:57:51.175642Z DEBUG matrix_sdk::http_client::native: Sending request num_attempt=1 | crates/matrix-sdk/src/http_client/native.rs:78 | spans: root > send{request_id="REQ-11" method=GET uri="https://matrix.mertis.kz/_matrix/client/v3/profile/@test2:mertis.kz/displayname"}
2026-04-22T10:57:51.184808Z  INFO elementx: Recovery is enabled, skipping onboarding and opening chats directly | UserSessionFlowCoordinator.swift:395 | spans: root
2026-04-22T10:57:51.331149Z DEBUG matrix_sdk::http_client: Got response | crates/matrix-sdk/src/http_client/mod.rs:214 | spans: root > send{request_id="REQ-11" method=GET uri="https://matrix.mertis.kz/_matrix/client/v3/profile/@test2:mertis.kz/displayname" status=200 response_size="23B" request_duration=155.414875ms}
2026-04-22T10:57:51.331215Z DEBUG matrix_sdk::http_client: Got response | crates/matrix-sdk/src/http_client/mod.rs:214 | spans: root > send{request_id="REQ-10" method=GET uri="https://matrix.mertis.kz/_matrix/client/v3/profile/@test2:mertis.kz/avatar_url" status=200 response_size="57B" request_duration=183.036875ms}
2026-04-22T10:57:51.331282Z DEBUG matrix_sdk::http_client: Got response | crates/matrix-sdk/src/http_client/mod.rs:214 | spans: root > sync_once{conn_id="room-list" pos="581/s1135_6524_62_153_270_1_281_236_0_1_1_1" timeout=0} > send{request_id="REQ-9" method=POST uri="https://matrix.mertis.kz/_matrix/client/unstable/org.matrix.simplified_msc3575/sync" request_size="646B" status=200 response_size="376B" request_duration=190.690917ms}
2026-04-22T10:57:51.331288Z ERROR matrix_sdk::http_client: Error while sending request: Api(Server(ClientApi(Error { status_code: 404, body: Standard(StandardErrorBody { kind: NotFound, message: "Account data not found" }) }))) | crates/matrix-sdk/src/http_client/mod.rs:218 | spans: root > send{request_id="REQ-8" method=GET uri="https://matrix.mertis.kz/_matrix/client/v3/user/@test2:mertis.kz/account_data/m.ignored_user_list" status=404 response_size="58B" request_duration=191.194333ms}
2026-04-22T10:57:51.331428Z DEBUG matrix_sdk::http_client: Got response | crates/matrix-sdk/src/http_client/mod.rs:214 | spans: root > next_sync_with_lock{store_generation=10} > sync_once{conn_id="encryption"  timeout=30000} > send_outgoing_requests > keys_query{request_id="75f52204cf894fb0bdc7122a3cf65590"} > send{request_id="REQ-6" method=POST uri="https://matrix.mertis.kz/_matrix/client/v3/keys/query" request_size="104B" status=200 response_size="36.8k" request_duration=343.807542ms}
2026-04-22T10:57:51.331505Z DEBUG matrix_sdk_crypto::identities::manager: Handling a `/keys/query` response request_id="75f52204cf894fb0bdc7122a3cf65590" users={"@aktau:mertis.kz", "@alm:mertis.kz", "@astana:mertis.kz", "@test2:mertis.kz"} failures={} | crates/matrix-sdk-crypto/src/identities/manager.rs:135 | spans: root > next_sync_with_lock{store_generation=10} > sync_once{conn_id="encryption"  timeout=30000} > send_outgoing_requests > keys_query{request_id="75f52204cf894fb0bdc7122a3cf65590"}
2026-04-22T10:57:51.335178Z DEBUG matrix_sdk::http_client::native: Sending request num_attempt=1 | crates/matrix-sdk/src/http_client/native.rs:78 | spans: send{request_id="REQ-12" method=GET uri="https://matrix.mertis.kz/_matrix/client/v3/profile/@test2:mertis.kz/displayname"}
2026-04-22T10:57:51.340942Z  INFO elementx: Received room list update: running | ClientProxy.swift:1143 | spans: root
2026-04-22T10:57:51.343643Z DEBUG matrix_sdk::http_client::native: Sending request num_attempt=1 | crates/matrix-sdk/src/http_client/native.rs:78 | spans: root > sync_once{conn_id="room-list" pos="581/s1135_6524_62_153_270_1_281_236_0_1_1_1" timeout=30000} > send{request_id="REQ-13" method=POST uri="https://matrix.mertis.kz/_matrix/client/unstable/org.matrix.simplified_msc3575/sync" request_size="646B"}
2026-04-22T10:57:51.351546Z DEBUG matrix_sdk_crypto::identities::manager: Finished handling of the `/keys/query` response request_id="75f52204cf894fb0bdc7122a3cf65590" new_devices={} changed_devices={} deleted_devices={} new_identities={} changed_identities={} | crates/matrix-sdk-crypto/src/identities/manager.rs:1205 | spans: root > next_sync_with_lock{store_generation=10} > sync_once{conn_id="encryption"  timeout=30000} > send_outgoing_requests > keys_query{request_id="75f52204cf894fb0bdc7122a3cf65590"}
2026-04-22T10:57:51.351619Z DEBUG matrix_sdk::http_client::native: Sending request num_attempt=1 | crates/matrix-sdk/src/http_client/native.rs:78 | spans: root > next_sync_with_lock{store_generation=10} > sync_once{conn_id="encryption"  timeout=30000} > send_outgoing_requests > keys_query{request_id="75f52204cf894fb0bdc7122a3cf65590"} > update_state_after_keys_query > send{request_id="REQ-14" method=GET uri="https://matrix.mertis.kz/_matrix/client/v3/user/@test2:mertis.kz/account_data/m.secret_storage.default_key"}
2026-04-22T10:57:51.374806Z DEBUG matrix_sdk::http_client: Got response | crates/matrix-sdk/src/http_client/mod.rs:214 | spans: send{request_id="REQ-12" method=GET uri="https://matrix.mertis.kz/_matrix/client/v3/profile/@test2:mertis.kz/displayname" status=200 response_size="23B" request_duration=39.583875ms}
2026-04-22T10:57:51.380755Z DEBUG matrix_sdk::http_client: Got response | crates/matrix-sdk/src/http_client/mod.rs:214 | spans: root > next_sync_with_lock{store_generation=10} > sync_once{conn_id="encryption"  timeout=30000} > send_outgoing_requests > keys_query{request_id="75f52204cf894fb0bdc7122a3cf65590"} > update_state_after_keys_query > send{request_id="REQ-14" method=GET uri="https://matrix.mertis.kz/_matrix/client/v3/user/@test2:mertis.kz/account_data/m.secret_storage.default_key" status=200 response_size="42B" request_duration=29.108833ms}
2026-04-22T10:57:51.380878Z  INFO elementx: Session security state changed, verificationState: verified, recoveryState: enabled | UserSession.swift:48 | spans: root
2026-04-22T10:57:51.380964Z  INFO elementx: Recovery state changed to: enabled, setting local state to enabled | SecureBackupController.swift:80 | spans: root
2026-04-22T10:57:51.381349Z  INFO elementx: Session security state changed, verificationState: verified, recoveryState: enabled | UserSession.swift:48 | spans: root
2026-04-22T10:57:51.384057Z DEBUG matrix_sdk::http_client::native: Sending request num_attempt=1 | crates/matrix-sdk/src/http_client/native.rs:78 | spans: root > next_sync_with_lock{store_generation=10} > sync_once{conn_id="encryption" pos="0/s1135_6524_62_153_270_1_281_236_0_1_1_1" timeout=30000} > send{request_id="REQ-15" method=POST uri="https://matrix.mertis.kz/_matrix/client/unstable/org.matrix.simplified_msc3575/sync" request_size="106B"}
2026-04-22T10:57:51.384180Z DEBUG matrix_sdk_crypto::session_manager::sessions: Collected user/device pairs that are missing an Olm session missing_session_devices_by_user={} timed_out_devices_by_user={} | crates/matrix-sdk-crypto/src/session_manager/sessions.rs:285 | spans: root > next_sync_with_lock{store_generation=10} > sync_once{conn_id="encryption" pos="0/s1135_6524_62_153_270_1_281_236_0_1_1_1" timeout=30000} > send_outgoing_requests > get_missing_sessions
2026-04-22T10:57:51.986883Z  INFO elementx: Send queue status changed to enabled: false, homeserver reachability: reachable | ClientProxy.swift:295 | spans: root
2026-04-22T10:57:51.986953Z  INFO elementx: Enabling all send queues | ClientProxy.swift:298 | spans: root
ERROR: Command timeout of 25.0 seconds exceeded. Assuming command got stuck and aborting.
15:58:45  Acquired tunnel connection to device.
15:58:45  Enabling developer disk image services.
15:58:46  Acquired usage assertion.
Launched application with kz.salemx.msg bundle identifier.
Waiting for the application to terminate…
2026-04-22T10:58:46.222394Z  INFO matrix_sdk_ffi::platform: Logging has been set up env_filter="panic=error,hyper=warn,matrix_sdk_ffi=info,matrix_sdk=info,matrix_sdk::client=trace,matrix_sdk_crypto=debug,matrix_sdk_crypto::olm::account=trace,matrix_sdk::oidc=trace,matrix_sdk::http_client=debug,matrix_sdk::sliding_sync=info,matrix_sdk_base::sliding_sync=info,matrix_sdk_ui::timeline=info,matrix_sdk::send_queue=info,matrix_sdk::event_cache=info,matrix_sdk::latest_events=info,matrix_sdk_base::event_cache=info,matrix_sdk_sqlite::event_cache_store=info,matrix_sdk_common::cross_process_lock=warn,matrix_sdk_common::deserialized_responses=info,matrix_sdk_base::store::ambiguity_map=warn,matrix_sdk_ui::notification_client=info,matrix_sdk_base::response_processors=debug,elementx=info" | bindings/matrix-sdk-ffi/src/platform/mod.rs:602
2026-04-22T10:58:46.222913Z  INFO elementx: SalemX 26.03.4 (1) | AppCoordinator.swift:91 | spans: root
2026-04-22T10:58:46.229788Z  INFO elementx: NavigationRootCoordinator(SalemX.SplashScreenCoordinator Set root: SalemX.SplashScreenCoordinator | NavigationRootCoordinator.swift:153 | spans: root
2026-04-22T10:58:46.258021Z  INFO elementx: Sentry configured (enabled: false) | AppCoordinator.swift:1026 | spans: root
2026-04-22T10:58:46.259090Z  INFO elementx: App setting 'enableNotifications' is 'true' | NotificationManager.swift:51 | spans: root
2026-04-22T10:58:46.259306Z  INFO elementx: [CALL-END-TRACE][CANARY-APP-LAUNCH] local_trace_id=app_launch room_id=n/a widget_id=n/a callkit_id=n/a | AppCoordinator.swift:162 | spans: root
2026-04-22T10:58:46.260324Z  INFO elementx: Register background app refresh with result: true | AppCoordinator.swift:1205 | spans: root
2026-04-22T10:58:46.313662Z  INFO elementx: Network reachability changed to reachable | NetworkMonitor.swift:30 | spans: root
2026-04-22T10:58:46.320501Z  INFO elementx: Transitioning from `initial` to `restoringSession` with event `startWithExistingSession` | AppCoordinatorStateMachine.swift:93 | spans: root
2026-04-22T10:58:46.324984Z  INFO elementx: No global proxy configured. | URL.swift:113 | spans: root > Global proxy
spawning a multithreaded tokio runtime
2026-04-22T10:58:46.326736Z DEBUG matrix_sdk::client::builder: Starting to build the Client | crates/matrix-sdk/src/client/builder/mod.rs:533 | spans: root > build
2026-04-22T10:58:46.526160Z  INFO matrix_sdk::client::builder: selected sliding sync version version=None | crates/matrix-sdk/src/client/builder/mod.rs:585 | spans: root > build{homeserver=HomeserverUrl("https://matrix.mertis.kz/")}
2026-04-22T10:58:46.526941Z DEBUG matrix_sdk::client::builder: Done building the Client | crates/matrix-sdk/src/client/builder/mod.rs:637 | spans: root > build{homeserver=HomeserverUrl("https://matrix.mertis.kz/")}
2026-04-22T10:58:46.527147Z DEBUG matrix_sdk::client::thread_subscriptions: Thread subscriptions catchup not enabled, not starting the catchup task | crates/matrix-sdk/src/client/thread_subscriptions.rs:161
2026-04-22T10:58:46.530135Z DEBUG matrix_sdk_crypto::machine: Restored an Olm account | crates/matrix-sdk-crypto/src/machine/mod.rs:330 | spans: root > restore_session_with > with_store{user_id="@test2:mertis.kz" device_id="Z4J1wfeukl" ed25519_key=YBVytjQtW7p4YXBJoNbTH+now14oHD2Y4+X/t53VPzE curve25519_key=WN4Ll6tmb1nN1pN/+KQTWEHeSBBpkeJcmfJM74EgNB4}
2026-04-22T10:58:46.530503Z DEBUG matrix_sdk_crypto::machine: Restored the cross signing identity master_key=Some("ed25519:9yIZ9iFkLpNrF0D0Q6QiBzAzecWulE9Gcf2F5Aez9+0") | crates/matrix-sdk-crypto/src/machine/mod.rs:374 | spans: root > restore_session_with > with_store{user_id="@test2:mertis.kz" device_id="Z4J1wfeukl" ed25519_key=YBVytjQtW7p4YXBJoNbTH+now14oHD2Y4+X/t53VPzE curve25519_key=WN4Ll6tmb1nN1pN/+KQTWEHeSBBpkeJcmfJM74EgNB4}
2026-04-22T10:58:46.531303Z  INFO elementx: Set up session for user @test2:mertis.kz at: Data: /private/var/mobile/Containers/Shared/AppGroup/99D73CAD-D41E-4571-937C-CDF4CB70AA29/Library/Application Support/kz.salemx.msg/Sessions/F3D999A9-6A6E-4670-84CA-C6CF7685EAA0 Caches: /private/var/mobile/Containers/Shared/AppGroup/99D73CAD-D41E-4571-937C-CDF4CB70AA29/Library/Caches/kz.salemx.msg/Sessions/F3D999A9-6A6E-4670-84CA-C6CF7685EAA0 | UserSessionStore.swift:145 | spans: root
2026-04-22T10:58:46.532600Z  INFO elementx: Checking if backup exists on the server | SecureBackupController.swift:196 | spans: root
2026-04-22T10:58:46.532617Z  INFO matrix_sdk::encryption::backups: Setting up secret listeners and trying to resume backups | crates/matrix-sdk/src/encryption/backups/mod.rs:752
2026-04-22T10:58:46.532796Z  INFO elementx: Key backup state changed to: unknown, setting local state to unknown | SecureBackupController.swift:59 | spans: root
2026-04-22T10:58:46.533293Z  INFO elementx: Recovery state changed to: unknown, setting local state to unknown | SecureBackupController.swift:80 | spans: root
2026-04-22T10:58:46.533314Z  INFO elementx: Checking if backup exists on the server | SecureBackupController.swift:196 | spans: root
2026-04-22T10:58:46.533383Z  INFO matrix_sdk_crypto::backups: Activated a backup backup_key=MegolmV1BackupKey { key: "f8Iv7vPv1UF2NyrwUIzJCOpy+qhU01pXFaR3uSgjul4", version: Some("1") } | crates/matrix-sdk-crypto/src/backups/mod.rs:389 | spans: root
2026-04-22T10:58:46.533495Z  INFO matrix_sdk::encryption::backups: Backup state changed from Unknown to Enabled | crates/matrix-sdk/src/encryption/backups/mod.rs:527 | spans: root
2026-04-22T10:58:46.533649Z  INFO matrix_sdk::encryption::recovery: Setting up account data listeners and trying to setup recovery | crates/matrix-sdk/src/encryption/recovery/mod.rs:610 | spans: root
2026-04-22T10:58:46.534059Z DEBUG matrix_sdk::http_client::native: Sending request num_attempt=1 | crates/matrix-sdk/src/http_client/native.rs:78 | spans: send{request_id="REQ-1" method=GET uri="https://matrix.mertis.kz/_matrix/client/v3/room_keys/version"}
2026-04-22T10:58:46.534108Z DEBUG matrix_sdk::http_client::native: Sending request num_attempt=1 | crates/matrix-sdk/src/http_client/native.rs:78 | spans: root > send{request_id="REQ-0" method=GET uri="https://matrix.mertis.kz/_matrix/client/v3/room_keys/version"}
2026-04-22T10:58:46.534150Z  INFO elementx: Key backup state changed to: enabled, setting local state to enabled | SecureBackupController.swift:59 | spans: root
2026-04-22T10:58:46.534226Z DEBUG matrix_sdk::http_client::native: Sending request num_attempt=1 | crates/matrix-sdk/src/http_client/native.rs:78 | spans: root > send{request_id="REQ-2" method=GET uri="https://matrix.mertis.kz/_matrix/client/v3/user/@test2:mertis.kz/account_data/m.secret_storage.default_key"}
2026-04-22T10:58:46.534795Z DEBUG matrix_sdk_crypto::machine: Initialising crypto store generation at 11 | crates/matrix-sdk-crypto/src/machine/mod.rs:2852
2026-04-22T10:58:46.535024Z DEBUG matrix_sdk::http_client::native: Sending request num_attempt=1 | crates/matrix-sdk/src/http_client/native.rs:78 | spans: root > send{request_id="REQ-3" method=GET uri="https://matrix.mertis.kz/_matrix/client/v3/user/@test2:mertis.kz/account_data/m.secret_storage.default_key"}
2026-04-22T10:58:46.535263Z  INFO elementx: AllRooms: Updating visible range: 0..<0 | RoomSummaryProvider.swift:166 | spans: root
2026-04-22T10:58:46.535631Z  INFO elementx: AlternateAllRooms: Updating visible range: 0..<0 | RoomSummaryProvider.swift:166 | spans: root
2026-04-22T10:58:46.535701Z  INFO elementx: StaticAllRooms: Updating visible range: 0..<0 | RoomSummaryProvider.swift:166 | spans: root
2026-04-22T10:58:46.536054Z  INFO elementx: StaticAllRooms: Received state update: loaded(maximumNumberOfRooms: Optional(4)) | RoomSummaryProvider.swift:105 | spans: root
2026-04-22T10:58:46.536181Z  INFO elementx: AllRooms: Received state update: loaded(maximumNumberOfRooms: Optional(4)) | RoomSummaryProvider.swift:105 | spans: root
2026-04-22T10:58:46.536687Z  INFO elementx: Starting sync | ClientProxy.swift:442 | spans: root
2026-04-22T10:58:46.536971Z DEBUG matrix_sdk::http_client::native: Sending request num_attempt=1 | crates/matrix-sdk/src/http_client/native.rs:78 | spans: send{request_id="REQ-4" method=GET uri="https://matrix.mertis.kz/_matrix/client/unstable/org.matrix.msc2965/auth_metadata"}
2026-04-22T10:58:46.537273Z  INFO elementx: AlternateAllRooms: Received state update: loaded(maximumNumberOfRooms: Optional(4)) | RoomSummaryProvider.swift:105 | spans: root
2026-04-22T10:58:46.537308Z  INFO elementx: Received sync service update: running | ClientProxy.swift:1106 | spans: root
2026-04-22T10:58:46.539770Z  INFO matrix_sdk::sliding_sync: Marking all tracked users as dirty | crates/matrix-sdk/src/sliding_sync/mod.rs:479 | spans: root > next_sync_with_lock{store_generation=11} > sync_once{conn_id="encryption"}
2026-04-22T10:58:46.540836Z DEBUG matrix_sdk::http_client::native: Sending request num_attempt=1 | crates/matrix-sdk/src/http_client/native.rs:78 | spans: root > next_sync_with_lock{store_generation=11} > sync_once{conn_id="encryption"  timeout=30000} > send{request_id="REQ-5" method=POST uri="https://matrix.mertis.kz/_matrix/client/unstable/org.matrix.simplified_msc3575/sync" request_size="106B"}
2026-04-22T10:58:46.540925Z DEBUG matrix_sdk_crypto::session_manager::sessions: Collected user/device pairs that are missing an Olm session missing_session_devices_by_user={} timed_out_devices_by_user={} | crates/matrix-sdk-crypto/src/session_manager/sessions.rs:285 | spans: root > next_sync_with_lock{store_generation=11} > sync_once{conn_id="encryption"  timeout=30000} > send_outgoing_requests > get_missing_sessions
2026-04-22T10:58:46.541497Z  INFO elementx: Session security state changed, verificationState: verified, recoveryState: unknown | UserSession.swift:48 | spans: root
2026-04-22T10:58:46.541801Z  INFO elementx: Starting sync | ClientProxy.swift:442 | spans: root
2026-04-22T10:58:46.541877Z  INFO elementx: Transitioning from `restoringSession` to `signedIn` with event `createdUserSession` | AppCoordinatorStateMachine.swift:93 | spans: root
2026-04-22T10:58:46.542239Z  INFO elementx: NavigationRootCoordinator(NavigationTabCoordinator(Empty) Set root: NavigationTabCoordinator(Empty) | NavigationRootCoordinator.swift:153 | spans: root
2026-04-22T10:58:46.542529Z  INFO elementx: NavigationSplitCoordinator(NavigationStackCoordinator(Empty) | Empty) Set sidebar: NavigationStackCoordinator(Empty) | NavigationCoordinators.swift:302 | spans: root
2026-04-22T10:58:46.542896Z DEBUG matrix_sdk::http_client::native: Sending request num_attempt=1 | crates/matrix-sdk/src/http_client/native.rs:78 | spans: root > sync_once{conn_id="room-list" pos="581/s1135_6524_62_153_270_1_281_236_0_1_1_1" timeout=0} > send{request_id="REQ-6" method=POST uri="https://matrix.mertis.kz/_matrix/client/unstable/org.matrix.simplified_msc3575/sync" request_size="647B"}
2026-04-22T10:58:46.543290Z  INFO elementx: Notification sound enabled: false | NotificationManager.swift:106 | spans: root
2026-04-22T10:58:46.543961Z  INFO elementx: Transitioning from `initial` to `roomList(detailState: nil)` with event `start` | ChatsTabFlowCoordinatorStateMachine.swift:229 | spans: root
2026-04-22T10:58:46.544518Z DEBUG matrix_sdk_crypto::identities::manager: Created a /keys/query request request_id="a901134552134b7a9ac058684f85a610" users=["@aktau:mertis.kz", "@alm:mertis.kz", "@astana:mertis.kz", "@test2:mertis.kz"] | crates/matrix-sdk-crypto/src/identities/manager.rs:877 | spans: root > next_sync_with_lock{store_generation=11} > sync_once{conn_id="encryption"  timeout=30000} > send_outgoing_requests
2026-04-22T10:58:46.544846Z  INFO elementx: NavigationStackCoordinator(SalemX.HomeScreenCoordinator) Set root: SalemX.HomeScreenCoordinator | NavigationCoordinators.swift:686 | spans: root
2026-04-22T10:58:46.544976Z  INFO elementx: NavigationStackCoordinator(SalemX.CallsScreenCoordinator) Set root: SalemX.CallsScreenCoordinator | NavigationCoordinators.swift:686 | spans: root
2026-04-22T10:58:46.545049Z DEBUG matrix_sdk::http_client::native: Sending request num_attempt=1 | crates/matrix-sdk/src/http_client/native.rs:78 | spans: root > next_sync_with_lock{store_generation=11} > sync_once{conn_id="encryption"  timeout=30000} > send_outgoing_requests > keys_query{request_id="a901134552134b7a9ac058684f85a610"} > send{request_id="REQ-7" method=POST uri="https://matrix.mertis.kz/_matrix/client/v3/keys/query" request_size="104B"}
2026-04-22T10:58:46.545286Z  INFO elementx: NavigationStackCoordinator(SalemX.StartChatScreenCoordinator) Set root: SalemX.StartChatScreenCoordinator | NavigationCoordinators.swift:686 | spans: root
2026-04-22T10:58:46.545527Z  INFO elementx: NavigationStackCoordinator(SalemX.SettingsScreenCoordinator) Set root: SalemX.SettingsScreenCoordinator | NavigationCoordinators.swift:686 | spans: root
2026-04-22T10:58:46.545541Z  INFO elementx: Security state is still unknown, waiting before deciding post-login flow | UserSessionFlowCoordinator.swift:385 | spans: root
2026-04-22T10:58:46.545592Z  INFO elementx: Security state is still unknown, waiting before deciding post-login flow | UserSessionFlowCoordinator.swift:385 | spans: root
2026-04-22T10:58:46.545638Z  INFO elementx: Homeserver reachability: reachable | UserSessionFlowCoordinator.swift:275 | spans: root
2026-04-22T10:58:46.545899Z  INFO elementx: Received room summary provider update, setting view room list mode to "Showing rooms" | HomeScreenViewModel.swift:345 | spans: root
2026-04-22T10:58:46.546220Z DEBUG matrix_sdk::http_client::native: Sending request num_attempt=1 | crates/matrix-sdk/src/http_client/native.rs:78 | spans: send{request_id="REQ-8" method=GET uri="https://matrix.mertis.kz/_matrix/client/v3/profile/@test2:mertis.kz/avatar_url"}
2026-04-22T10:58:46.547000Z ERROR elementx: Transaction not started or already finished | Signposter.swift:82 | spans: root
2026-04-22T10:58:46.557549Z ERROR elementx: Received background task early termination | ClientProxy.swift:247 | spans: root
2026-04-22T10:58:46.560272Z ERROR elementx: Received background task early termination | ClientProxy.swift:247 | spans: root
2026-04-22T10:58:46.567779Z ERROR elementx: Received background task early termination | ClientProxy.swift:247 | spans: root
2026-04-22T10:58:46.624800Z DEBUG matrix_sdk::http_client::native: Sending request num_attempt=1 | crates/matrix-sdk/src/http_client/native.rs:78 | spans: send{request_id="REQ-9" method=GET uri="https://matrix.mertis.kz/_matrix/client/v3/profile/@test2:mertis.kz/avatar_url"}
2026-04-22T10:58:46.647062Z  INFO elementx: Application did become active | AppCoordinator.swift:1178 | spans: root
2026-04-22T10:58:46.647194Z  INFO elementx: Starting sync | ClientProxy.swift:442 | spans: root
error in connection_block_invoke_2: Connection invalid
2026-04-22T10:58:46.722916Z ERROR matrix_sdk::http_client: Error while sending request: Api(Server(ClientApi(Error { status_code: 401, body: Standard(StandardErrorBody { kind: UnknownToken(UnknownTokenErrorData { soft_logout: false }), message: "Token is not active" }) }))) | crates/matrix-sdk/src/http_client/mod.rs:218 | spans: send{request_id="REQ-1" method=GET uri="https://matrix.mertis.kz/_matrix/client/v3/room_keys/version" status=401 response_size="79B" request_duration=188.839417ms}
2026-04-22T10:58:46.722919Z ERROR matrix_sdk::http_client: Error while sending request: Api(Server(ClientApi(Error { status_code: 401, body: Standard(StandardErrorBody { kind: UnknownToken(UnknownTokenErrorData { soft_logout: false }), message: "Token is not active" }) }))) | crates/matrix-sdk/src/http_client/mod.rs:218 | spans: root > next_sync_with_lock{store_generation=11} > sync_once{conn_id="encryption"  timeout=30000} > send{request_id="REQ-5" method=POST uri="https://matrix.mertis.kz/_matrix/client/unstable/org.matrix.simplified_msc3575/sync" request_size="106B" status=401 response_size="79B" request_duration=181.914375ms}
2026-04-22T10:58:46.722976Z TRACE matrix_sdk::client::futures: Token refresh: Unknown token error received. | crates/matrix-sdk/src/client/futures.rs:103 | spans: root
2026-04-22T10:58:46.722993Z TRACE matrix_sdk::client: Token refresh: Using OAuth 2.0. | crates/matrix-sdk/src/client/mod.rs:1479 | spans: root
2026-04-22T10:58:46.723005Z TRACE matrix_sdk::client::futures: Token refresh: Unknown token error received. | crates/matrix-sdk/src/client/futures.rs:103 | spans: root > next_sync_with_lock{store_generation=11} > sync_once{conn_id="encryption"  timeout=30000}
2026-04-22T10:58:46.723013Z TRACE matrix_sdk::client: Token refresh: Using OAuth 2.0. | crates/matrix-sdk/src/client/mod.rs:1479 | spans: root > next_sync_with_lock{store_generation=11} > sync_once{conn_id="encryption"  timeout=30000}
2026-04-22T10:58:46.722967Z ERROR matrix_sdk::http_client: Error while sending request: Api(Server(ClientApi(Error { status_code: 401, body: Standard(StandardErrorBody { kind: UnknownToken(UnknownTokenErrorData { soft_logout: false }), message: "Token is not active" }) }))) | crates/matrix-sdk/src/http_client/mod.rs:218 | spans: root > send{request_id="REQ-2" method=GET uri="https://matrix.mertis.kz/_matrix/client/v3/user/@test2:mertis.kz/account_data/m.secret_storage.default_key" status=401 response_size="79B" request_duration=188.569708ms}
2026-04-22T10:58:46.723038Z TRACE matrix_sdk::client::futures: Token refresh: Unknown token error received. | crates/matrix-sdk/src/client/futures.rs:103 | spans: root
2026-04-22T10:58:46.723046Z TRACE matrix_sdk::client: Token refresh: Using OAuth 2.0. | crates/matrix-sdk/src/client/mod.rs:1479 | spans: root
2026-04-22T10:58:46.723195Z DEBUG matrix_sdk::http_client::native: Sending request num_attempt=1 | crates/matrix-sdk/src/http_client/native.rs:78 | spans: root > refresh_access_token > send{request_id="REQ-10" method=GET uri="https://matrix.mertis.kz/_matrix/client/unstable/org.matrix.msc2965/auth_metadata"}
2026-04-22T10:58:46.724502Z ERROR matrix_sdk::http_client: Error while sending request: Api(Server(ClientApi(Error { status_code: 401, body: Standard(StandardErrorBody { kind: UnknownToken(UnknownTokenErrorData { soft_logout: false }), message: "Token is not active" }) }))) | crates/matrix-sdk/src/http_client/mod.rs:218 | spans: root > next_sync_with_lock{store_generation=11} > sync_once{conn_id="encryption"  timeout=30000} > send_outgoing_requests > keys_query{request_id="a901134552134b7a9ac058684f85a610"} > send{request_id="REQ-7" method=POST uri="https://matrix.mertis.kz/_matrix/client/v3/keys/query" request_size="104B" status=401 response_size="79B" request_duration=179.437791ms}
2026-04-22T10:58:46.724532Z TRACE matrix_sdk::client::futures: Token refresh: Unknown token error received. | crates/matrix-sdk/src/client/futures.rs:103 | spans: root > next_sync_with_lock{store_generation=11} > sync_once{conn_id="encryption"  timeout=30000} > send_outgoing_requests > keys_query{request_id="a901134552134b7a9ac058684f85a610"}
2026-04-22T10:58:46.724550Z TRACE matrix_sdk::client: Token refresh: Using OAuth 2.0. | crates/matrix-sdk/src/client/mod.rs:1479 | spans: root > next_sync_with_lock{store_generation=11} > sync_once{conn_id="encryption"  timeout=30000} > send_outgoing_requests > keys_query{request_id="a901134552134b7a9ac058684f85a610"}
2026-04-22T10:58:46.726550Z DEBUG matrix_sdk::http_client: Got response | crates/matrix-sdk/src/http_client/mod.rs:214 | spans: send{request_id="REQ-4" method=GET uri="https://matrix.mertis.kz/_matrix/client/unstable/org.matrix.msc2965/auth_metadata" status=200 response_size="2.6k" request_duration=189.545458ms}
2026-04-22T10:58:46.726857Z ERROR matrix_sdk::http_client: Error while sending request: Api(Server(ClientApi(Error { status_code: 401, body: Standard(StandardErrorBody { kind: UnknownToken(UnknownTokenErrorData { soft_logout: false }), message: "Token is not active" }) }))) | crates/matrix-sdk/src/http_client/mod.rs:218 | spans: root > send{request_id="REQ-3" method=GET uri="https://matrix.mertis.kz/_matrix/client/v3/user/@test2:mertis.kz/account_data/m.secret_storage.default_key" status=401 response_size="79B" request_duration=191.601916ms}
2026-04-22T10:58:46.726900Z TRACE matrix_sdk::client::futures: Token refresh: Unknown token error received. | crates/matrix-sdk/src/client/futures.rs:103 | spans: root
2026-04-22T10:58:46.726908Z TRACE matrix_sdk::client: Token refresh: Using OAuth 2.0. | crates/matrix-sdk/src/client/mod.rs:1479 | spans: root
2026-04-22T10:58:46.728514Z ERROR matrix_sdk::http_client: Error while sending request: Api(Server(ClientApi(Error { status_code: 401, body: Standard(StandardErrorBody { kind: UnknownToken(UnknownTokenErrorData { soft_logout: false }), message: "Token is not active" }) }))) | crates/matrix-sdk/src/http_client/mod.rs:218 | spans: root > send{request_id="REQ-0" method=GET uri="https://matrix.mertis.kz/_matrix/client/v3/room_keys/version" status=401 response_size="79B" request_duration=194.297041ms}
2026-04-22T10:58:46.728528Z TRACE matrix_sdk::client::futures: Token refresh: Unknown token error received. | crates/matrix-sdk/src/client/futures.rs:103
2026-04-22T10:58:46.728534Z TRACE matrix_sdk::client: Token refresh: Using OAuth 2.0. | crates/matrix-sdk/src/client/mod.rs:1479
2026-04-22T10:58:46.806345Z DEBUG matrix_sdk::http_client: Got response | crates/matrix-sdk/src/http_client/mod.rs:214 | spans: send{request_id="REQ-8" method=GET uri="https://matrix.mertis.kz/_matrix/client/v3/profile/@test2:mertis.kz/avatar_url" status=200 response_size="57B" request_duration=260.024959ms}
2026-04-22T10:58:46.806369Z DEBUG matrix_sdk::http_client: Got response | crates/matrix-sdk/src/http_client/mod.rs:214 | spans: send{request_id="REQ-9" method=GET uri="https://matrix.mertis.kz/_matrix/client/v3/profile/@test2:mertis.kz/avatar_url" status=200 response_size="57B" request_duration=181.490875ms}
2026-04-22T10:58:46.807457Z DEBUG matrix_sdk::http_client::native: Sending request num_attempt=1 | crates/matrix-sdk/src/http_client/native.rs:78 | spans: send{request_id="REQ-11" method=GET uri="https://matrix.mertis.kz/_matrix/client/v3/profile/@test2:mertis.kz/displayname"}
2026-04-22T10:58:46.807528Z DEBUG matrix_sdk::http_client::native: Sending request num_attempt=1 | crates/matrix-sdk/src/http_client/native.rs:78 | spans: root > send{request_id="REQ-12" method=GET uri="https://matrix.mertis.kz/_matrix/client/v3/profile/@test2:mertis.kz/displayname"}
2026-04-22T10:58:46.810643Z DEBUG matrix_sdk::http_client: Got response | crates/matrix-sdk/src/http_client/mod.rs:214 | spans: root > refresh_access_token > send{request_id="REQ-10" method=GET uri="https://matrix.mertis.kz/_matrix/client/unstable/org.matrix.msc2965/auth_metadata" status=200 response_size="2.6k" request_duration=87.355833ms}
2026-04-22T10:58:46.810644Z ERROR matrix_sdk::http_client: Error while sending request: Api(Server(ClientApi(Error { status_code: 401, body: Standard(StandardErrorBody { kind: UnknownToken(UnknownTokenErrorData { soft_logout: false }), message: "Token is not active" }) }))) | crates/matrix-sdk/src/http_client/mod.rs:218 | spans: root > sync_once{conn_id="room-list" pos="581/s1135_6524_62_153_270_1_281_236_0_1_1_1" timeout=0} > send{request_id="REQ-6" method=POST uri="https://matrix.mertis.kz/_matrix/client/unstable/org.matrix.simplified_msc3575/sync" request_size="647B" status=401 response_size="79B" request_duration=267.545375ms}
2026-04-22T10:58:46.810708Z TRACE matrix_sdk::client::futures: Token refresh: Unknown token error received. | crates/matrix-sdk/src/client/futures.rs:103 | spans: root > sync_once{conn_id="room-list" pos="581/s1135_6524_62_153_270_1_281_236_0_1_1_1" timeout=0}
2026-04-22T10:58:46.810727Z TRACE matrix_sdk::client: Token refresh: Using OAuth 2.0. | crates/matrix-sdk/src/client/mod.rs:1479 | spans: root > sync_once{conn_id="room-list" pos="581/s1135_6524_62_153_270_1_281_236_0_1_1_1" timeout=0}
2026-04-22T10:58:46.849222Z DEBUG matrix_sdk::http_client: Got response | crates/matrix-sdk/src/http_client/mod.rs:214 | spans: root > send{request_id="REQ-12" method=GET uri="https://matrix.mertis.kz/_matrix/client/v3/profile/@test2:mertis.kz/displayname" status=200 response_size="23B" request_duration=41.473417ms}
2026-04-22T10:58:46.849254Z DEBUG matrix_sdk::http_client: Got response | crates/matrix-sdk/src/http_client/mod.rs:214 | spans: send{request_id="REQ-11" method=GET uri="https://matrix.mertis.kz/_matrix/client/v3/profile/@test2:mertis.kz/displayname" status=200 response_size="23B" request_duration=41.610125ms}
2026-04-22T10:58:47.102893Z  INFO elementx: Saving session changes in the keychain. | KeychainController.swift:111 | spans: root
2026-04-22T10:58:47.112754Z TRACE matrix_sdk::client::futures: Token refresh: Refresh succeeded, retrying request. | crates/matrix-sdk/src/client/futures.rs:155 | spans: root
2026-04-22T10:58:47.112766Z TRACE matrix_sdk::client::futures: Token refresh: Refresh succeeded, retrying request. | crates/matrix-sdk/src/client/futures.rs:155 | spans: root > next_sync_with_lock{store_generation=11} > sync_once{conn_id="encryption"  timeout=30000}
2026-04-22T10:58:47.112796Z DEBUG matrix_sdk::http_client::native: Sending request num_attempt=1 | crates/matrix-sdk/src/http_client/native.rs:78 | spans: root > send{request_id="REQ-13" method=GET uri="https://matrix.mertis.kz/_matrix/client/v3/room_keys/version"}
2026-04-22T10:58:47.112808Z DEBUG matrix_sdk::http_client::native: Sending request num_attempt=1 | crates/matrix-sdk/src/http_client/native.rs:78 | spans: root > next_sync_with_lock{store_generation=11} > sync_once{conn_id="encryption"  timeout=30000} > send{request_id="REQ-14" method=POST uri="https://matrix.mertis.kz/_matrix/client/unstable/org.matrix.simplified_msc3575/sync" request_size="106B"}
2026-04-22T10:58:47.112940Z TRACE matrix_sdk::client::futures: Token refresh: Refresh succeeded, retrying request. | crates/matrix-sdk/src/client/futures.rs:155 | spans: root
2026-04-22T10:58:47.112966Z DEBUG matrix_sdk::http_client::native: Sending request num_attempt=1 | crates/matrix-sdk/src/http_client/native.rs:78 | spans: root > send{request_id="REQ-15" method=GET uri="https://matrix.mertis.kz/_matrix/client/v3/user/@test2:mertis.kz/account_data/m.secret_storage.default_key"}
2026-04-22T10:58:47.113095Z TRACE matrix_sdk::client::futures: Token refresh: Refresh succeeded, retrying request. | crates/matrix-sdk/src/client/futures.rs:155 | spans: root > next_sync_with_lock{store_generation=11} > sync_once{conn_id="encryption"  timeout=30000} > send_outgoing_requests > keys_query{request_id="a901134552134b7a9ac058684f85a610"}
2026-04-22T10:58:47.113123Z DEBUG matrix_sdk::http_client::native: Sending request num_attempt=1 | crates/matrix-sdk/src/http_client/native.rs:78 | spans: root > next_sync_with_lock{store_generation=11} > sync_once{conn_id="encryption"  timeout=30000} > send_outgoing_requests > keys_query{request_id="a901134552134b7a9ac058684f85a610"} > send{request_id="REQ-16" method=POST uri="https://matrix.mertis.kz/_matrix/client/v3/keys/query" request_size="104B"}
2026-04-22T10:58:47.113166Z TRACE matrix_sdk::client::futures: Token refresh: Refresh succeeded, retrying request. | crates/matrix-sdk/src/client/futures.rs:155 | spans: root
2026-04-22T10:58:47.113194Z TRACE matrix_sdk::client::futures: Token refresh: Refresh succeeded, retrying request. | crates/matrix-sdk/src/client/futures.rs:155 | spans: root
2026-04-22T10:58:47.113201Z DEBUG matrix_sdk::http_client::native: Sending request num_attempt=1 | crates/matrix-sdk/src/http_client/native.rs:78 | spans: root > send{request_id="REQ-17" method=GET uri="https://matrix.mertis.kz/_matrix/client/v3/user/@test2:mertis.kz/account_data/m.secret_storage.default_key"}
2026-04-22T10:58:47.113217Z DEBUG matrix_sdk::http_client::native: Sending request num_attempt=1 | crates/matrix-sdk/src/http_client/native.rs:78 | spans: root > send{request_id="REQ-18" method=GET uri="https://matrix.mertis.kz/_matrix/client/v3/room_keys/version"}
2026-04-22T10:58:47.113279Z TRACE matrix_sdk::client::futures: Token refresh: Refresh succeeded, retrying request. | crates/matrix-sdk/src/client/futures.rs:155 | spans: root > sync_once{conn_id="room-list" pos="581/s1135_6524_62_153_270_1_281_236_0_1_1_1" timeout=0}
2026-04-22T10:58:47.113315Z DEBUG matrix_sdk::http_client::native: Sending request num_attempt=1 | crates/matrix-sdk/src/http_client/native.rs:78 | spans: root > sync_once{conn_id="room-list" pos="581/s1135_6524_62_153_270_1_281_236_0_1_1_1" timeout=0} > send{request_id="REQ-19" method=POST uri="https://matrix.mertis.kz/_matrix/client/unstable/org.matrix.simplified_msc3575/sync" request_size="647B"}
2026-04-22T10:58:47.165791Z DEBUG matrix_sdk::http_client: Got response | crates/matrix-sdk/src/http_client/mod.rs:214 | spans: root > send{request_id="REQ-15" method=GET uri="https://matrix.mertis.kz/_matrix/client/v3/user/@test2:mertis.kz/account_data/m.secret_storage.default_key" status=200 response_size="42B" request_duration=52.699541ms}
2026-04-22T10:58:47.165919Z DEBUG matrix_sdk::http_client: Got response | crates/matrix-sdk/src/http_client/mod.rs:214 | spans: root > next_sync_with_lock{store_generation=11} > sync_once{conn_id="encryption"  timeout=30000} > send{request_id="REQ-14" method=POST uri="https://matrix.mertis.kz/_matrix/client/unstable/org.matrix.simplified_msc3575/sync" request_size="106B" status=200 response_size="242B" request_duration=53.006917ms}
2026-04-22T10:58:47.165990Z  INFO matrix_sdk::encryption::recovery: Recovery state changed from Unknown to Enabled | crates/matrix-sdk/src/encryption/recovery/mod.rs:686 | spans: root
2026-04-22T10:58:47.166079Z DEBUG matrix_sdk::http_client: Got response | crates/matrix-sdk/src/http_client/mod.rs:214 | spans: root > send{request_id="REQ-17" method=GET uri="https://matrix.mertis.kz/_matrix/client/v3/user/@test2:mertis.kz/account_data/m.secret_storage.default_key" status=200 response_size="42B" request_duration=52.764ms}
2026-04-22T10:58:47.166237Z  INFO elementx: Session security state changed, verificationState: verified, recoveryState: enabled | UserSession.swift:48 | spans: root
2026-04-22T10:58:47.166349Z  INFO elementx: Recovery state changed to: enabled, setting local state to enabled | SecureBackupController.swift:80 | spans: root
2026-04-22T10:58:47.166379Z  INFO elementx: Recovery is enabled, skipping onboarding and opening chats directly | UserSessionFlowCoordinator.swift:395 | spans: root
2026-04-22T10:58:47.166407Z  INFO elementx: Session security state changed, verificationState: verified, recoveryState: enabled | UserSession.swift:48 | spans: root
2026-04-22T10:58:47.166446Z  INFO elementx: Recovery state changed to: enabled, setting local state to enabled | SecureBackupController.swift:80 | spans: root
2026-04-22T10:58:47.168771Z DEBUG matrix_sdk::http_client: Got response | crates/matrix-sdk/src/http_client/mod.rs:214 | spans: root > send{request_id="REQ-13" method=GET uri="https://matrix.mertis.kz/_matrix/client/v3/room_keys/version" status=200 response_size="453B" request_duration=55.911166ms}
2026-04-22T10:58:47.170547Z DEBUG matrix_sdk::http_client: Got response | crates/matrix-sdk/src/http_client/mod.rs:214 | spans: root > send{request_id="REQ-18" method=GET uri="https://matrix.mertis.kz/_matrix/client/v3/room_keys/version" status=200 response_size="453B" request_duration=57.303208ms}
2026-04-22T10:58:47.174499Z DEBUG matrix_sdk::http_client: Got response | crates/matrix-sdk/src/http_client/mod.rs:214 | spans: root > sync_once{conn_id="room-list" pos="581/s1135_6524_62_153_270_1_281_236_0_1_1_1" timeout=0} > send{request_id="REQ-19" method=POST uri="https://matrix.mertis.kz/_matrix/client/unstable/org.matrix.simplified_msc3575/sync" request_size="647B" status=200 response_size="377B" request_duration=61.058833ms}
2026-04-22T10:58:47.175634Z  INFO elementx: AlternateAllRooms: Received state update: loaded(maximumNumberOfRooms: Optional(4)) | RoomSummaryProvider.swift:105 | spans: root
2026-04-22T10:58:47.175697Z  INFO elementx: StaticAllRooms: Received state update: loaded(maximumNumberOfRooms: Optional(4)) | RoomSummaryProvider.swift:105 | spans: root
2026-04-22T10:58:47.175710Z  INFO elementx: Received room list update: settingUp | ClientProxy.swift:1143 | spans: root
2026-04-22T10:58:47.175939Z  INFO elementx: AllRooms: Received state update: loaded(maximumNumberOfRooms: Optional(4)) | RoomSummaryProvider.swift:105 | spans: root
2026-04-22T10:58:47.176115Z DEBUG matrix_sdk::http_client::native: Sending request num_attempt=1 | crates/matrix-sdk/src/http_client/native.rs:78 | spans: root > send{request_id="REQ-20" method=GET uri="https://matrix.mertis.kz/_matrix/client/v3/user/@test2:mertis.kz/account_data/m.ignored_user_list"}
2026-04-22T10:58:47.176411Z DEBUG matrix_sdk::http_client::native: Sending request num_attempt=1 | crates/matrix-sdk/src/http_client/native.rs:78 | spans: root > sync_once{conn_id="room-list" pos="581/s1135_6524_62_153_270_1_281_236_0_1_1_1" timeout=0} > send{request_id="REQ-21" method=POST uri="https://matrix.mertis.kz/_matrix/client/unstable/org.matrix.simplified_msc3575/sync" request_size="646B"}
2026-04-22T10:58:47.355206Z DEBUG matrix_sdk::http_client: Got response | crates/matrix-sdk/src/http_client/mod.rs:214 | spans: root > sync_once{conn_id="room-list" pos="581/s1135_6524_62_153_270_1_281_236_0_1_1_1" timeout=0} > send{request_id="REQ-21" method=POST uri="https://matrix.mertis.kz/_matrix/client/unstable/org.matrix.simplified_msc3575/sync" request_size="646B" status=200 response_size="376B" request_duration=178.578042ms}
2026-04-22T10:58:47.355290Z DEBUG matrix_sdk::http_client: Got response | crates/matrix-sdk/src/http_client/mod.rs:214 | spans: root > next_sync_with_lock{store_generation=11} > sync_once{conn_id="encryption"  timeout=30000} > send_outgoing_requests > keys_query{request_id="a901134552134b7a9ac058684f85a610"} > send{request_id="REQ-16" method=POST uri="https://matrix.mertis.kz/_matrix/client/v3/keys/query" request_size="104B" status=200 response_size="36.8k" request_duration=241.581ms}
2026-04-22T10:58:47.355398Z DEBUG matrix_sdk_crypto::identities::manager: Handling a `/keys/query` response request_id="a901134552134b7a9ac058684f85a610" users={"@aktau:mertis.kz", "@alm:mertis.kz", "@astana:mertis.kz", "@test2:mertis.kz"} failures={} | crates/matrix-sdk-crypto/src/identities/manager.rs:135 | spans: root > next_sync_with_lock{store_generation=11} > sync_once{conn_id="encryption"  timeout=30000} > send_outgoing_requests > keys_query{request_id="a901134552134b7a9ac058684f85a610"}
2026-04-22T10:58:47.356134Z ERROR matrix_sdk::http_client: Error while sending request: Api(Server(ClientApi(Error { status_code: 404, body: Standard(StandardErrorBody { kind: NotFound, message: "Account data not found" }) }))) | crates/matrix-sdk/src/http_client/mod.rs:218 | spans: root > send{request_id="REQ-20" method=GET uri="https://matrix.mertis.kz/_matrix/client/v3/user/@test2:mertis.kz/account_data/m.ignored_user_list" status=404 response_size="58B" request_duration=179.911708ms}
2026-04-22T10:58:47.370436Z  INFO elementx: Received room list update: running | ClientProxy.swift:1143 | spans: root
2026-04-22T10:58:47.380612Z DEBUG matrix_sdk::http_client::native: Sending request num_attempt=1 | crates/matrix-sdk/src/http_client/native.rs:78 | spans: root > sync_once{conn_id="room-list" pos="581/s1135_6524_62_153_270_1_281_236_0_1_1_1" timeout=30000} > send{request_id="REQ-22" method=POST uri="https://matrix.mertis.kz/_matrix/client/unstable/org.matrix.simplified_msc3575/sync" request_size="646B"}
2026-04-22T10:58:47.388176Z DEBUG matrix_sdk_crypto::identities::manager: Finished handling of the `/keys/query` response request_id="a901134552134b7a9ac058684f85a610" new_devices={} changed_devices={} deleted_devices={} new_identities={} changed_identities={} | crates/matrix-sdk-crypto/src/identities/manager.rs:1205 | spans: root > next_sync_with_lock{store_generation=11} > sync_once{conn_id="encryption"  timeout=30000} > send_outgoing_requests > keys_query{request_id="a901134552134b7a9ac058684f85a610"}
2026-04-22T10:58:47.388302Z DEBUG matrix_sdk::http_client::native: Sending request num_attempt=1 | crates/matrix-sdk/src/http_client/native.rs:78 | spans: root > next_sync_with_lock{store_generation=11} > sync_once{conn_id="encryption"  timeout=30000} > send_outgoing_requests > keys_query{request_id="a901134552134b7a9ac058684f85a610"} > update_state_after_keys_query > send{request_id="REQ-23" method=GET uri="https://matrix.mertis.kz/_matrix/client/v3/user/@test2:mertis.kz/account_data/m.secret_storage.default_key"}
2026-04-22T10:58:47.456547Z DEBUG matrix_sdk::http_client: Got response | crates/matrix-sdk/src/http_client/mod.rs:214 | spans: root > next_sync_with_lock{store_generation=11} > sync_once{conn_id="encryption"  timeout=30000} > send_outgoing_requests > keys_query{request_id="a901134552134b7a9ac058684f85a610"} > update_state_after_keys_query > send{request_id="REQ-23" method=GET uri="https://matrix.mertis.kz/_matrix/client/v3/user/@test2:mertis.kz/account_data/m.secret_storage.default_key" status=200 response_size="42B" request_duration=68.092917ms}
2026-04-22T10:58:47.457094Z  INFO elementx: Session security state changed, verificationState: verified, recoveryState: enabled | UserSession.swift:48 | spans: root
2026-04-22T10:58:47.457463Z  INFO elementx: Recovery state changed to: enabled, setting local state to enabled | SecureBackupController.swift:80 | spans: root
2026-04-22T10:58:47.460912Z  INFO elementx: Session security state changed, verificationState: verified, recoveryState: enabled | UserSession.swift:48 | spans: root
2026-04-22T10:58:47.468028Z DEBUG matrix_sdk::http_client::native: Sending request num_attempt=1 | crates/matrix-sdk/src/http_client/native.rs:78 | spans: root > next_sync_with_lock{store_generation=11} > sync_once{conn_id="encryption" pos="0/s1135_6524_62_153_270_1_281_236_0_1_1_1" timeout=30000} > send{request_id="REQ-24" method=POST uri="https://matrix.mertis.kz/_matrix/client/unstable/org.matrix.simplified_msc3575/sync" request_size="106B"}
2026-04-22T10:58:47.468541Z DEBUG matrix_sdk_crypto::session_manager::sessions: Collected user/device pairs that are missing an Olm session missing_session_devices_by_user={} timed_out_devices_by_user={} | crates/matrix-sdk-crypto/src/session_manager/sessions.rs:285 | spans: root > next_sync_with_lock{store_generation=11} > sync_once{conn_id="encryption" pos="0/s1135_6524_62_153_270_1_281_236_0_1_1_1" timeout=30000} > send_outgoing_requests > get_missing_sessions
2026-04-22T10:58:47.542814Z  INFO elementx: Send queue status changed to enabled: false, homeserver reachability: reachable | ClientProxy.swift:295 | spans: root
2026-04-22T10:58:47.542947Z  INFO elementx: Enabling all send queues | ClientProxy.swift:298 | spans: root
2026-04-22T10:58:59.839773Z  INFO elementx: Network reachability changed to reachable | NetworkMonitor.swift:30 | spans: root
2026-04-22T10:59:04.496289Z DEBUG matrix_sdk::http_client: Got response | crates/matrix-sdk/src/http_client/mod.rs:214 | spans: root > next_sync_with_lock{store_generation=11} > sync_once{conn_id="encryption" pos="0/s1135_6524_62_153_270_1_281_236_0_1_1_1" timeout=30000} > send{request_id="REQ-24" method=POST uri="https://matrix.mertis.kz/_matrix/client/unstable/org.matrix.simplified_msc3575/sync" request_size="106B" status=200 response_size="282B" request_duration=17.026989083s}
2026-04-22T10:59:04.503059Z DEBUG matrix_sdk::http_client::native: Sending request num_attempt=1 | crates/matrix-sdk/src/http_client/native.rs:78 | spans: root > next_sync_with_lock{store_generation=11} > sync_once{conn_id="encryption" pos="0/s1136_6524_62_153_270_1_281_236_0_1_1_1" timeout=30000} > send{request_id="REQ-25" method=POST uri="https://matrix.mertis.kz/_matrix/client/unstable/org.matrix.simplified_msc3575/sync" request_size="106B"}
2026-04-22T10:59:04.503750Z DEBUG matrix_sdk_crypto::session_manager::sessions: Collected user/device pairs that are missing an Olm session missing_session_devices_by_user={} timed_out_devices_by_user={} | crates/matrix-sdk-crypto/src/session_manager/sessions.rs:285 | spans: root > next_sync_with_lock{store_generation=11} > sync_once{conn_id="encryption" pos="0/s1136_6524_62_153_270_1_281_236_0_1_1_1" timeout=30000} > send_outgoing_requests > get_missing_sessions
2026-04-22T10:59:04.513646Z DEBUG matrix_sdk::http_client: Got response | crates/matrix-sdk/src/http_client/mod.rs:214 | spans: root > sync_once{conn_id="room-list" pos="581/s1135_6524_62_153_270_1_281_236_0_1_1_1" timeout=30000} > send{request_id="REQ-22" method=POST uri="https://matrix.mertis.kz/_matrix/client/unstable/org.matrix.simplified_msc3575/sync" request_size="646B" status=200 response_size="2.1k" request_duration=17.132228625s}
2026-04-22T10:59:04.514644Z  INFO matrix_sdk::latest_events: Timer _Creating `RoomLatestEvents` for "!jFGCYbgmpjrPGtgDqt:mertis.kz"_ finished in 789.958µs | crates/matrix-sdk/src/latest_events/mod.rs:342 | spans: root > sync_once{conn_id="room-list" pos="581/s1135_6524_62_153_270_1_281_236_0_1_1_1" timeout=30000} > handle_response > subscribe_to_room_latest_events
2026-04-22T10:59:04.526210Z DEBUG matrix_sdk_base::response_processors::account_data::global: Found direct room data in the Store, applying it | crates/matrix-sdk-base/src/response_processors/account_data/global.rs:147 | spans: root > sync_once{conn_id="room-list" pos="581/s1135_6524_62_153_270_1_281_236_0_1_1_1" timeout=30000} > handle_response
2026-04-22T10:59:04.526562Z DEBUG matrix_sdk_base::response_processors::account_data::global: couldn't find room in state changes or store room=!XCYDoMZkcMWYQVRfHR:mertis.kz | crates/matrix-sdk-base/src/response_processors/account_data/global.rs:176 | spans: root > sync_once{conn_id="room-list" pos="581/s1135_6524_62_153_270_1_281_236_0_1_1_1" timeout=30000} > handle_response > process_direct_rooms
2026-04-22T10:59:04.530386Z  INFO elementx: Received room list update: running | ClientProxy.swift:1143 | spans: root
2026-04-22T10:59:04.530968Z DEBUG matrix_sdk::http_client::native: Sending request num_attempt=1 | crates/matrix-sdk/src/http_client/native.rs:78 | spans: root > sync_once{conn_id="room-list" pos="581/s1136_6524_62_153_270_1_281_236_0_1_1_1" timeout=30000} > send{request_id="REQ-26" method=POST uri="https://matrix.mertis.kz/_matrix/client/unstable/org.matrix.simplified_msc3575/sync" request_size="646B"}
2026-04-22T10:59:04.541894Z ERROR elementx: Received background task early termination | ClientProxy.swift:247 | spans: root
2026-04-22T10:59:04.541947Z ERROR elementx: Received background task early termination | ClientProxy.swift:247 | spans: root
2026-04-22T10:59:04.542913Z ERROR matrix_sdk_ui::timeline::controller::state_transaction: duplicate read receipts in this timeline duplicates={("@aktau:mertis.kz", "$LP5TpBsDyt_XKwqo7V9lpIAcCmRzFF2WQPhEHpOqu94", "$LP5TpBsDyt_XKwqo7V9lpIAcCmRzFF2WQPhEHpOqu94")} items=ObservableItemsTransaction { items: ObservableVectorWriteGuard { values: [TimelineItem { kind: Virtual(DateDivider(2026-04-22T07:46:12.803)), internal_id: TimelineUniqueId("34") }, TimelineItem { kind: Event(EventTimelineItem { sender: "@test2:mertis.kz", sender_profile: Ready(Profile { display_name: Some("test2"), display_name_ambiguous: false, avatar_url: Some("mxc://mertis.kz/QWsgHRqMRHUCROVYIpCcqANR") }), forwarder: None, forwarder_profile: None, timestamp: 2026-04-22T07:46:12.803, content: OtherState(OtherState { state_key: "_@test2:mertis.kz_Z4J1wfeukl_m.call", content: _Custom { event_type: "org.matrix.msc3401.call.member" } }), kind: Remote(RemoteEventTimelineItem { event_id: "$FNwFmTGImdtqD011_xf2WSZNIarYLHVmcsi6MNTgHW8", transaction_id: None, read_receipts: {}, is_own: true, is_highlighted: false, encryption_info: None, origin: Cache, .. }), is_room_encrypted: true }), internal_id: TimelineUniqueId("0") }, TimelineItem { kind: Event(EventTimelineItem { sender: "@aktau:mertis.kz", sender_profile: Ready(Profile { display_name: Some("aktau"), display_name_ambiguous: false, avatar_url: None }), forwarder: None, forwarder_profile: None, timestamp: 2026-04-22T07:46:33.020, content: OtherState(OtherState { state_key: "_@aktau:mertis.kz_YpCNP4nOHB_m.call", content: _Custom { event_type: "org.matrix.msc3401.call.member" } }), kind: Remote(RemoteEventTimelineItem { event_id: "$6ntCiO3Lsh-BcYI9J0ne4lLqst9vodZVE0mis4A9H1w", transaction_id: None, read_receipts: {}, is_own: false, is_highlighted: false, encryption_info: None, origin: Cache, .. }), is_room_encrypted: true }), internal_id: TimelineUniqueId("1") }, TimelineItem { kind: Event(EventTimelineItem { sender: "@test2:mertis.kz", sender_profile: Ready(Profile { display_name: Some("test2"), display_name_ambiguous: false, avatar_url: Some("mxc://mertis.kz/QWsgHRqMRHUCROVYIpCcqANR") }), forwarder: None, forwarder_profile: None, timestamp: 2026-04-22T07:46:33.341, content: OtherState(OtherState { state_key: "_@test2:mertis.kz_Z4J1wfeukl_m.call", content: _Custom { event_type: "org.matrix.msc3401.call.member" } }), kind: Remote(RemoteEventTimelineItem { event_id: "$_AzVBQv_6yPKlyBPDgwP7IO5MqmVNJeosF06AXt7U-A", transaction_id: None, read_receipts: {}, is_own: true, is_highlighted: false, encryption_info: None, origin: Cache, .. }), is_room_encrypted: true }), internal_id: TimelineUniqueId("2") }, TimelineItem { kind: Event(EventTimelineItem { sender: "@aktau:mertis.kz", sender_profile: Ready(Profile { display_name: Some("aktau"), display_name_ambiguous: false, avatar_url: None }), forwarder: None, forwarder_profile: None, timestamp: 2026-04-22T10:03:37.240, content: OtherState(OtherState { state_key: "_@aktau:mertis.kz_YpCNP4nOHB_m.call", content: _Custom { event_type: "org.matrix.msc3401.call.member" } }), kind: Remote(RemoteEventTimelineItem { event_id: "$O0d_6P9G_ALO46pj4-GZ5ohqopkhOiF-cjwmngCRkvE", transaction_id: None, read_receipts: {}, is_own: false, is_highlighted: false, encryption_info: None, origin: Cache, .. }), is_room_encrypted: true }), internal_id: TimelineUniqueId("3") }, TimelineItem { kind: Event(EventTimelineItem { sender: "@aktau:mertis.kz", sender_profile: Ready(Profile { display_name: Some("aktau"), display_name_ambiguous: false, avatar_url: None }), forwarder: None, forwarder_profile: None, timestamp: 2026-04-22T10:03:38.294, content: RtcNotification, kind: Remote(RemoteEventTimelineItem { event_id: "$NuuuTDSqHji14prikmoy0N3ibcsT71DFBFCSqWon8H8", transaction_id: None, read_receipts: {}, is_own: false, is_highlighted: true, encryption_info: Some(EncryptionInfo { sender: "@aktau:mertis.kz", sender_device: Some("YpCNP4nOHB"), forwarder: None, algorithm_info: MegolmV1AesSha2 { curve25519_key: "qclKLjCEp3jTeD/zItHIIKaEv0aTdsB1s5gmgbVMsB0", sender_claimed_keys: {"ed25519": "KAfRo3S6LTqjsbCoDvyqMR/eFM+30b5wz0PK02bPm5A"}, session_id: Some("p/qvFB6lQzRIUvR69G9j8xtPxM+T3FLV2Pybx3K87Z4") }, verification_state: Unverified(UnsignedDevice) }), origin: Cache, .. }), is_room_encrypted: true }), internal_id: TimelineUniqueId("4") }, TimelineItem { kind: Event(EventTimelineItem { sender: "@test2:mertis.kz", sender_profile: Ready(Profile { display_name: Some("test2"), display_name_ambiguous: false, avatar_url: Some("mxc://mertis.kz/QWsgHRqMRHUCROVYIpCcqANR") }), forwarder: None, forwarder_profile: None, timestamp: 2026-04-22T10:03:43.208, content: OtherState(OtherState { state_key: "_@test2:mertis.kz_Z4J1wfeukl_m.call", content: _Custom { event_type: "org.matrix.msc3401.call.member" } }), kind: Remote(RemoteEventTimelineItem { event_id: "$MXc5VZylfrCyXawikNlTZmJDrz2PIFfujRL5CBj5jSg", transaction_id: None, read_receipts: {}, is_own: true, is_highlighted: false, encryption_info: None, origin: Cache, .. }), is_room_encrypted: true }), internal_id: TimelineUniqueId("5") }, TimelineItem { kind: Event(EventTimelineItem { sender: "@aktau:mertis.kz", sender_profile: Ready(Profile { display_name: Some("aktau"), display_name_ambiguous: false, avatar_url: None }), forwarder: None, forwarder_profile: None, timestamp: 2026-04-22T10:04:12.239, content: OtherState(OtherState { state_key: "_@aktau:mertis.kz_YpCNP4nOHB_m.call", content: _Custom { event_type: "org.matrix.msc3401.call.member" } }), kind: Remote(RemoteEventTimelineItem { event_id: "$V_65A8hHGxScX2vKq9hohAAj037-7dPgp5n9MuYEDYA", transaction_id: None, read_receipts: {}, is_own: false, is_highlighted: false, encryption_info: None, origin: Cache, .. }), is_room_encrypted: true }), internal_id: TimelineUniqueId("6") }, TimelineItem { kind: Event(EventTimelineItem { sender: "@test2:mertis.kz", sender_profile: Ready(Profile { display_name: Some("test2"), display_name_ambiguous: false, avatar_url: Some("mxc://mertis.kz/QWsgHRqMRHUCROVYIpCcqANR") }), forwarder: None, forwarder_profile: None, timestamp: 2026-04-22T10:04:12.574, content: OtherState(OtherState { state_key: "_@test2:mertis.kz_Z4J1wfeukl_m.call", content: _Custom { event_type: "org.matrix.msc3401.call.member" } }), kind: Remote(RemoteEventTimelineItem { event_id: "$BFpOxfif71SXDQWE9VLXdOuqZS7r0fGDRQv7R56ajXk", transaction_id: None, read_receipts: {}, is_own: true, is_highlighted: false, encryption_info: None, origin: Cache, .. }), is_room_encrypted: true }), internal_id: TimelineUniqueId("7") }, TimelineItem { kind: Event(EventTimelineItem { sender: "@aktau:mertis.kz", sender_profile: Ready(Profile { display_name: Some("aktau"), display_name_ambiguous: false, avatar_url: None }), forwarder: None, forwarder_profile: None, timestamp: 2026-04-22T10:24:51.967, content: OtherState(OtherState { state_key: "_@aktau:mertis.kz_YpCNP4nOHB_m.call", content: _Custom { event_type: "org.matrix.msc3401.call.member" } }), kind: Remote(RemoteEventTimelineItem { event_id: "$bFQOjwQW5TQtjKYvx0-Zt_-c_zMfvvlC0OkCqYOHumQ", transaction_id: None, read_receipts: {}, is_own: false, is_highlighted: false, encryption_info: None, origin: Cache, .. }), is_room_encrypted: true }), internal_id: TimelineUniqueId("8") }, TimelineItem { kind: Event(EventTimelineItem { sender: "@aktau:mertis.kz", sender_profile: Ready(Profile { display_name: Some("aktau"), display_name_ambiguous: false, avatar_url: None }), forwarder: None, forwarder_profile: None, timestamp: 2026-04-22T10:24:52.311, content: RtcNotification, kind: Remote(RemoteEventTimelineItem { event_id: "$0kuvLnNGJqQawP9QdoVSdHSm5vfzzfAxbYaAZiCu3d4", transaction_id: None, read_receipts: {}, is_own: false, is_highlighted: true, encryption_info: Some(EncryptionInfo { sender: "@aktau:mertis.kz", sender_device: Some("YpCNP4nOHB"), forwarder: None, algorithm_info: MegolmV1AesSha2 { curve25519_key: "qclKLjCEp3jTeD/zItHIIKaEv0aTdsB1s5gmgbVMsB0", sender_claimed_keys: {"ed25519": "KAfRo3S6LTqjsbCoDvyqMR/eFM+30b5wz0PK02bPm5A"}, session_id: Some("p/qvFB6lQzRIUvR69G9j8xtPxM+T3FLV2Pybx3K87Z4") }, verification_state: Unverified(UnsignedDevice) }), origin: Cache, .. }), is_room_encrypted: true }), internal_id: TimelineUniqueId("9") }, TimelineItem { kind: Event(EventTimelineItem { sender: "@test2:mertis.kz", sender_profile: Ready(Profile { display_name: Some("test2"), display_name_ambiguous: false, avatar_url: Some("mxc://mertis.kz/QWsgHRqMRHUCROVYIpCcqANR") }), forwarder: None, forwarder_profile: None, timestamp: 2026-04-22T10:25:20.306, content: OtherState(OtherState { state_key: "_@test2:mertis.kz_Z4J1wfeukl_m.call", content: _Custom { event_type: "org.matrix.msc3401.call.member" } }), kind: Remote(RemoteEventTimelineItem { event_id: "$SCv5onkinIfj9VPsolIuuZYehU7CFz7Mo4IdEIshUjY", transaction_id: None, read_receipts: {}, is_own: true, is_highlighted: false, encryption_info: None, origin: Cache, .. }), is_room_encrypted: true }), internal_id: TimelineUniqueId("10") }, TimelineItem { kind: Event(EventTimelineItem { sender: "@aktau:mertis.kz", sender_profile: Ready(Profile { display_name: Some("aktau"), display_name_ambiguous: false, avatar_url: None }), forwarder: None, forwarder_profile: None, timestamp: 2026-04-22T10:25:46.980, content: OtherState(OtherState { state_key: "_@aktau:mertis.kz_YpCNP4nOHB_m.call", content: _Custom { event_type: "org.matrix.msc3401.call.member" } }), kind: Remote(RemoteEventTimelineItem { event_id: "$cWRmAFmfVcNNmr9TmBKI866wd1c_KDjyEKJQfl_mj9Y", transaction_id: None, read_receipts: {}, is_own: false, is_highlighted: false, encryption_info: None, origin: Cache, .. }), is_room_encrypted: true }), internal_id: TimelineUniqueId("11") }, TimelineItem { kind: Event(EventTimelineItem { sender: "@test2:mertis.kz", sender_profile: Ready(Profile { display_name: Some("test2"), display_name_ambiguous: false, avatar_url: Some("mxc://mertis.kz/QWsgHRqMRHUCROVYIpCcqANR") }), forwarder: None, forwarder_profile: None, timestamp: 2026-04-22T10:25:47.913, content: OtherState(OtherState { state_key: "_@test2:mertis.kz_Z4J1wfeukl_m.call", content: _Custom { event_type: "org.matrix.msc3401.call.member" } }), kind: Remote(RemoteEventTimelineItem { event_id: "$mVz0Q9bBJL5KvbrN4ltoAl8n11YHXHWv-RKXqOI22cA", transaction_id: None, read_receipts: {}, is_own: true, is_highlighted: false, encryption_info: None, origin: Cache, .. }), is_room_encrypted: true }), internal_id: TimelineUniqueId("12") }, TimelineItem { kind: Event(EventTimelineItem { sender: "@aktau:mertis.kz", sender_profile: Ready(Profile { display_name: Some("aktau"), display_name_ambiguous: false, avatar_url: None }), forwarder: None, forwarder_profile: None, timestamp: 2026-04-22T10:32:26.741, content: OtherState(OtherState { state_key: "_@aktau:mertis.kz_m43kXTw5aX_m.call", content: _Custom { event_type: "org.matrix.msc3401.call.member" } }), kind: Remote(RemoteEventTimelineItem { event_id: "$24hlhxrSXCL6nxOMZMh-FNKn_mJ9kil2iA8DQZqiS_U", transaction_id: None, read_receipts: {}, is_own: false, is_highlighted: false, encryption_info: None, origin: Cache, .. }), is_room_encrypted: true }), internal_id: TimelineUniqueId("13") }, TimelineItem { kind: Event(EventTimelineItem { sender: "@aktau:mertis.kz", sender_profile: Ready(Profile { display_name: Some("aktau"), display_name_ambiguous: false, avatar_url: None }), forwarder: None, forwarder_profile: None, timestamp: 2026-04-22T10:32:28.024, content: RtcNotification, kind: Remote(RemoteEventTimelineItem { event_id: "$JraiJ2pfx1mXpXGZk3v5tGXErdEoZ2sJd2OFs16bts8", transaction_id: None, read_receipts: {}, is_own: false, is_highlighted: true, encryption_info: Some(EncryptionInfo { sender: "@aktau:mertis.kz", sender_device: Some("m43kXTw5aX"), forwarder: None, algorithm_info: MegolmV1AesSha2 { curve25519_key: "54dZhOGAhy2Z7orO1H27pYAZS+XVS0Tc7Vrg2Rl3Pj8", sender_claimed_keys: {"ed25519": "s7D0eTcZXTwa1qL7V8PE8qhST3+zON3eDvC9qfgT2Ls"}, session_id: Some("wBp5YLjOHMkpdAWl1FzRCAt+ThkRVAd32FloOaKw9DE") }, verification_state: Unverified(UnsignedDevice) }), origin: Cache, .. }), is_room_encrypted: true }), internal_id: TimelineUniqueId("14") }, TimelineItem { kind: Event(EventTimelineItem { sender: "@test2:mertis.kz", sender_profile: Ready(Profile { display_name: Some("test2"), display_name_ambiguous: false, avatar_url: Some("mxc://mertis.kz/QWsgHRqMRHUCROVYIpCcqANR") }), forwarder: None, forwarder_profile: None, timestamp: 2026-04-22T10:32:38.448, content: OtherState(OtherState { state_key: "_@test2:mertis.kz_Z4J1wfeukl_m.call", content: _Custom { event_type: "org.matrix.msc3401.call.member" } }), kind: Remote(RemoteEventTimelineItem { event_id: "$RDH51QCceEbx87lQEmfN2oxA_qV0YctaHDH09KKBsyA", transaction_id: None, read_receipts: {}, is_own: true, is_highlighted: false, encryption_info: None, origin: Cache, .. }), is_room_encrypted: true }), internal_id: TimelineUniqueId("15") }, TimelineItem { kind: Event(EventTimelineItem { sender: "@test2:mertis.kz", sender_profile: Ready(Profile { display_name: Some("test2"), display_name_ambiguous: false, avatar_url: Some("mxc://mertis.kz/QWsgHRqMRHUCROVYIpCcqANR") }), forwarder: None, forwarder_profile: None, timestamp: 2026-04-22T10:33:12.818, content: OtherState(OtherState { state_key: "_@test2:mertis.kz_Z4J1wfeukl_m.call", content: _Custom { event_type: "org.matrix.msc3401.call.member" } }), kind: Remote(RemoteEventTimelineItem { event_id: "$q248auZfpLLQ5aRbgj2jgnt2alBCj_6xPs19EZ_mXD4", transaction_id: None, read_receipts: {}, is_own: true, is_highlighted: false, encryption_info: None, origin: Cache, .. }), is_room_encrypted: true }), internal_id: TimelineUniqueId("16") }, TimelineItem { kind: Event(EventTimelineItem { sender: "@aktau:mertis.kz", sender_profile: Ready(Profile { display_name: Some("aktau"), display_name_ambiguous: false, avatar_url: None }), forwarder: None, forwarder_profile: None, timestamp: 2026-04-22T10:33:21.615, content: OtherState(OtherState { state_key: "_@aktau:mertis.kz_m43kXTw5aX_m.call", content: _Custom { event_type: "org.matrix.msc3401.call.member" } }), kind: Remote(RemoteEventTimelineItem { event_id: "$AHWOuuh7NDfrrdmU_4eepYl5tmn0ykTsO-hhZpBWdZM", transaction_id: None, read_receipts: {}, is_own: false, is_highlighted: false, encryption_info: None, origin: Cache, .. }), is_room_encrypted: true }), internal_id: TimelineUniqueId("17") }, TimelineItem { kind: Event(EventTimelineItem { sender: "@aktau:mertis.kz", sender_profile: Ready(Profile { display_name: Some("aktau"), display_name_ambiguous: false, avatar_url: None }), forwarder: None, forwarder_profile: None, timestamp: 2026-04-22T10:33:22.009, content: OtherState(OtherState { state_key: "_@aktau:mertis.kz_m43kXTw5aX_m.call", content: _Custom { event_type: "org.matrix.msc3401.call.member" } }), kind: Remote(RemoteEventTimelineItem { event_id: "$CLdfj20ay0TU8NAyUYeb26cl4qg7Uk81URGNc6_VeZo", transaction_id: None, read_receipts: {}, is_own: false, is_highlighted: false, encryption_info: None, origin: Cache, .. }), is_room_encrypted: true }), internal_id: TimelineUniqueId("18") }, TimelineItem { kind: Event(EventTimelineItem { sender: "@aktau:mertis.kz", sender_profile: Ready(Profile { display_name: Some("aktau"), display_name_ambiguous: false, avatar_url: None }), forwarder: None, forwarder_profile: None, timestamp: 2026-04-22T10:33:22.245, content: RtcNotification, kind: Remote(RemoteEventTimelineItem { event_id: "$VE0JcZzgkFK4vDRLAgsHmglBjv3r0hUDsLWXFitObfg", transaction_id: None, read_receipts: {}, is_own: false, is_highlighted: true, encryption_info: Some(EncryptionInfo { sender: "@aktau:mertis.kz", sender_device: Some("m43kXTw5aX"), forwarder: None, algorithm_info: MegolmV1AesSha2 { curve25519_key: "54dZhOGAhy2Z7orO1H27pYAZS+XVS0Tc7Vrg2Rl3Pj8", sender_claimed_keys: {"ed25519": "s7D0eTcZXTwa1qL7V8PE8qhST3+zON3eDvC9qfgT2Ls"}, session_id: Some("wBp5YLjOHMkpdAWl1FzRCAt+ThkRVAd32FloOaKw9DE") }, verification_state: Unverified(UnsignedDevice) }), origin: Cache, .. }), is_room_encrypted: true }), internal_id: TimelineUniqueId("19") }, TimelineItem { kind: Event(EventTimelineItem { sender: "@test2:mertis.kz", sender_profile: Ready(Profile { display_name: Some("test2"), display_name_ambiguous: false, avatar_url: Some("mxc://mertis.kz/QWsgHRqMRHUCROVYIpCcqANR") }), forwarder: None, forwarder_profile: None, timestamp: 2026-04-22T10:33:33.162, content: OtherState(OtherState { state_key: "_@test2:mertis.kz_Z4J1wfeukl_m.call", content: _Custom { event_type: "org.matrix.msc3401.call.member" } }), kind: Remote(RemoteEventTimelineItem { event_id: "$8XaiFN9g2VyQtOUscSi_WVbVB1wUDJoVbVP2h-p0soY", transaction_id: None, read_receipts: {}, is_own: true, is_highlighted: false, encryption_info: None, origin: Cache, .. }), is_room_encrypted: true }), internal_id: TimelineUniqueId("20") }, TimelineItem { kind: Event(EventTimelineItem { sender: "@aktau:mertis.kz", sender_profile: Ready(Profile { display_name: Some("aktau"), display_name_ambiguous: false, avatar_url: None }), forwarder: None, forwarder_profile: None, timestamp: 2026-04-22T10:33:56.471, content: OtherState(OtherState { state_key: "_@aktau:mertis.kz_m43kXTw5aX_m.call", content: _Custom { event_type: "org.matrix.msc3401.call.member" } }), kind: Remote(RemoteEventTimelineItem { event_id: "$IIC9H5rWBHYZRuN14JtsI1wNbrDipgb9Nn-_CtKKi6o", transaction_id: None, read_receipts: {}, is_own: false, is_highlighted: false, encryption_info: None, origin: Cache, .. }), is_room_encrypted: true }), internal_id: TimelineUniqueId("21") }, TimelineItem { kind: Event(EventTimelineItem { sender: "@test2:mertis.kz", sender_profile: Ready(Profile { display_name: Some("test2"), display_name_ambiguous: false, avatar_url: Some("mxc://mertis.kz/QWsgHRqMRHUCROVYIpCcqANR") }), forwarder: None, forwarder_profile: None, timestamp: 2026-04-22T10:33:58.343, content: OtherState(OtherState { state_key: "_@test2:mertis.kz_Z4J1wfeukl_m.call", content: _Custom { event_type: "org.matrix.msc3401.call.member" } }), kind: Remote(RemoteEventTimelineItem { event_id: "$svW3K8XCWFcIIn44W52Z8c0dn7nD4spkPIE35rySjY4", transaction_id: None, read_receipts: {}, is_own: true, is_highlighted: false, encryption_info: None, origin: Cache, .. }), is_room_encrypted: true }), internal_id: TimelineUniqueId("22") }, TimelineItem { kind: Virtual(ReadMarker), internal_id: TimelineUniqueId("__read_marker") }, TimelineItem { kind: Event(EventTimelineItem { sender: "@aktau:mertis.kz", sender_profile: Ready(Profile { display_name: Some("aktau"), display_name_ambiguous: false, avatar_url: None }), forwarder: None, forwarder_profile: None, timestamp: 2026-04-22T10:42:18.719, content: OtherState(OtherState { state_key: "_@aktau:mertis.kz_m43kXTw5aX_m.call", content: _Custom { event_type: "org.matrix.msc3401.call.member" } }), kind: Remote(RemoteEventTimelineItem { event_id: "$hmQ7JNcmQC40e7_UT9SXrHIb7JCZ_23WwjkajRsPnug", transaction_id: None, read_receipts: {}, is_own: false, is_highlighted: false, encryption_info: None, origin: Cache, .. }), is_room_encrypted: true }), internal_id: TimelineUniqueId("23") }, TimelineItem { kind: Event(EventTimelineItem { sender: "@aktau:mertis.kz", sender_profile: Ready(Profile { display_name: Some("aktau"), display_name_ambiguous: false, avatar_url: None }), forwarder: None, forwarder_profile: None, timestamp: 2026-04-22T10:42:19.138, content: RtcNotification, kind: Remote(RemoteEventTimelineItem { event_id: "$p6zS1MBFbmNXdClD-W0cnbFS5haIngNpLo1f7WaPsAc", transaction_id: None, read_receipts: {}, is_own: false, is_highlighted: true, encryption_info: Some(EncryptionInfo { sender: "@aktau:mertis.kz", sender_device: Some("m43kXTw5aX"), forwarder: None, algorithm_info: MegolmV1AesSha2 { curve25519_key: "54dZhOGAhy2Z7orO1H27pYAZS+XVS0Tc7Vrg2Rl3Pj8", sender_claimed_keys: {"ed25519": "s7D0eTcZXTwa1qL7V8PE8qhST3+zON3eDvC9qfgT2Ls"}, session_id: Some("wBp5YLjOHMkpdAWl1FzRCAt+ThkRVAd32FloOaKw9DE") }, verification_state: Unverified(UnsignedDevice) }), origin: Cache, .. }), is_room_encrypted: true }), internal_id: TimelineUniqueId("24") }, TimelineItem { kind: Event(EventTimelineItem { sender: "@test2:mertis.kz", sender_profile: Ready(Profile { display_name: Some("test2"), display_name_ambiguous: false, avatar_url: Some("mxc://mertis.kz/QWsgHRqMRHUCROVYIpCcqANR") }), forwarder: None, forwarder_profile: None, timestamp: 2026-04-22T10:42:24.757, content: OtherState(OtherState { state_key: "_@test2:mertis.kz_Z4J1wfeukl_m.call", content: _Custom { event_type: "org.matrix.msc3401.call.member" } }), kind: Remote(RemoteEventTimelineItem { event_id: "$1M3mMY00tF-RxADVTTBdTusKCiywzvyvsR0P8r25bAo", transaction_id: None, read_receipts: {}, is_own: true, is_highlighted: false, encryption_info: None, origin: Cache, .. }), is_room_encrypted: true }), internal_id: TimelineUniqueId("25") }, TimelineItem { kind: Event(EventTimelineItem { sender: "@aktau:mertis.kz", sender_profile: Ready(Profile { display_name: Some("aktau"), display_name_ambiguous: false, avatar_url: None }), forwarder: None, forwarder_profile: None, timestamp: 2026-04-22T10:42:48.973, content: OtherState(OtherState { state_key: "_@aktau:mertis.kz_m43kXTw5aX_m.call", content: _Custom { event_type: "org.matrix.msc3401.call.member" } }), kind: Remote(RemoteEventTimelineItem { event_id: "$3-74508g_S76vDJLR6De-6srKMkGjQ-ur6HOVv8Knoo", transaction_id: None, read_receipts: {}, is_own: false, is_highlighted: false, encryption_info: None, origin: Cache, .. }), is_room_encrypted: true }), internal_id: TimelineUniqueId("26") }, TimelineItem { kind: Event(EventTimelineItem { sender: "@test2:mertis.kz", sender_profile: Ready(Profile { display_name: Some("test2"), display_name_ambiguous: false, avatar_url: Some("mxc://mertis.kz/QWsgHRqMRHUCROVYIpCcqANR") }), forwarder: None, forwarder_profile: None, timestamp: 2026-04-22T10:42:51.972, content: OtherState(OtherState { state_key: "_@test2:mertis.kz_Z4J1wfeukl_m.call", content: _Custom { event_type: "org.matrix.msc3401.call.member" } }), kind: Remote(RemoteEventTimelineItem { event_id: "$PkA_Aqdt1oqAx7zkTXzsB-rYKEgU0paK3z5dP3dWOR0", transaction_id: None, read_receipts: {}, is_own: true, is_highlighted: false, encryption_info: None, origin: Cache, .. }), is_room_encrypted: true }), internal_id: TimelineUniqueId("27") }, TimelineItem { kind: Event(EventTimelineItem { sender: "@aktau:mertis.kz", sender_profile: Ready(Profile { display_name: Some("aktau"), display_name_ambiguous: false, avatar_url: None }), forwarder: None, forwarder_profile: None, timestamp: 2026-04-22T10:53:36.177, content: OtherState(OtherState { state_key: "_@aktau:mertis.kz_dxm67jVLyu_m.call", content: _Custom { event_type: "org.matrix.msc3401.call.member" } }), kind: Remote(RemoteEventTimelineItem { event_id: "$uhOhuQKqkBXRWoN1ivf3pRLMFXVzOSqp3SG0rstPq5o", transaction_id: None, read_receipts: {}, is_own: false, is_highlighted: false, encryption_info: None, origin: Cache, .. }), is_room_encrypted: true }), internal_id: TimelineUniqueId("28") }, TimelineItem { kind: Event(EventTimelineItem { sender: "@aktau:mertis.kz", sender_profile: Ready(Profile { display_name: Some("aktau"), display_name_ambiguous: false, avatar_url: None }), forwarder: None, forwarder_profile: None, timestamp: 2026-04-22T10:53:37.370, content: RtcNotification, kind: Remote(RemoteEventTimelineItem { event_id: "$mIG2jkSLdY9uRxcUFu_7bcJUwR6nI4L7EaF1MQnAhck", transaction_id: None, read_receipts: {}, is_own: false, is_highlighted: true, encryption_info: Some(EncryptionInfo { sender: "@aktau:mertis.kz", sender_device: Some("dxm67jVLyu"), forwarder: None, algorithm_info: MegolmV1AesSha2 { curve25519_key: "efvOaiCqOWXWWQfN14/MRFs6cbJBbQZGvJeBDN3c720", sender_claimed_keys: {"ed25519": "pOP0R2ZW/E2ro3edzZQ7eYqu/+tRYfg06sAly9C2qUY"}, session_id: Some("/qELjnLFcGyZXgSa6TDnHsjUCAWWWKC0jcvQI0to9to") }, verification_state: Unverified(UnsignedDevice) }), origin: Cache, .. }), is_room_encrypted: true }), internal_id: TimelineUniqueId("29") }, TimelineItem { kind: Event(EventTimelineItem { sender: "@test2:mertis.kz", sender_profile: Ready(Profile { display_name: Some("test2"), display_name_ambiguous: false, avatar_url: Some("mxc://mertis.kz/QWsgHRqMRHUCROVYIpCcqANR") }), forwarder: None, forwarder_profile: None, timestamp: 2026-04-22T10:53:42.195, content: OtherState(OtherState { state_key: "_@test2:mertis.kz_Z4J1wfeukl_m.call", content: _Custom { event_type: "org.matrix.msc3401.call.member" } }), kind: Remote(RemoteEventTimelineItem { event_id: "$W3lVXRh8aGgt2kM45fXUNPDdQMIUQK1kN_6aRHXMXR0", transaction_id: None, read_receipts: {}, is_own: true, is_highlighted: false, encryption_info: None, origin: Cache, .. }), is_room_encrypted: true }), internal_id: TimelineUniqueId("30") }, TimelineItem { kind: Event(EventTimelineItem { sender: "@aktau:mertis.kz", sender_profile: Ready(Profile { display_name: Some("aktau"), display_name_ambiguous: false, avatar_url: None }), forwarder: None, forwarder_profile: None, timestamp: 2026-04-22T10:54:06.388, content: OtherState(OtherState { state_key: "_@aktau:mertis.kz_dxm67jVLyu_m.call", content: _Custom { event_type: "org.matrix.msc3401.call.member" } }), kind: Remote(RemoteEventTimelineItem { event_id: "$a6KB0AU_s49kSQml-HYkpYl4_pxNnD7gJiYPPzK7Fww", transaction_id: None, read_receipts: {}, is_own: false, is_highlighted: false, encryption_info: None, origin: Cache, .. }), is_room_encrypted: true }), internal_id: TimelineUniqueId("31") }, TimelineItem { kind: Event(EventTimelineItem { sender: "@test2:mertis.kz", sender_profile: Ready(Profile { display_name: Some("test2"), display_name_ambiguous: false, avatar_url: Some("mxc://mertis.kz/QWsgHRqMRHUCROVYIpCcqANR") }), forwarder: None, forwarder_profile: None, timestamp: 2026-04-22T10:54:06.684, content: OtherState(OtherState { state_key: "_@test2:mertis.kz_Z4J1wfeukl_m.call", content: _Custom { event_type: "org.matrix.msc3401.call.member" } }), kind: Remote(RemoteEventTimelineItem { event_id: "$xruHugAn86xze2f0qB0sgV8Y8Wf9TJEkxB01OKqFOmo", transaction_id: None, read_receipts: {}, is_own: true, is_highlighted: false, encryption_info: None, origin: Cache, .. }), is_room_encrypted: true }), internal_id: TimelineUniqueId("32") }, TimelineItem { kind: Event(EventTimelineItem { sender: "@aktau:mertis.kz", sender_profile: Ready(Profile { display_name: Some("aktau"), display_name_ambiguous: false, avatar_url: None }), forwarder: None, forwarder_profile: None, timestamp: 2026-04-22T10:59:04.352, content: OtherState(OtherState { state_key: "_@aktau:mertis.kz_dxm67jVLyu_m.call", content: _Custom { event_type: "org.matrix.msc3401.call.member" } }), kind: Remote(RemoteEventTimelineItem { event_id: "$LP5TpBsDyt_XKwqo7V9lpIAcCmRzFF2WQPhEHpOqu94", transaction_id: None, read_receipts: {"@aktau:mertis.kz": Receipt { ts: Some(2026-04-22T10:59:04.352), thread: Unthreaded }}, is_own: false, is_highlighted: false, encryption_info: None, origin: Cache, .. }), is_room_encrypted: true }), internal_id: TimelineUniqueId("33") }, TimelineItem { kind: Event(EventTimelineItem { sender: "@aktau:mertis.kz", sender_profile: Ready(Profile { display_name: Some("aktau"), display_name_ambiguous: false, avatar_url: None }), forwarder: None, forwarder_profile: None, timestamp: 2026-04-22T10:59:04.352, content: OtherState(OtherState { state_key: "_@aktau:mertis.kz_dxm67jVLyu_m.call", content: _Custom { event_type: "org.matrix.msc3401.call.member" } }), kind: Remote(RemoteEventTimelineItem { event_id: "$LP5TpBsDyt_XKwqo7V9lpIAcCmRzFF2WQPhEHpOqu94", transaction_id: None, read_receipts: {"@aktau:mertis.kz": Receipt { ts: Some(2026-04-22T10:59:04.352), thread: Unthreaded }}, is_own: false, is_highlighted: false, encryption_info: None, origin: Sync, .. }), is_room_encrypted: true }), internal_id: TimelineUniqueId("35") }], .. }, all_remote_events: AllRemoteEvents([EventMeta { event_id: "$FNwFmTGImdtqD011_xf2WSZNIarYLHVmcsi6MNTgHW8", thread_root_id: None, visible: true, can_show_read_receipts: true, timeline_item_index: Some(1) }, EventMeta { event_id: "$6ntCiO3Lsh-BcYI9J0ne4lLqst9vodZVE0mis4A9H1w", thread_root_id: None, visible: true, can_show_read_receipts: true, timeline_item_index: Some(2) }, EventMeta { event_id: "$_AzVBQv_6yPKlyBPDgwP7IO5MqmVNJeosF06AXt7U-A", thread_root_id: None, visible: true, can_show_read_receipts: true, timeline_item_index: Some(3) }, EventMeta { event_id: "$O0d_6P9G_ALO46pj4-GZ5ohqopkhOiF-cjwmngCRkvE", thread_root_id: None, visible: true, can_show_read_receipts: true, timeline_item_index: Some(4) }, EventMeta { event_id: "$NuuuTDSqHji14prikmoy0N3ibcsT71DFBFCSqWon8H8", thread_root_id: None, visible: true, can_show_read_receipts: true, timeline_item_index: Some(5) }, EventMeta { event_id: "$MXc5VZylfrCyXawikNlTZmJDrz2PIFfujRL5CBj5jSg", thread_root_id: None, visible: true, can_show_read_receipts: true, timeline_item_index: Some(6) }, EventMeta { event_id: "$V_65A8hHGxScX2vKq9hohAAj037-7dPgp5n9MuYEDYA", thread_root_id: None, visible: true, can_show_read_receipts: true, timeline_item_index: Some(7) }, EventMeta { event_id: "$BFpOxfif71SXDQWE9VLXdOuqZS7r0fGDRQv7R56ajXk", thread_root_id: None, visible: true, can_show_read_receipts: true, timeline_item_index: Some(8) }, EventMeta { event_id: "$bFQOjwQW5TQtjKYvx0-Zt_-c_zMfvvlC0OkCqYOHumQ", thread_root_id: None, visible: true, can_show_read_receipts: true, timeline_item_index: Some(9) }, EventMeta { event_id: "$0kuvLnNGJqQawP9QdoVSdHSm5vfzzfAxbYaAZiCu3d4", thread_root_id: None, visible: true, can_show_read_receipts: true, timeline_item_index: Some(10) }, EventMeta { event_id: "$SCv5onkinIfj9VPsolIuuZYehU7CFz7Mo4IdEIshUjY", thread_root_id: None, visible: true, can_show_read_receipts: true, timeline_item_index: Some(11) }, EventMeta { event_id: "$cWRmAFmfVcNNmr9TmBKI866wd1c_KDjyEKJQfl_mj9Y", thread_root_id: None, visible: true, can_show_read_receipts: true, timeline_item_index: Some(12) }, EventMeta { event_id: "$mVz0Q9bBJL5KvbrN4ltoAl8n11YHXHWv-RKXqOI22cA", thread_root_id: None, visible: true, can_show_read_receipts: true, timeline_item_index: Some(13) }, EventMeta { event_id: "$24hlhxrSXCL6nxOMZMh-FNKn_mJ9kil2iA8DQZqiS_U", thread_root_id: None, visible: true, can_show_read_receipts: true, timeline_item_index: Some(14) }, EventMeta { event_id: "$JraiJ2pfx1mXpXGZk3v5tGXErdEoZ2sJd2OFs16bts8", thread_root_id: None, visible: true, can_show_read_receipts: true, timeline_item_index: Some(15) }, EventMeta { event_id: "$RDH51QCceEbx87lQEmfN2oxA_qV0YctaHDH09KKBsyA", thread_root_id: None, visible: true, can_show_read_receipts: true, timeline_item_index: Some(16) }, EventMeta { event_id: "$q248auZfpLLQ5aRbgj2jgnt2alBCj_6xPs19EZ_mXD4", thread_root_id: None, visible: true, can_show_read_receipts: true, timeline_item_index: Some(17) }, EventMeta { event_id: "$AHWOuuh7NDfrrdmU_4eepYl5tmn0ykTsO-hhZpBWdZM", thread_root_id: None, visible: true, can_show_read_receipts: true, timeline_item_index: Some(18) }, EventMeta { event_id: "$CLdfj20ay0TU8NAyUYeb26cl4qg7Uk81URGNc6_VeZo", thread_root_id: None, visible: true, can_show_read_receipts: true, timeline_item_index: Some(19) }, EventMeta { event_id: "$VE0JcZzgkFK4vDRLAgsHmglBjv3r0hUDsLWXFitObfg", thread_root_id: None, visible: true, can_show_read_receipts: true, timeline_item_index: Some(20) }, EventMeta { event_id: "$8XaiFN9g2VyQtOUscSi_WVbVB1wUDJoVbVP2h-p0soY", thread_root_id: None, visible: true, can_show_read_receipts: true, timeline_item_index: Some(21) }, EventMeta { event_id: "$IIC9H5rWBHYZRuN14JtsI1wNbrDipgb9Nn-_CtKKi6o", thread_root_id: None, visible: true, can_show_read_receipts: true, timeline_item_index: Some(22) }, EventMeta { event_id: "$svW3K8XCWFcIIn44W52Z8c0dn7nD4spkPIE35rySjY4", thread_root_id: None, visible: true, can_show_read_receipts: true, timeline_item_index: Some(23) }, EventMeta { event_id: "$hmQ7JNcmQC40e7_UT9SXrHIb7JCZ_23WwjkajRsPnug", thread_root_id: None, visible: true, can_show_read_receipts: true, timeline_item_index: Some(25) }, EventMeta { event_id: "$p6zS1MBFbmNXdClD-W0cnbFS5haIngNpLo1f7WaPsAc", thread_root_id: None, visible: true, can_show_read_receipts: true, timeline_item_index: Some(26) }, EventMeta { event_id: "$1M3mMY00tF-RxADVTTBdTusKCiywzvyvsR0P8r25bAo", thread_root_id: None, visible: true, can_show_read_receipts: true, timeline_item_index: Some(27) }, EventMeta { event_id: "$3-74508g_S76vDJLR6De-6srKMkGjQ-ur6HOVv8Knoo", thread_root_id: None, visible: true, can_show_read_receipts: true, timeline_item_index: Some(28) }, EventMeta { event_id: "$PkA_Aqdt1oqAx7zkTXzsB-rYKEgU0paK3z5dP3dWOR0", thread_root_id: None, visible: true, can_show_read_receipts: true, timeline_item_index: Some(29) }, EventMeta { event_id: "$uhOhuQKqkBXRWoN1ivf3pRLMFXVzOSqp3SG0rstPq5o", thread_root_id: None, visible: true, can_show_read_receipts: true, timeline_item_index: Some(30) }, EventMeta { event_id: "$mIG2jkSLdY9uRxcUFu_7bcJUwR6nI4L7EaF1MQnAhck", thread_root_id: None, visible: true, can_show_read_receipts: true, timeline_item_index: Some(31) }, EventMeta { event_id: "$W3lVXRh8aGgt2kM45fXUNPDdQMIUQK1kN_6aRHXMXR0", thread_root_id: None, visible: true, can_show_read_receipts: true, timeline_item_index: Some(32) }, EventMeta { event_id: "$a6KB0AU_s49kSQml-HYkpYl4_pxNnD7gJiYPPzK7Fww", thread_root_id: None, visible: true, can_show_read_receipts: true, timeline_item_index: Some(33) }, EventMeta { event_id: "$xruHugAn86xze2f0qB0sgV8Y8Wf9TJEkxB01OKqFOmo", thread_root_id: None, visible: true, can_show_read_receipts: true, timeline_item_index: Some(34) }, EventMeta { event_id: "$LP5TpBsDyt_XKwqo7V9lpIAcCmRzFF2WQPhEHpOqu94", thread_root_id: None, visible: true, can_show_read_receipts: true, timeline_item_index: Some(35) }, EventMeta { event_id: "$LP5TpBsDyt_XKwqo7V9lpIAcCmRzFF2WQPhEHpOqu94", thread_root_id: None, visible: true, can_show_read_receipts: true, timeline_item_index: Some(36) }]) } | crates/matrix-sdk-ui/src/timeline/controller/state_transaction.rs:464 | spans: live_update_handler{room_id="!jFGCYbgmpjrPGtgDqt:mertis.kz" focus="live"}
2026-04-22T10:59:04.543725Z  INFO elementx: Call session 40AB22FF-0045-42AA-95A4-F5169D5CA252 transition idle -> incoming_ringing on invite | ElementCallService.swift:948 | spans: root
2026-04-22T10:59:04.544047Z ERROR elementx: Transaction not started or already finished | Signposter.swift:82 | spans: root
2026-04-22T10:59:04.544538Z ERROR elementx: Received background task early termination | ClientProxy.swift:247 | spans: root
2026-04-22T10:59:04.556295Z ERROR elementx: Received background task early termination | ClientProxy.swift:247 | spans: root
2026-04-22T10:59:04.559453Z ERROR elementx: Received background task early termination | ClientProxy.swift:247 | spans: root
2026-04-22T10:59:04.560896Z ERROR elementx: Received background task early termination | ClientProxy.swift:247 | spans: root
2026-04-22T10:59:04.562942Z ERROR elementx: Received background task early termination | ClientProxy.swift:247 | spans: root
2026-04-22T10:59:04.563930Z  INFO elementx: [CALL-END-TRACE][REMOTE-TERMINAL-FILTER] room_id=!jFGCYbgmpjrPGtgDqt:mertis.kz local_trace_id=unknown widget_id=unknown callkit_id=FA093AF8-2C96-45A8-A971-39D985A7E406 decision=rejected reason=timestamp_before_started_at_window event_ts=2026-04-22T10:53:37Z threshold_ts=2026-04-22T10:58:59Z | ElementCallService.swift:1826 | spans: root
2026-04-22T10:59:04.564626Z  INFO elementx: [CALL-END-TRACE][REMOTE-TERMINAL-FILTER] room_id=!jFGCYbgmpjrPGtgDqt:mertis.kz local_trace_id=unknown widget_id=unknown callkit_id=FA093AF8-2C96-45A8-A971-39D985A7E406 decision=rejected reason=timestamp_before_started_at_window event_ts=2026-04-22T10:42:19Z threshold_ts=2026-04-22T10:58:59Z | ElementCallService.swift:1826 | spans: root
2026-04-22T10:59:04.565244Z  INFO elementx: [CALL-END-TRACE][REMOTE-TERMINAL-FILTER] room_id=!jFGCYbgmpjrPGtgDqt:mertis.kz local_trace_id=unknown widget_id=unknown callkit_id=FA093AF8-2C96-45A8-A971-39D985A7E406 decision=rejected reason=timestamp_before_started_at_window event_ts=2026-04-22T10:33:22Z threshold_ts=2026-04-22T10:58:59Z | ElementCallService.swift:1826 | spans: root
2026-04-22T10:59:04.565853Z  INFO elementx: [CALL-END-TRACE][REMOTE-TERMINAL-FILTER] room_id=!jFGCYbgmpjrPGtgDqt:mertis.kz local_trace_id=unknown widget_id=unknown callkit_id=FA093AF8-2C96-45A8-A971-39D985A7E406 decision=rejected reason=timestamp_before_started_at_window event_ts=2026-04-22T10:32:28Z threshold_ts=2026-04-22T10:58:59Z | ElementCallService.swift:1826 | spans: root
2026-04-22T10:59:04.566744Z  WARN elementx: Decline: No RTC notification ID found for the incoming call. | ElementCallService.swift:1254 | spans: root
2026-04-22T10:59:04.585966Z  INFO elementx: Starting sync | ClientProxy.swift:442 | spans: root
2026-04-22T10:59:04.832354Z DEBUG matrix_sdk::http_client: Got response | crates/matrix-sdk/src/http_client/mod.rs:214 | spans: root > next_sync_with_lock{store_generation=11} > sync_once{conn_id="encryption" pos="0/s1136_6524_62_153_270_1_281_236_0_1_1_1" timeout=30000} > send{request_id="REQ-25" method=POST uri="https://matrix.mertis.kz/_matrix/client/unstable/org.matrix.simplified_msc3575/sync" request_size="106B" status=200 response_size="282B" request_duration=329.201166ms}
2026-04-22T10:59:04.835497Z DEBUG matrix_sdk::http_client::native: Sending request num_attempt=1 | crates/matrix-sdk/src/http_client/native.rs:78 | spans: root > next_sync_with_lock{store_generation=11} > sync_once{conn_id="encryption" pos="0/s1137_6524_62_153_270_1_281_236_0_1_1_1" timeout=30000} > send{request_id="REQ-27" method=POST uri="https://matrix.mertis.kz/_matrix/client/unstable/org.matrix.simplified_msc3575/sync" request_size="106B"}
2026-04-22T10:59:04.835554Z DEBUG matrix_sdk_crypto::session_manager::sessions: Collected user/device pairs that are missing an Olm session missing_session_devices_by_user={} timed_out_devices_by_user={} | crates/matrix-sdk-crypto/src/session_manager/sessions.rs:285 | spans: root > next_sync_with_lock{store_generation=11} > sync_once{conn_id="encryption" pos="0/s1137_6524_62_153_270_1_281_236_0_1_1_1" timeout=30000} > send_outgoing_requests > get_missing_sessions
2026-04-22T10:59:04.842441Z DEBUG matrix_sdk::http_client: Got response | crates/matrix-sdk/src/http_client/mod.rs:214 | spans: root > sync_once{conn_id="room-list" pos="581/s1136_6524_62_153_270_1_281_236_0_1_1_1" timeout=30000} > send{request_id="REQ-26" method=POST uri="https://matrix.mertis.kz/_matrix/client/unstable/org.matrix.simplified_msc3575/sync" request_size="646B" status=200 response_size="1.6k" request_duration=311.431417ms}
2026-04-22T10:59:04.844207Z DEBUG matrix_sdk_base::response_processors::account_data::global: Found direct room data in the Store, applying it | crates/matrix-sdk-base/src/response_processors/account_data/global.rs:147 | spans: root > sync_once{conn_id="room-list" pos="581/s1136_6524_62_153_270_1_281_236_0_1_1_1" timeout=30000} > handle_response
2026-04-22T10:59:04.845541Z  INFO elementx: Received room list update: running | ClientProxy.swift:1143 | spans: root
2026-04-22T10:59:04.845971Z DEBUG matrix_sdk::http_client::native: Sending request num_attempt=1 | crates/matrix-sdk/src/http_client/native.rs:78 | spans: root > sync_once{conn_id="room-list" pos="581/s1137_6524_62_153_270_1_281_236_0_1_1_1" timeout=30000} > send{request_id="REQ-28" method=POST uri="https://matrix.mertis.kz/_matrix/client/unstable/org.matrix.simplified_msc3575/sync" request_size="646B"}
2026-04-22T10:59:04.850829Z ERROR elementx: Received background task early termination | ClientProxy.swift:247 | spans: root
2026-04-22T10:59:04.851100Z ERROR elementx: Received background task early termination | ClientProxy.swift:247 | spans: root
2026-04-22T10:59:04.851295Z ERROR elementx: Received background task early termination | ClientProxy.swift:247 | spans: root
2026-04-22T10:59:04.863319Z ERROR elementx: Received background task early termination | ClientProxy.swift:247 | spans: root
2026-04-22T10:59:04.863349Z ERROR elementx: Received background task early termination | ClientProxy.swift:247 | spans: root
2026-04-22T10:59:06.827483Z  INFO elementx: Call session 40AB22FF-0045-42AA-95A4-F5169D5CA252 transition incoming_ringing -> accepted on accept | ElementCallService.swift:948 | spans: root
2026-04-22T10:59:07.030856Z  INFO elementx: Call provider did activate audio session | ElementCallService.swift:565 | spans: root
2026-04-22T10:59:07.870026Z ERROR elementx: Transaction not started or already finished | Signposter.swift:82 | spans: root
2026-04-22T10:59:07.922124Z DEBUG matrix_sdk::http_client::native: Sending request num_attempt=1 | crates/matrix-sdk/src/http_client/native.rs:78 | spans: root > send{request_id="REQ-29" method=GET uri="https://matrix.mertis.kz/_matrix/client/v3/profile/@test2:mertis.kz"}
2026-04-22T10:59:07.944762Z ERROR elementx: Received background task early termination | ClientProxy.swift:247 | spans: root
2026-04-22T10:59:07.991504Z  INFO elementx: Call provider did deactivate audio session | ElementCallService.swift:569 | spans: root
2026-04-22T10:59:08.064936Z DEBUG matrix_sdk::http_client: Got response | crates/matrix-sdk/src/http_client/mod.rs:214 | spans: root > send{request_id="REQ-29" method=GET uri="https://matrix.mertis.kz/_matrix/client/v3/profile/@test2:mertis.kz" status=200 response_size="79B" request_duration=142.745292ms}
2026-04-22T10:59:08.065302Z  INFO elementx: Call session 1BEBFE31-68FA-4545-83D5-67FE833E47E0 transition idle -> incoming_ringing on invite | ElementCallService.swift:948 | spans: root
2026-04-22T10:59:08.065319Z  INFO elementx: Call session 1BEBFE31-68FA-4545-83D5-67FE833E47E0 transition incoming_ringing -> accepted on accept | ElementCallService.swift:948 | spans: root
2026-04-22T10:59:08.065966Z ERROR elementx: Transaction not started or already finished | Signposter.swift:82 | spans: root
2026-04-22T10:59:08.069557Z ERROR elementx: Received background task early termination | ClientProxy.swift:247 | spans: root
2026-04-22T10:59:08.110435Z ERROR elementx: Accessed timeline item provider before subscribing for updates. | TimelineProxy.swift:32 | spans: root
2026-04-22T10:59:08.135837Z ERROR elementx: Accessed timeline item provider before subscribing for updates. | TimelineProxy.swift:32 | spans: root
2026-04-22T10:59:08.136736Z ERROR elementx: Transaction not started or already finished | Signposter.swift:82 | spans: root
2026-04-22T10:59:08.140596Z ERROR elementx: Accessed timeline item provider before subscribing for updates. | TimelineProxy.swift:32 | spans: root
2026-04-22T10:59:08.140718Z ERROR elementx: Accessed timeline item provider before subscribing for updates. | TimelineProxy.swift:32 | spans: root
2026-04-22T10:59:08.141101Z ERROR elementx: Received background task early termination | ClientProxy.swift:247 | spans: root
2026-04-22T10:59:08.213782Z  INFO elementx: URL changed to: file:///var/containers/Bundle/Application/6C46F673-542B-4BB5-86F8-2423552DBF16/SalemX.app/EmbeddedElementCall_EmbeddedElementCall.bundle/dist/index.html?controlledAudioDevices=false&header=none&showControls=false&hideScreensharing=true#?userId=@test2:mertis.kz&roomId=!jFGCYbgmpjrPGtgDqt:mertis.kz&widgetId=99E0E669-7687-4F4F-97D0-05B54F1C1F38&displayName=test2&lang=ru-KZ&theme=dark&clientId=kz.salemx.msg&deviceId=Z4J1wfeukl&baseUrl=https://matrix.mertis.kz/&parentUrl=file:///var/containers/Bundle/Application/6C46F673-542B-4BB5-86F8-2423552DBF16/SalemX.app/EmbeddedElementCall_EmbeddedElementCall.bundle/dist/index.html&perParticipantE2EE=true&intent=start_call_dm&rageshakeSubmitUrl=https://rageshake.localhost/submit&controlledAudioDevices=false&header=none&showControls=false&hideScreensharing=true | CallScreenViewModel.swift:181 | spans: root
2026-04-22T10:59:08.310115Z  INFO elementx: [CALL-END-TRACE][SENDER-BRIDGE-ENTRY] method=ElementCallWidgetDriver.handleMessage room_id=!jFGCYbgmpjrPGtgDqt:mertis.kz local_trace_id=unknown widget_id=99E0E669-7687-4F4F-97D0-05B54F1C1F38 callkit_id=unknown message_type=supported_api_versions message_direction=fromWidget | ElementCallWidgetDriver.swift:196 | spans: root
2026-04-22T10:59:08.321012Z  INFO elementx: [CALL-END-TRACE][SENDER-BRIDGE-ENTRY] method=ElementCallWidgetDriver.handleMessage room_id=!jFGCYbgmpjrPGtgDqt:mertis.kz local_trace_id=unknown widget_id=99E0E669-7687-4F4F-97D0-05B54F1C1F38 callkit_id=unknown message_type=content_loaded message_direction=fromWidget | ElementCallWidgetDriver.swift:196 | spans: root
2026-04-22T10:59:08.356134Z  INFO elementx: [CALL-END-TRACE][SENDER-BRIDGE-ENTRY] method=ElementCallWidgetDriver.handleMessage room_id=!jFGCYbgmpjrPGtgDqt:mertis.kz local_trace_id=unknown widget_id=99E0E669-7687-4F4F-97D0-05B54F1C1F38 callkit_id=unknown message_type=capabilities message_direction=toWidget | ElementCallWidgetDriver.swift:196 | spans: root
2026-04-22T10:59:08.365799Z  INFO elementx: [CALL-END-TRACE][SENDER-BRIDGE-ENTRY] method=ElementCallWidgetDriver.handleMessage room_id=!jFGCYbgmpjrPGtgDqt:mertis.kz local_trace_id=unknown widget_id=99E0E669-7687-4F4F-97D0-05B54F1C1F38 callkit_id=unknown message_type=notify_capabilities message_direction=toWidget | ElementCallWidgetDriver.swift:196 | spans: root
2026-04-22T10:59:08.365817Z  INFO elementx: [CALL-END-TRACE][SENDER-BRIDGE-ENTRY] method=ElementCallWidgetDriver.handleMessage room_id=!jFGCYbgmpjrPGtgDqt:mertis.kz local_trace_id=unknown widget_id=99E0E669-7687-4F4F-97D0-05B54F1C1F38 callkit_id=unknown message_type=update_state message_direction=toWidget | ElementCallWidgetDriver.swift:196 | spans: root
2026-04-22T10:59:08.669737Z  INFO elementx: [CALL-END-TRACE][SENDER-BRIDGE-ENTRY] method=ElementCallWidgetDriver.handleMessage room_id=!jFGCYbgmpjrPGtgDqt:mertis.kz local_trace_id=unknown widget_id=99E0E669-7687-4F4F-97D0-05B54F1C1F38 callkit_id=unknown message_type=get_openid message_direction=fromWidget | ElementCallWidgetDriver.swift:196 | spans: root
2026-04-22T10:59:08.670076Z  INFO elementx: [CALL-END-TRACE][SENDER-BRIDGE-ENTRY] method=ElementCallWidgetDriver.handleMessage room_id=!jFGCYbgmpjrPGtgDqt:mertis.kz local_trace_id=unknown widget_id=99E0E669-7687-4F4F-97D0-05B54F1C1F38 callkit_id=unknown message_type=get_openid message_direction=fromWidget | ElementCallWidgetDriver.swift:196 | spans: root
2026-04-22T10:59:08.675166Z DEBUG matrix_sdk::http_client::native: Sending request num_attempt=1 | crates/matrix-sdk/src/http_client/native.rs:78 | spans: root > send{request_id="REQ-30" method=POST uri="https://matrix.mertis.kz/_matrix/client/v3/user/@test2:mertis.kz/openid/request_token" request_size="2B"}
2026-04-22T10:59:08.676730Z  INFO elementx: [CALL-END-TRACE][SENDER-BRIDGE-ENTRY] method=ElementCallWidgetDriver.handleMessage room_id=!jFGCYbgmpjrPGtgDqt:mertis.kz local_trace_id=unknown widget_id=99E0E669-7687-4F4F-97D0-05B54F1C1F38 callkit_id=unknown message_type=get_openid message_direction=fromWidget | ElementCallWidgetDriver.swift:196 | spans: root
2026-04-22T10:59:08.780376Z DEBUG matrix_sdk::http_client: Got response | crates/matrix-sdk/src/http_client/mod.rs:214 | spans: root > send{request_id="REQ-30" method=POST uri="https://matrix.mertis.kz/_matrix/client/v3/user/@test2:mertis.kz/openid/request_token" request_size="2B" status=200 response_size="116B" request_duration=102.381875ms}
2026-04-22T10:59:08.780924Z DEBUG matrix_sdk::http_client::native: Sending request num_attempt=1 | crates/matrix-sdk/src/http_client/native.rs:78 | spans: root > send{request_id="REQ-31" method=POST uri="https://matrix.mertis.kz/_matrix/client/v3/user/@test2:mertis.kz/openid/request_token" request_size="2B"}
2026-04-22T10:59:08.858723Z DEBUG matrix_sdk::http_client: Got response | crates/matrix-sdk/src/http_client/mod.rs:214 | spans: root > send{request_id="REQ-31" method=POST uri="https://matrix.mertis.kz/_matrix/client/v3/user/@test2:mertis.kz/openid/request_token" request_size="2B" status=200 response_size="116B" request_duration=77.707833ms}
2026-04-22T10:59:08.858855Z DEBUG matrix_sdk::http_client::native: Sending request num_attempt=1 | crates/matrix-sdk/src/http_client/native.rs:78 | spans: root > send{request_id="REQ-32" method=POST uri="https://matrix.mertis.kz/_matrix/client/v3/user/@test2:mertis.kz/openid/request_token" request_size="2B"}
2026-04-22T10:59:08.910780Z DEBUG matrix_sdk::http_client: Got response | crates/matrix-sdk/src/http_client/mod.rs:214 | spans: root > send{request_id="REQ-32" method=POST uri="https://matrix.mertis.kz/_matrix/client/v3/user/@test2:mertis.kz/openid/request_token" request_size="2B" status=200 response_size="116B" request_duration=51.876166ms}
2026-04-22T10:59:09.179228Z ERROR elementx: Accessed timeline item provider before subscribing for updates. | TimelineProxy.swift:32 | spans: root
2026-04-22T10:59:09.338067Z ERROR elementx: Accessed timeline item provider before subscribing for updates. | TimelineProxy.swift:32 | spans: root
2026-04-22T10:59:09.423892Z  INFO elementx: [CALL-END-TRACE][SENDER-BRIDGE-ENTRY] method=ElementCallWidgetDriver.handleMessage room_id=!jFGCYbgmpjrPGtgDqt:mertis.kz local_trace_id=unknown widget_id=99E0E669-7687-4F4F-97D0-05B54F1C1F38 callkit_id=unknown message_type=send_event message_direction=fromWidget | ElementCallWidgetDriver.swift:196 | spans: root
2026-04-22T10:59:09.424196Z  INFO elementx: [CALL-END-TRACE][SENDER-BRIDGE-ENTRY] method=ElementCallWidgetDriver.handleMessage room_id=!jFGCYbgmpjrPGtgDqt:mertis.kz local_trace_id=unknown widget_id=99E0E669-7687-4F4F-97D0-05B54F1C1F38 callkit_id=unknown message_type=openid_credentials message_direction=toWidget | ElementCallWidgetDriver.swift:196 | spans: root
2026-04-22T10:59:09.429914Z  INFO elementx: [CALL-END-TRACE][SENDER-BRIDGE-ENTRY] method=ElementCallWidgetDriver.handleMessage room_id=!jFGCYbgmpjrPGtgDqt:mertis.kz local_trace_id=unknown widget_id=99E0E669-7687-4F4F-97D0-05B54F1C1F38 callkit_id=unknown message_type=openid_credentials message_direction=toWidget | ElementCallWidgetDriver.swift:196 | spans: root
2026-04-22T10:59:09.430154Z  INFO elementx: [CALL-END-TRACE][SENDER-BRIDGE-ENTRY] method=ElementCallWidgetDriver.handleMessage room_id=!jFGCYbgmpjrPGtgDqt:mertis.kz local_trace_id=unknown widget_id=99E0E669-7687-4F4F-97D0-05B54F1C1F38 callkit_id=unknown message_type=openid_credentials message_direction=toWidget | ElementCallWidgetDriver.swift:196 | spans: root
2026-04-22T10:59:09.436116Z DEBUG matrix_sdk::http_client::native: Sending request num_attempt=1 | crates/matrix-sdk/src/http_client/native.rs:78 | spans: root > send{request_id="REQ-33" method=PUT uri="https://matrix.mertis.kz/_matrix/client/v3/rooms/!jFGCYbgmpjrPGtgDqt:mertis.kz/state/org.matrix.msc3401.call.member/_@test2:mertis.kz_Z4J1wfeukl_m.call" request_size="2B"}
2026-04-22T10:59:09.493548Z ERROR elementx: Accessed timeline item provider before subscribing for updates. | TimelineProxy.swift:32 | spans: root
2026-04-22T10:59:09.519120Z DEBUG matrix_sdk::http_client: Got response | crates/matrix-sdk/src/http_client/mod.rs:214 | spans: root > send{request_id="REQ-33" method=PUT uri="https://matrix.mertis.kz/_matrix/client/v3/rooms/!jFGCYbgmpjrPGtgDqt:mertis.kz/state/org.matrix.msc3401.call.member/_@test2:mertis.kz_Z4J1wfeukl_m.call" request_size="2B" status=200 response_size="39B" request_duration=82.713167ms}
2026-04-22T10:59:09.520704Z  INFO elementx: [CALL-END-TRACE][SENDER-BRIDGE-ENTRY] method=ElementCallWidgetDriver.handleMessage room_id=!jFGCYbgmpjrPGtgDqt:mertis.kz local_trace_id=unknown widget_id=99E0E669-7687-4F4F-97D0-05B54F1C1F38 callkit_id=unknown message_type=get_openid message_direction=fromWidget | ElementCallWidgetDriver.swift:196 | spans: root
2026-04-22T10:59:09.520896Z  INFO elementx: [CALL-END-TRACE][SENDER-BRIDGE-ENTRY] method=ElementCallWidgetDriver.handleMessage room_id=!jFGCYbgmpjrPGtgDqt:mertis.kz local_trace_id=unknown widget_id=99E0E669-7687-4F4F-97D0-05B54F1C1F38 callkit_id=unknown message_type=send_event message_direction=fromWidget | ElementCallWidgetDriver.swift:196 | spans: root
2026-04-22T10:59:09.520997Z DEBUG matrix_sdk::http_client::native: Sending request num_attempt=1 | crates/matrix-sdk/src/http_client/native.rs:78 | spans: root > send{request_id="REQ-34" method=POST uri="https://matrix.mertis.kz/_matrix/client/v3/user/@test2:mertis.kz/openid/request_token" request_size="2B"}
2026-04-22T10:59:09.564830Z DEBUG matrix_sdk::http_client: Got response | crates/matrix-sdk/src/http_client/mod.rs:214 | spans: root > send{request_id="REQ-34" method=POST uri="https://matrix.mertis.kz/_matrix/client/v3/user/@test2:mertis.kz/openid/request_token" request_size="2B" status=200 response_size="116B" request_duration=43.731834ms}
2026-04-22T10:59:09.565144Z DEBUG matrix_sdk::http_client::native: Sending request num_attempt=1 | crates/matrix-sdk/src/http_client/native.rs:78 | spans: root > send_state_event_raw > send{request_id="REQ-35" method=PUT uri="https://matrix.mertis.kz/_matrix/client/v3/rooms/!jFGCYbgmpjrPGtgDqt:mertis.kz/state/org.matrix.msc3401.call.member/_@test2:mertis.kz_Z4J1wfeukl_m.call" request_size="386B"}
2026-04-22T10:59:09.650094Z ERROR elementx: Accessed timeline item provider before subscribing for updates. | TimelineProxy.swift:32 | spans: root
2026-04-22T10:59:09.766791Z DEBUG matrix_sdk::http_client: Got response | crates/matrix-sdk/src/http_client/mod.rs:214 | spans: root > next_sync_with_lock{store_generation=11} > sync_once{conn_id="encryption" pos="0/s1137_6524_62_153_270_1_281_236_0_1_1_1" timeout=30000} > send{request_id="REQ-27" method=POST uri="https://matrix.mertis.kz/_matrix/client/unstable/org.matrix.simplified_msc3575/sync" request_size="106B" status=200 response_size="282B" request_duration=4.931057417s}
2026-04-22T10:59:09.768946Z DEBUG matrix_sdk::http_client::native: Sending request num_attempt=1 | crates/matrix-sdk/src/http_client/native.rs:78 | spans: root > next_sync_with_lock{store_generation=11} > sync_once{conn_id="encryption" pos="0/s1138_6524_62_153_270_1_281_236_0_1_1_1" timeout=30000} > send{request_id="REQ-36" method=POST uri="https://matrix.mertis.kz/_matrix/client/unstable/org.matrix.simplified_msc3575/sync" request_size="106B"}
2026-04-22T10:59:09.769135Z DEBUG matrix_sdk_crypto::session_manager::sessions: Collected user/device pairs that are missing an Olm session missing_session_devices_by_user={} timed_out_devices_by_user={} | crates/matrix-sdk-crypto/src/session_manager/sessions.rs:285 | spans: root > next_sync_with_lock{store_generation=11} > sync_once{conn_id="encryption" pos="0/s1138_6524_62_153_270_1_281_236_0_1_1_1" timeout=30000} > send_outgoing_requests > get_missing_sessions
2026-04-22T10:59:09.772646Z DEBUG matrix_sdk::http_client: Got response | crates/matrix-sdk/src/http_client/mod.rs:214 | spans: root > send_state_event_raw > send{request_id="REQ-35" method=PUT uri="https://matrix.mertis.kz/_matrix/client/v3/rooms/!jFGCYbgmpjrPGtgDqt:mertis.kz/state/org.matrix.msc3401.call.member/_@test2:mertis.kz_Z4J1wfeukl_m.call" request_size="386B" status=200 response_size="59B" request_duration=207.263ms}
2026-04-22T10:59:09.773954Z  INFO elementx: [CALL-END-TRACE][SENDER-BRIDGE-ENTRY] method=ElementCallWidgetDriver.handleMessage room_id=!jFGCYbgmpjrPGtgDqt:mertis.kz local_trace_id=unknown widget_id=99E0E669-7687-4F4F-97D0-05B54F1C1F38 callkit_id=unknown message_type=openid_credentials message_direction=toWidget | ElementCallWidgetDriver.swift:196 | spans: root
2026-04-22T10:59:09.774304Z  INFO elementx: [CALL-END-TRACE][SENDER-BRIDGE-ENTRY] method=ElementCallWidgetDriver.handleMessage room_id=!jFGCYbgmpjrPGtgDqt:mertis.kz local_trace_id=unknown widget_id=99E0E669-7687-4F4F-97D0-05B54F1C1F38 callkit_id=unknown message_type=org.matrix.msc4157.update_delayed_event message_direction=fromWidget | ElementCallWidgetDriver.swift:196 | spans: root
2026-04-22T10:59:09.774441Z DEBUG matrix_sdk::http_client::native: Sending request num_attempt=1 | crates/matrix-sdk/src/http_client/native.rs:78 | spans: root > send{request_id="REQ-37" method=POST uri="https://matrix.mertis.kz/_matrix/client/unstable/org.matrix.msc4140/delayed_events/syd_eqhPhMVuGRUTMAxpXiMB" request_size="20B"}
2026-04-22T10:59:09.796680Z DEBUG matrix_sdk::http_client: Got response | crates/matrix-sdk/src/http_client/mod.rs:214 | spans: root > sync_once{conn_id="room-list" pos="581/s1137_6524_62_153_270_1_281_236_0_1_1_1" timeout=30000} > send{request_id="REQ-28" method=POST uri="https://matrix.mertis.kz/_matrix/client/unstable/org.matrix.simplified_msc3575/sync" request_size="646B" status=200 response_size="2.1k" request_duration=4.950660583s}
2026-04-22T10:59:09.797785Z DEBUG matrix_sdk_base::response_processors::account_data::global: Found direct room data in the Store, applying it | crates/matrix-sdk-base/src/response_processors/account_data/global.rs:147 | spans: root > sync_once{conn_id="room-list" pos="581/s1137_6524_62_153_270_1_281_236_0_1_1_1" timeout=30000} > handle_response
2026-04-22T10:59:09.799621Z  INFO elementx: Received room list update: running | ClientProxy.swift:1143 | spans: root
2026-04-22T10:59:09.800051Z DEBUG matrix_sdk::http_client::native: Sending request num_attempt=1 | crates/matrix-sdk/src/http_client/native.rs:78 | spans: root > sync_once{conn_id="room-list" pos="581/s1138_6524_62_153_270_1_281_236_0_1_1_1" timeout=30000} > send{request_id="REQ-38" method=POST uri="https://matrix.mertis.kz/_matrix/client/unstable/org.matrix.simplified_msc3575/sync" request_size="646B"}
2026-04-22T10:59:09.805357Z ERROR elementx: Received background task early termination | ClientProxy.swift:247 | spans: root
2026-04-22T10:59:09.805903Z ERROR elementx: Received background task early termination | ClientProxy.swift:247 | spans: root
2026-04-22T10:59:09.806582Z ERROR elementx: Received background task early termination | ClientProxy.swift:247 | spans: root
2026-04-22T10:59:09.808971Z ERROR elementx: Accessed timeline item provider before subscribing for updates. | TimelineProxy.swift:32 | spans: root
2026-04-22T10:59:09.814177Z ERROR elementx: Received background task early termination | ClientProxy.swift:247 | spans: root
2026-04-22T10:59:09.820570Z DEBUG matrix_sdk::http_client: Got response | crates/matrix-sdk/src/http_client/mod.rs:214 | spans: root > send{request_id="REQ-37" method=POST uri="https://matrix.mertis.kz/_matrix/client/unstable/org.matrix.msc4140/delayed_events/syd_eqhPhMVuGRUTMAxpXiMB" request_size="20B" status=200 response_size="2B" request_duration=46.098625ms}
2026-04-22T10:59:09.824440Z  INFO elementx: [CALL-END-TRACE][SENDER-BRIDGE-ENTRY] method=ElementCallWidgetDriver.handleMessage room_id=!jFGCYbgmpjrPGtgDqt:mertis.kz local_trace_id=unknown widget_id=99E0E669-7687-4F4F-97D0-05B54F1C1F38 callkit_id=unknown message_type=send_event message_direction=toWidget | ElementCallWidgetDriver.swift:196 | spans: root
2026-04-22T10:59:09.827400Z ERROR elementx: Received background task early termination | ClientProxy.swift:247 | spans: root
2026-04-22T10:59:09.827865Z ERROR elementx: Received background task early termination | ClientProxy.swift:247 | spans: root
2026-04-22T10:59:09.841978Z  INFO elementx: [CALL-END-TRACE][SENDER-BRIDGE-ENTRY] method=ElementCallWidgetDriver.handleMessage room_id=!jFGCYbgmpjrPGtgDqt:mertis.kz local_trace_id=unknown widget_id=99E0E669-7687-4F4F-97D0-05B54F1C1F38 callkit_id=unknown message_type=update_state message_direction=toWidget | ElementCallWidgetDriver.swift:196 | spans: root
2026-04-22T10:59:09.842081Z  INFO elementx: [CALL-END-TRACE][SENDER-BRIDGE-ENTRY] method=ElementCallWidgetDriver.handleMessage room_id=!jFGCYbgmpjrPGtgDqt:mertis.kz local_trace_id=unknown widget_id=99E0E669-7687-4F4F-97D0-05B54F1C1F38 callkit_id=unknown message_type=send_to_device message_direction=fromWidget | ElementCallWidgetDriver.swift:196 | spans: root
2026-04-22T10:59:09.851299Z DEBUG matrix_sdk_crypto::session_manager::sessions: Collected user/device pairs that are missing an Olm session missing_session_devices_by_user={} timed_out_devices_by_user={} | crates/matrix-sdk-crypto/src/session_manager/sessions.rs:285 | spans: root > get_missing_sessions
2026-04-22T10:59:09.851588Z  INFO matrix_sdk_crypto::session_manager::group_sessions: Encrypting content of type io.element.call.encryption_keys recipients={"@aktau:mertis.kz": {"dxm67jVLyu"}} | crates/matrix-sdk-crypto/src/session_manager/group_sessions/mod.rs:892 | spans: root
2026-04-22T10:59:09.851749Z DEBUG matrix_sdk_crypto::olm::session: Successfully encrypted an event session=Session { session_id: "CNskI9fv5WPKm0Vm3Vfj9Z0qAdIQ3yFpICfc2N3WmFE", sending_ratchet: DoubleRatchet(ActiveDoubleRatchet { ratchet_count: 1, parent_ratchet_key: Some("curve25519:8d2p6cT1Wy81KM+xNJ/FeCtDKgmJ4Jv8zpII4l0dJVk"), ratchet_key: RatchetPublicKey("curve25519:MDJULdKETs+pZfl/zIH5jwevJI0HZCK1Dgohww2YuBU"), chain_index: 2, .. }), receiving_chains: [ReceiverChain { ratchet_count: 0, ratchet_key: "curve25519:8d2p6cT1Wy81KM+xNJ/FeCtDKgmJ4Jv8zpII4l0dJVk", chain_index: 2, skipped_message_keys: [], .. }], config: SessionConfig { version: V1 }, .. } | crates/matrix-sdk-crypto/src/olm/session.rs:130 | spans: root > encrypt{recipient="@aktau:mertis.kz" recipient_device="dxm67jVLyu" recipient_key=Some("curve25519:efvOaiCqOWXWWQfN14/MRFs6cbJBbQZGvJeBDN3c720") message_id="01KPTDG1WV87Z1Y1NGANAH6C2E"}
2026-04-22T10:59:09.852032Z DEBUG matrix_sdk::http_client::native: Sending request num_attempt=1 | crates/matrix-sdk/src/http_client/native.rs:78 | spans: root > send{request_id="REQ-39" method=PUT uri="https://matrix.mertis.kz/_matrix/client/v3/sendToDevice/m.room.encrypted/a5923e3a17474422a41a53694f1dbd47" request_size="1.9k"}
2026-04-22T10:59:09.895959Z DEBUG matrix_sdk::http_client: Got response | crates/matrix-sdk/src/http_client/mod.rs:214 | spans: root > next_sync_with_lock{store_generation=11} > sync_once{conn_id="encryption" pos="0/s1138_6524_62_153_270_1_281_236_0_1_1_1" timeout=30000} > send{request_id="REQ-36" method=POST uri="https://matrix.mertis.kz/_matrix/client/unstable/org.matrix.simplified_msc3575/sync" request_size="106B" status=200 response_size="2.0k" request_duration=126.945083ms}
2026-04-22T10:59:09.896351Z DEBUG matrix_sdk_crypto::machine: Received a to-device event | crates/matrix-sdk-crypto/src/machine/mod.rs:1543 | spans: root > next_sync_with_lock{store_generation=11} > sync_once{conn_id="encryption" pos="0/s1138_6524_62_153_270_1_281_236_0_1_1_1" timeout=30000} > handle_response > receive_sync_changes > receive_to_device_event{sender="@aktau:mertis.kz" event_type="m.room.encrypted" message_id="01KPTDG1WENY5N39TJA7ZJ6DP1"}
2026-04-22T10:59:09.896381Z TRACE matrix_sdk_crypto::olm::account: Decrypting a to-device event | crates/matrix-sdk-crypto/src/olm/account.rs:1255 | spans: root > next_sync_with_lock{store_generation=11} > sync_once{conn_id="encryption" pos="0/s1138_6524_62_153_270_1_281_236_0_1_1_1" timeout=30000} > handle_response > receive_sync_changes > receive_to_device_event{sender="@aktau:mertis.kz" event_type="m.room.encrypted" message_id="01KPTDG1WENY5N39TJA7ZJ6DP1"} > decrypt_to_device_event{algorithm="m.olm.v1.curve25519-aes-sha2"}
2026-04-22T10:59:09.896459Z DEBUG matrix_sdk_crypto::olm::session: Decrypted an Olm message session=Session { session_id: "CNskI9fv5WPKm0Vm3Vfj9Z0qAdIQ3yFpICfc2N3WmFE", sending_ratchet: DoubleRatchet(InactiveDoubleRatchet { ratchet_count: 2, ratchet_key: "curve25519:UnpWH+A0IdvMdXYMSI72leeodPAyCkuKmg02FFYulR0", .. }), receiving_chains: [ReceiverChain { ratchet_count: 0, ratchet_key: "curve25519:8d2p6cT1Wy81KM+xNJ/FeCtDKgmJ4Jv8zpII4l0dJVk", chain_index: 2, skipped_message_keys: [], .. }, ReceiverChain { ratchet_count: 2, ratchet_key: "curve25519:UnpWH+A0IdvMdXYMSI72leeodPAyCkuKmg02FFYulR0", chain_index: 1, skipped_message_keys: [], .. }], config: SessionConfig { version: V1 }, .. } | crates/matrix-sdk-crypto/src/olm/session.rs:86 | spans: root > next_sync_with_lock{store_generation=11} > sync_once{conn_id="encryption" pos="0/s1138_6524_62_153_270_1_281_236_0_1_1_1" timeout=30000} > handle_response > receive_sync_changes > receive_to_device_event{sender="@aktau:mertis.kz" event_type="m.room.encrypted" message_id="01KPTDG1WENY5N39TJA7ZJ6DP1"} > decrypt_to_device_event{algorithm="m.olm.v1.curve25519-aes-sha2"} > decrypt_olm_v1{sender_key="curve25519:efvOaiCqOWXWWQfN14/MRFs6cbJBbQZGvJeBDN3c720"} > decrypt_and_parse_olm_message{sender="@aktau:mertis.kz" sender_key="curve25519:efvOaiCqOWXWWQfN14/MRFs6cbJBbQZGvJeBDN3c720" Normal(Message { version: 3, ratchet_key: "curve25519:UnpWH+A0IdvMdXYMSI72leeodPAyCkuKmg02FFYulR0", chain_index: 0, .. }) decryption_settings=DecryptionSettings { sender_device_trust_requirement: Untrusted } session_id="CNskI9fv5WPKm0Vm3Vfj9Z0qAdIQ3yFpICfc2N3WmFE"}
2026-04-22T10:59:09.896515Z TRACE matrix_sdk_crypto::olm::account: Successfully decrypted an Olm message | crates/matrix-sdk-crypto/src/olm/account.rs:1430 | spans: root > next_sync_with_lock{store_generation=11} > sync_once{conn_id="encryption" pos="0/s1138_6524_62_153_270_1_281_236_0_1_1_1" timeout=30000} > handle_response > receive_sync_changes > receive_to_device_event{sender="@aktau:mertis.kz" event_type="m.room.encrypted" message_id="01KPTDG1WENY5N39TJA7ZJ6DP1"} > decrypt_to_device_event{algorithm="m.olm.v1.curve25519-aes-sha2"} > decrypt_olm_v1{sender_key="curve25519:efvOaiCqOWXWWQfN14/MRFs6cbJBbQZGvJeBDN3c720"} > decrypt_and_parse_olm_message{sender="@aktau:mertis.kz" sender_key="curve25519:efvOaiCqOWXWWQfN14/MRFs6cbJBbQZGvJeBDN3c720" Normal(Message { version: 3, ratchet_key: "curve25519:UnpWH+A0IdvMdXYMSI72leeodPAyCkuKmg02FFYulR0", chain_index: 0, .. }) decryption_settings=DecryptionSettings { sender_device_trust_requirement: Untrusted } session_id="CNskI9fv5WPKm0Vm3Vfj9Z0qAdIQ3yFpICfc2N3WmFE"}
2026-04-22T10:59:09.897385Z TRACE matrix_sdk_crypto::olm::account: check_to_device_sender_trust_requirement verification_state=Unverified(UnsignedDevice) trust_requirement=Untrusted | crates/matrix-sdk-crypto/src/olm/account.rs:1877 | spans: root > next_sync_with_lock{store_generation=11} > sync_once{conn_id="encryption" pos="0/s1138_6524_62_153_270_1_281_236_0_1_1_1" timeout=30000} > handle_response > receive_sync_changes > receive_to_device_event{sender="@aktau:mertis.kz" event_type="m.room.encrypted" message_id="01KPTDG1WENY5N39TJA7ZJ6DP1"} > decrypt_to_device_event{algorithm="m.olm.v1.curve25519-aes-sha2"} > decrypt_olm_v1{sender_key="curve25519:efvOaiCqOWXWWQfN14/MRFs6cbJBbQZGvJeBDN3c720"} > decrypt_and_parse_olm_message{sender="@aktau:mertis.kz" sender_key="curve25519:efvOaiCqOWXWWQfN14/MRFs6cbJBbQZGvJeBDN3c720" Normal(Message { version: 3, ratchet_key: "curve25519:UnpWH+A0IdvMdXYMSI72leeodPAyCkuKmg02FFYulR0", chain_index: 0, .. }) decryption_settings=DecryptionSettings { sender_device_trust_requirement: Untrusted } session_id="CNskI9fv5WPKm0Vm3Vfj9Z0qAdIQ3yFpICfc2N3WmFE"}
2026-04-22T10:59:09.898233Z DEBUG matrix_sdk_crypto::machine: Received a decrypted to-device event sender_device_keys=(Some("curve25519:efvOaiCqOWXWWQfN14/MRFs6cbJBbQZGvJeBDN3c720"), Some("ed25519:pOP0R2ZW/E2ro3edzZQ7eYqu/+tRYfg06sAly9C2qUY")) | crates/matrix-sdk-crypto/src/machine/mod.rs:1361 | spans: root > next_sync_with_lock{store_generation=11} > sync_once{conn_id="encryption" pos="0/s1138_6524_62_153_270_1_281_236_0_1_1_1" timeout=30000} > handle_response > receive_sync_changes > receive_to_device_event{sender="@aktau:mertis.kz" event_type="m.room.encrypted" message_id="01KPTDG1WENY5N39TJA7ZJ6DP1"} > handle_decrypted_to_device_event{sender_key="curve25519:efvOaiCqOWXWWQfN14/MRFs6cbJBbQZGvJeBDN3c720" event_type="io.element.call.encryption_keys"}
2026-04-22T10:59:09.898243Z  WARN matrix_sdk_crypto::machine: Received an unexpected encrypted to-device event | crates/matrix-sdk-crypto/src/machine/mod.rs:1413 | spans: root > next_sync_with_lock{store_generation=11} > sync_once{conn_id="encryption" pos="0/s1138_6524_62_153_270_1_281_236_0_1_1_1" timeout=30000} > handle_response > receive_sync_changes > receive_to_device_event{sender="@aktau:mertis.kz" event_type="m.room.encrypted" message_id="01KPTDG1WENY5N39TJA7ZJ6DP1"} > handle_decrypted_to_device_event{sender_key="curve25519:efvOaiCqOWXWWQfN14/MRFs6cbJBbQZGvJeBDN3c720" event_type="io.element.call.encryption_keys"}
2026-04-22T10:59:09.904549Z DEBUG matrix_sdk::http_client::native: Sending request num_attempt=1 | crates/matrix-sdk/src/http_client/native.rs:78 | spans: root > next_sync_with_lock{store_generation=11} > sync_once{conn_id="encryption" pos="0/s1138_6524_62_153_270_1_282_236_0_1_1_1" timeout=30000} > send{request_id="REQ-40" method=POST uri="https://matrix.mertis.kz/_matrix/client/unstable/org.matrix.simplified_msc3575/sync" request_size="106B"}
2026-04-22T10:59:09.904793Z DEBUG matrix_sdk_crypto::session_manager::sessions: Collected user/device pairs that are missing an Olm session missing_session_devices_by_user={} timed_out_devices_by_user={} | crates/matrix-sdk-crypto/src/session_manager/sessions.rs:285 | spans: root > next_sync_with_lock{store_generation=11} > sync_once{conn_id="encryption" pos="0/s1138_6524_62_153_270_1_282_236_0_1_1_1" timeout=30000} > send_outgoing_requests > get_missing_sessions
2026-04-22T10:59:09.906217Z DEBUG matrix_sdk::http_client: Got response | crates/matrix-sdk/src/http_client/mod.rs:214 | spans: root > send{request_id="REQ-39" method=PUT uri="https://matrix.mertis.kz/_matrix/client/v3/sendToDevice/m.room.encrypted/a5923e3a17474422a41a53694f1dbd47" request_size="1.9k" status=200 response_size="2B" request_duration=54.167292ms}
2026-04-22T10:59:09.910823Z  INFO elementx: [CALL-END-TRACE][SENDER-BRIDGE-ENTRY] method=ElementCallWidgetDriver.handleMessage room_id=!jFGCYbgmpjrPGtgDqt:mertis.kz local_trace_id=unknown widget_id=99E0E669-7687-4F4F-97D0-05B54F1C1F38 callkit_id=unknown message_type=send_to_device message_direction=toWidget | ElementCallWidgetDriver.swift:196 | spans: root
2026-04-22T10:59:10.874007Z ERROR elementx: Accessed timeline item provider before subscribing for updates. | TimelineProxy.swift:32 | spans: root
2026-04-22T10:59:11.028265Z ERROR elementx: Accessed timeline item provider before subscribing for updates. | TimelineProxy.swift:32 | spans: root
2026-04-22T10:59:11.186234Z ERROR elementx: Accessed timeline item provider before subscribing for updates. | TimelineProxy.swift:32 | spans: root
2026-04-22T10:59:11.346708Z ERROR elementx: Accessed timeline item provider before subscribing for updates. | TimelineProxy.swift:32 | spans: root
2026-04-22T10:59:11.501080Z ERROR elementx: Accessed timeline item provider before subscribing for updates. | TimelineProxy.swift:32 | spans: root
2026-04-22T10:59:12.548651Z ERROR elementx: Accessed timeline item provider before subscribing for updates. | TimelineProxy.swift:32 | spans: root
2026-04-22T10:59:12.700330Z ERROR elementx: Accessed timeline item provider before subscribing for updates. | TimelineProxy.swift:32 | spans: root
2026-04-22T10:59:12.859136Z ERROR elementx: Accessed timeline item provider before subscribing for updates. | TimelineProxy.swift:32 | spans: root
2026-04-22T10:59:13.016305Z ERROR elementx: Accessed timeline item provider before subscribing for updates. | TimelineProxy.swift:32 | spans: root
2026-04-22T10:59:13.172074Z ERROR elementx: Accessed timeline item provider before subscribing for updates. | TimelineProxy.swift:32 | spans: root
2026-04-22T10:59:13.843937Z  INFO elementx: [CALL-END-TRACE][SENDER-BRIDGE-ENTRY] method=ElementCallWidgetDriver.handleMessage room_id=!jFGCYbgmpjrPGtgDqt:mertis.kz local_trace_id=unknown widget_id=99E0E669-7687-4F4F-97D0-05B54F1C1F38 callkit_id=unknown message_type=org.matrix.msc4157.update_delayed_event message_direction=fromWidget | ElementCallWidgetDriver.swift:196 | spans: root
2026-04-22T10:59:13.845098Z DEBUG matrix_sdk::http_client::native: Sending request num_attempt=1 | crates/matrix-sdk/src/http_client/native.rs:78 | spans: root > send{request_id="REQ-41" method=POST uri="https://matrix.mertis.kz/_matrix/client/unstable/org.matrix.msc4140/delayed_events/syd_eqhPhMVuGRUTMAxpXiMB" request_size="20B"}
2026-04-22T10:59:13.910032Z DEBUG matrix_sdk::http_client: Got response | crates/matrix-sdk/src/http_client/mod.rs:214 | spans: root > send{request_id="REQ-41" method=POST uri="https://matrix.mertis.kz/_matrix/client/unstable/org.matrix.msc4140/delayed_events/syd_eqhPhMVuGRUTMAxpXiMB" request_size="20B" status=200 response_size="2B" request_duration=64.823459ms}
2026-04-22T10:59:14.211558Z ERROR elementx: Accessed timeline item provider before subscribing for updates. | TimelineProxy.swift:32 | spans: root
2026-04-22T10:59:14.367148Z ERROR elementx: Accessed timeline item provider before subscribing for updates. | TimelineProxy.swift:32 | spans: root
2026-04-22T10:59:14.524338Z ERROR elementx: Accessed timeline item provider before subscribing for updates. | TimelineProxy.swift:32 | spans: root
2026-04-22T10:59:14.684784Z ERROR elementx: Accessed timeline item provider before subscribing for updates. | TimelineProxy.swift:32 | spans: root
2026-04-22T10:59:14.838152Z ERROR elementx: Accessed timeline item provider before subscribing for updates. | TimelineProxy.swift:32 | spans: root
2026-04-22T10:59:15.890290Z ERROR elementx: Accessed timeline item provider before subscribing for updates. | TimelineProxy.swift:32 | spans: root
2026-04-22T10:59:16.049099Z ERROR elementx: Accessed timeline item provider before subscribing for updates. | TimelineProxy.swift:32 | spans: root
2026-04-22T10:59:16.200173Z ERROR elementx: Accessed timeline item provider before subscribing for updates. | TimelineProxy.swift:32 | spans: root
2026-04-22T10:59:16.360472Z ERROR elementx: Accessed timeline item provider before subscribing for updates. | TimelineProxy.swift:32 | spans: root
2026-04-22T10:59:16.511796Z ERROR elementx: Accessed timeline item provider before subscribing for updates. | TimelineProxy.swift:32 | spans: root
2026-04-22T10:59:17.569295Z ERROR elementx: Accessed timeline item provider before subscribing for updates. | TimelineProxy.swift:32 | spans: root
2026-04-22T10:59:17.724048Z ERROR elementx: Accessed timeline item provider before subscribing for updates. | TimelineProxy.swift:32 | spans: root
2026-04-22T10:59:17.875463Z ERROR elementx: Accessed timeline item provider before subscribing for updates. | TimelineProxy.swift:32 | spans: root
2026-04-22T10:59:17.922344Z  INFO elementx: [CALL-END-TRACE][SENDER-BRIDGE-ENTRY] method=ElementCallWidgetDriver.handleMessage room_id=!jFGCYbgmpjrPGtgDqt:mertis.kz local_trace_id=unknown widget_id=99E0E669-7687-4F4F-97D0-05B54F1C1F38 callkit_id=unknown message_type=org.matrix.msc4157.update_delayed_event message_direction=fromWidget | ElementCallWidgetDriver.swift:196 | spans: root
2026-04-22T10:59:17.923365Z DEBUG matrix_sdk::http_client::native: Sending request num_attempt=1 | crates/matrix-sdk/src/http_client/native.rs:78 | spans: root > send{request_id="REQ-42" method=POST uri="https://matrix.mertis.kz/_matrix/client/unstable/org.matrix.msc4140/delayed_events/syd_eqhPhMVuGRUTMAxpXiMB" request_size="20B"}
2026-04-22T10:59:18.030788Z ERROR elementx: Accessed timeline item provider before subscribing for updates. | TimelineProxy.swift:32 | spans: root
2026-04-22T10:59:18.182672Z ERROR elementx: Accessed timeline item provider before subscribing for updates. | TimelineProxy.swift:32 | spans: root
2026-04-22T10:59:18.269006Z DEBUG matrix_sdk::http_client: Got response | crates/matrix-sdk/src/http_client/mod.rs:214 | spans: root > send{request_id="REQ-42" method=POST uri="https://matrix.mertis.kz/_matrix/client/unstable/org.matrix.msc4140/delayed_events/syd_eqhPhMVuGRUTMAxpXiMB" request_size="20B" status=200 response_size="2B" request_duration=345.409041ms}
2026-04-22T10:59:19.248741Z ERROR elementx: Accessed timeline item provider before subscribing for updates. | TimelineProxy.swift:32 | spans: root
2026-04-22T10:59:19.405088Z ERROR elementx: Accessed timeline item provider before subscribing for updates. | TimelineProxy.swift:32 | spans: root
2026-04-22T10:59:19.564343Z ERROR elementx: Accessed timeline item provider before subscribing for updates. | TimelineProxy.swift:32 | spans: root
2026-04-22T10:59:19.720505Z ERROR elementx: Accessed timeline item provider before subscribing for updates. | TimelineProxy.swift:32 | spans: root
2026-04-22T10:59:19.874082Z ERROR elementx: Accessed timeline item provider before subscribing for updates. | TimelineProxy.swift:32 | spans: root
2026-04-22T10:59:20.895891Z ERROR elementx: Accessed timeline item provider before subscribing for updates. | TimelineProxy.swift:32 | spans: root
2026-04-22T10:59:21.053839Z ERROR elementx: Accessed timeline item provider before subscribing for updates. | TimelineProxy.swift:32 | spans: root
2026-04-22T10:59:21.213955Z ERROR elementx: Accessed timeline item provider before subscribing for updates. | TimelineProxy.swift:32 | spans: root
2026-04-22T10:59:21.373894Z ERROR elementx: Accessed timeline item provider before subscribing for updates. | TimelineProxy.swift:32 | spans: root
2026-04-22T10:59:21.534597Z ERROR elementx: Accessed timeline item provider before subscribing for updates. | TimelineProxy.swift:32 | spans: root
2026-04-22T10:59:22.275268Z  INFO elementx: [CALL-END-TRACE][SENDER-BRIDGE-ENTRY] method=ElementCallWidgetDriver.handleMessage room_id=!jFGCYbgmpjrPGtgDqt:mertis.kz local_trace_id=unknown widget_id=99E0E669-7687-4F4F-97D0-05B54F1C1F38 callkit_id=unknown message_type=org.matrix.msc4157.update_delayed_event message_direction=fromWidget | ElementCallWidgetDriver.swift:196 | spans: root
2026-04-22T10:59:22.276999Z DEBUG matrix_sdk::http_client::native: Sending request num_attempt=1 | crates/matrix-sdk/src/http_client/native.rs:78 | spans: root > send{request_id="REQ-43" method=POST uri="https://matrix.mertis.kz/_matrix/client/unstable/org.matrix.msc4140/delayed_events/syd_eqhPhMVuGRUTMAxpXiMB" request_size="20B"}
2026-04-22T10:59:22.342869Z DEBUG matrix_sdk::http_client: Got response | crates/matrix-sdk/src/http_client/mod.rs:214 | spans: root > send{request_id="REQ-43" method=POST uri="https://matrix.mertis.kz/_matrix/client/unstable/org.matrix.msc4140/delayed_events/syd_eqhPhMVuGRUTMAxpXiMB" request_size="20B" status=200 response_size="2B" request_duration=65.600583ms}
2026-04-22T10:59:22.563185Z ERROR elementx: Accessed timeline item provider before subscribing for updates. | TimelineProxy.swift:32 | spans: root
2026-04-22T10:59:22.723978Z ERROR elementx: Accessed timeline item provider before subscribing for updates. | TimelineProxy.swift:32 | spans: root
2026-04-22T10:59:22.881604Z ERROR elementx: Accessed timeline item provider before subscribing for updates. | TimelineProxy.swift:32 | spans: root
2026-04-22T10:59:23.039146Z ERROR elementx: Accessed timeline item provider before subscribing for updates. | TimelineProxy.swift:32 | spans: root
2026-04-22T10:59:23.198202Z ERROR elementx: Accessed timeline item provider before subscribing for updates. | TimelineProxy.swift:32 | spans: root
2026-04-22T10:59:24.231217Z ERROR elementx: Accessed timeline item provider before subscribing for updates. | TimelineProxy.swift:32 | spans: root
2026-04-22T10:59:24.382255Z ERROR elementx: Accessed timeline item provider before subscribing for updates. | TimelineProxy.swift:32 | spans: root
2026-04-22T10:59:24.541649Z ERROR elementx: Accessed timeline item provider before subscribing for updates. | TimelineProxy.swift:32 | spans: root
2026-04-22T10:59:24.695223Z ERROR elementx: Accessed timeline item provider before subscribing for updates. | TimelineProxy.swift:32 | spans: root
2026-04-22T10:59:24.855586Z ERROR elementx: Accessed timeline item provider before subscribing for updates. | TimelineProxy.swift:32 | spans: root
2026-04-22T10:59:25.875495Z ERROR elementx: Accessed timeline item provider before subscribing for updates. | TimelineProxy.swift:32 | spans: root
2026-04-22T10:59:26.026264Z ERROR elementx: Accessed timeline item provider before subscribing for updates. | TimelineProxy.swift:32 | spans: root
2026-04-22T10:59:26.186711Z ERROR elementx: Accessed timeline item provider before subscribing for updates. | TimelineProxy.swift:32 | spans: root
2026-04-22T10:59:26.345041Z ERROR elementx: Accessed timeline item provider before subscribing for updates. | TimelineProxy.swift:32 | spans: root
2026-04-22T10:59:26.349600Z  INFO elementx: [CALL-END-TRACE][SENDER-BRIDGE-ENTRY] method=ElementCallWidgetDriver.handleMessage room_id=!jFGCYbgmpjrPGtgDqt:mertis.kz local_trace_id=unknown widget_id=99E0E669-7687-4F4F-97D0-05B54F1C1F38 callkit_id=unknown message_type=org.matrix.msc4157.update_delayed_event message_direction=fromWidget | ElementCallWidgetDriver.swift:196 | spans: root
2026-04-22T10:59:26.350647Z DEBUG matrix_sdk::http_client::native: Sending request num_attempt=1 | crates/matrix-sdk/src/http_client/native.rs:78 | spans: root > send{request_id="REQ-44" method=POST uri="https://matrix.mertis.kz/_matrix/client/unstable/org.matrix.msc4140/delayed_events/syd_eqhPhMVuGRUTMAxpXiMB" request_size="20B"}
2026-04-22T10:59:26.420952Z DEBUG matrix_sdk::http_client: Got response | crates/matrix-sdk/src/http_client/mod.rs:214 | spans: root > send{request_id="REQ-44" method=POST uri="https://matrix.mertis.kz/_matrix/client/unstable/org.matrix.msc4140/delayed_events/syd_eqhPhMVuGRUTMAxpXiMB" request_size="20B" status=200 response_size="2B" request_duration=70.104083ms}
2026-04-22T10:59:26.500358Z ERROR elementx: Accessed timeline item provider before subscribing for updates. | TimelineProxy.swift:32 | spans: root
2026-04-22T10:59:27.524350Z ERROR elementx: Accessed timeline item provider before subscribing for updates. | TimelineProxy.swift:32 | spans: root
2026-04-22T10:59:27.680845Z ERROR elementx: Accessed timeline item provider before subscribing for updates. | TimelineProxy.swift:32 | spans: root
2026-04-22T10:59:27.840532Z ERROR elementx: Accessed timeline item provider before subscribing for updates. | TimelineProxy.swift:32 | spans: root
2026-04-22T10:59:27.999990Z ERROR elementx: Accessed timeline item provider before subscribing for updates. | TimelineProxy.swift:32 | spans: root
2026-04-22T10:59:28.150688Z ERROR elementx: Accessed timeline item provider before subscribing for updates. | TimelineProxy.swift:32 | spans: root
2026-04-22T10:59:30.425860Z  INFO elementx: [CALL-END-TRACE][SENDER-BRIDGE-ENTRY] method=ElementCallWidgetDriver.handleMessage room_id=!jFGCYbgmpjrPGtgDqt:mertis.kz local_trace_id=unknown widget_id=99E0E669-7687-4F4F-97D0-05B54F1C1F38 callkit_id=unknown message_type=org.matrix.msc4157.update_delayed_event message_direction=fromWidget | ElementCallWidgetDriver.swift:196 | spans: root
2026-04-22T10:59:30.427098Z DEBUG matrix_sdk::http_client::native: Sending request num_attempt=1 | crates/matrix-sdk/src/http_client/native.rs:78 | spans: root > send{request_id="REQ-45" method=POST uri="https://matrix.mertis.kz/_matrix/client/unstable/org.matrix.msc4140/delayed_events/syd_eqhPhMVuGRUTMAxpXiMB" request_size="20B"}
2026-04-22T10:59:30.574436Z DEBUG matrix_sdk::http_client: Got response | crates/matrix-sdk/src/http_client/mod.rs:214 | spans: root > send{request_id="REQ-45" method=POST uri="https://matrix.mertis.kz/_matrix/client/unstable/org.matrix.msc4140/delayed_events/syd_eqhPhMVuGRUTMAxpXiMB" request_size="20B" status=200 response_size="2B" request_duration=147.090417ms}
2026-04-22T10:59:31.013221Z DEBUG matrix_sdk::http_client: Got response | crates/matrix-sdk/src/http_client/mod.rs:214 | spans: root > next_sync_with_lock{store_generation=11} > sync_once{conn_id="encryption" pos="0/s1138_6524_62_153_270_1_282_236_0_1_1_1" timeout=30000} > send{request_id="REQ-40" method=POST uri="https://matrix.mertis.kz/_matrix/client/unstable/org.matrix.simplified_msc3575/sync" request_size="106B" status=200 response_size="282B" request_duration=21.107379917s}
2026-04-22T10:59:31.023240Z DEBUG matrix_sdk::http_client::native: Sending request num_attempt=1 | crates/matrix-sdk/src/http_client/native.rs:78 | spans: root > next_sync_with_lock{store_generation=11} > sync_once{conn_id="encryption" pos="0/s1139_6524_62_153_270_1_283_236_0_1_1_1" timeout=30000} > send{request_id="REQ-46" method=POST uri="https://matrix.mertis.kz/_matrix/client/unstable/org.matrix.simplified_msc3575/sync" request_size="106B"}
2026-04-22T10:59:31.025327Z DEBUG matrix_sdk_crypto::session_manager::sessions: Collected user/device pairs that are missing an Olm session missing_session_devices_by_user={} timed_out_devices_by_user={} | crates/matrix-sdk-crypto/src/session_manager/sessions.rs:285 | spans: root > next_sync_with_lock{store_generation=11} > sync_once{conn_id="encryption" pos="0/s1139_6524_62_153_270_1_283_236_0_1_1_1" timeout=30000} > send_outgoing_requests > get_missing_sessions
2026-04-22T10:59:31.046750Z DEBUG matrix_sdk::http_client: Got response | crates/matrix-sdk/src/http_client/mod.rs:214 | spans: root > sync_once{conn_id="room-list" pos="581/s1138_6524_62_153_270_1_281_236_0_1_1_1" timeout=30000} > send{request_id="REQ-38" method=POST uri="https://matrix.mertis.kz/_matrix/client/unstable/org.matrix.simplified_msc3575/sync" request_size="646B" status=200 response_size="2.1k" request_duration=21.246550959s}
2026-04-22T10:59:31.049489Z DEBUG matrix_sdk_base::response_processors::account_data::global: Found direct room data in the Store, applying it | crates/matrix-sdk-base/src/response_processors/account_data/global.rs:147 | spans: root > sync_once{conn_id="room-list" pos="581/s1138_6524_62_153_270_1_281_236_0_1_1_1" timeout=30000} > handle_response
2026-04-22T10:59:31.053464Z  INFO elementx: Received room list update: running | ClientProxy.swift:1143 | spans: root
2026-04-22T10:59:31.056325Z DEBUG matrix_sdk::http_client::native: Sending request num_attempt=1 | crates/matrix-sdk/src/http_client/native.rs:78 | spans: root > sync_once{conn_id="room-list" pos="581/s1139_6524_62_153_270_1_283_236_0_1_1_1" timeout=30000} > send{request_id="REQ-47" method=POST uri="https://matrix.mertis.kz/_matrix/client/unstable/org.matrix.simplified_msc3575/sync" request_size="646B"}
2026-04-22T10:59:31.061859Z  INFO elementx: [CALL-END-TRACE][SENDER-BRIDGE-ENTRY] method=ElementCallWidgetDriver.handleMessage room_id=!jFGCYbgmpjrPGtgDqt:mertis.kz local_trace_id=unknown widget_id=99E0E669-7687-4F4F-97D0-05B54F1C1F38 callkit_id=unknown message_type=send_event message_direction=toWidget | ElementCallWidgetDriver.swift:196 | spans: root
2026-04-22T10:59:31.087493Z ERROR elementx: Received background task early termination | ClientProxy.swift:247 | spans: root
2026-04-22T10:59:31.095522Z  INFO elementx: [CALL-END-TRACE][SENDER-BRIDGE-ENTRY] method=ElementCallWidgetDriver.handleMessage room_id=!jFGCYbgmpjrPGtgDqt:mertis.kz local_trace_id=unknown widget_id=99E0E669-7687-4F4F-97D0-05B54F1C1F38 callkit_id=unknown message_type=org.matrix.msc4157.update_delayed_event message_direction=fromWidget | ElementCallWidgetDriver.swift:196 | spans: root
2026-04-22T10:59:31.095559Z  INFO elementx: [CALL-END-TRACE][SENDER-BRIDGE-ENTRY] method=ElementCallWidgetDriver.handleMessage room_id=!jFGCYbgmpjrPGtgDqt:mertis.kz local_trace_id=unknown widget_id=99E0E669-7687-4F4F-97D0-05B54F1C1F38 callkit_id=unknown message_type=update_state message_direction=toWidget | ElementCallWidgetDriver.swift:196 | spans: root
2026-04-22T10:59:31.096150Z DEBUG matrix_sdk::http_client::native: Sending request num_attempt=1 | crates/matrix-sdk/src/http_client/native.rs:78 | spans: root > send{request_id="REQ-48" method=POST uri="https://matrix.mertis.kz/_matrix/client/unstable/org.matrix.msc4140/delayed_events/syd_eqhPhMVuGRUTMAxpXiMB" request_size="17B"}
2026-04-22T10:59:31.102785Z ERROR elementx: Received background task early termination | ClientProxy.swift:247 | spans: root
2026-04-22T10:59:31.103021Z ERROR elementx: Received background task early termination | ClientProxy.swift:247 | spans: root
2026-04-22T10:59:31.364553Z DEBUG matrix_sdk::http_client: Got response | crates/matrix-sdk/src/http_client/mod.rs:214 | spans: root > next_sync_with_lock{store_generation=11} > sync_once{conn_id="encryption" pos="0/s1139_6524_62_153_270_1_283_236_0_1_1_1" timeout=30000} > send{request_id="REQ-46" method=POST uri="https://matrix.mertis.kz/_matrix/client/unstable/org.matrix.simplified_msc3575/sync" request_size="106B" status=200 response_size="282B" request_duration=341.227417ms}
2026-04-22T10:59:31.366909Z DEBUG matrix_sdk::http_client::native: Sending request num_attempt=1 | crates/matrix-sdk/src/http_client/native.rs:78 | spans: root > next_sync_with_lock{store_generation=11} > sync_once{conn_id="encryption" pos="0/s1140_6524_62_153_270_1_283_236_0_1_1_1" timeout=30000} > send{request_id="REQ-49" method=POST uri="https://matrix.mertis.kz/_matrix/client/unstable/org.matrix.simplified_msc3575/sync" request_size="106B"}
2026-04-22T10:59:31.367002Z DEBUG matrix_sdk_crypto::session_manager::sessions: Collected user/device pairs that are missing an Olm session missing_session_devices_by_user={} timed_out_devices_by_user={} | crates/matrix-sdk-crypto/src/session_manager/sessions.rs:285 | spans: root > next_sync_with_lock{store_generation=11} > sync_once{conn_id="encryption" pos="0/s1140_6524_62_153_270_1_283_236_0_1_1_1" timeout=30000} > send_outgoing_requests > get_missing_sessions
2026-04-22T10:59:31.389945Z DEBUG matrix_sdk::http_client: Got response | crates/matrix-sdk/src/http_client/mod.rs:214 | spans: root > send{request_id="REQ-48" method=POST uri="https://matrix.mertis.kz/_matrix/client/unstable/org.matrix.msc4140/delayed_events/syd_eqhPhMVuGRUTMAxpXiMB" request_size="17B" status=200 response_size="2B" request_duration=293.557375ms}
2026-04-22T10:59:31.406463Z DEBUG matrix_sdk::http_client: Got response | crates/matrix-sdk/src/http_client/mod.rs:214 | spans: root > sync_once{conn_id="room-list" pos="581/s1139_6524_62_153_270_1_283_236_0_1_1_1" timeout=30000} > send{request_id="REQ-47" method=POST uri="https://matrix.mertis.kz/_matrix/client/unstable/org.matrix.simplified_msc3575/sync" request_size="646B" status=200 response_size="2.2k" request_duration=350.050167ms}
2026-04-22T10:59:31.407178Z DEBUG matrix_sdk_base::response_processors::account_data::global: Found direct room data in the Store, applying it | crates/matrix-sdk-base/src/response_processors/account_data/global.rs:147 | spans: root > sync_once{conn_id="room-list" pos="581/s1139_6524_62_153_270_1_283_236_0_1_1_1" timeout=30000} > handle_response
2026-04-22T10:59:31.408869Z  INFO elementx: Received room list update: running | ClientProxy.swift:1143 | spans: root
2026-04-22T10:59:31.409002Z DEBUG matrix_sdk::http_client::native: Sending request num_attempt=1 | crates/matrix-sdk/src/http_client/native.rs:78 | spans: root > sync_once{conn_id="room-list" pos="581/s1140_6524_62_153_270_1_283_236_0_1_1_1" timeout=30000} > send{request_id="REQ-50" method=POST uri="https://matrix.mertis.kz/_matrix/client/unstable/org.matrix.simplified_msc3575/sync" request_size="646B"}
2026-04-22T10:59:31.414488Z ERROR elementx: Received background task early termination | ClientProxy.swift:247 | spans: root
2026-04-22T10:59:31.414540Z ERROR elementx: Received background task early termination | ClientProxy.swift:247 | spans: root
2026-04-22T10:59:31.415532Z ERROR elementx: Received background task early termination | ClientProxy.swift:247 | spans: root
2026-04-22T10:59:31.426757Z ERROR elementx: Received background task early termination | ClientProxy.swift:247 | spans: root
2026-04-22T10:59:31.428476Z ERROR elementx: Received background task early termination | ClientProxy.swift:247 | spans: root
2026-04-22T10:59:31.428667Z ERROR elementx: Received background task early termination | ClientProxy.swift:247 | spans: root
2026-04-22T10:59:31.433889Z ERROR elementx: Received background task early termination | ClientProxy.swift:247 | spans: root
2026-04-22T10:59:31.434235Z ERROR elementx: Received background task early termination | ClientProxy.swift:247 | spans: root
2026-04-22T10:59:31.612799Z  INFO elementx: [CALL-END-TRACE][SENDER-BRIDGE-ENTRY] method=ElementCallWidgetDriver.handleMessage room_id=!jFGCYbgmpjrPGtgDqt:mertis.kz local_trace_id=unknown widget_id=99E0E669-7687-4F4F-97D0-05B54F1C1F38 callkit_id=unknown message_type=send_event message_direction=toWidget | ElementCallWidgetDriver.swift:196 | spans: root
2026-04-22T10:59:31.613200Z  INFO elementx: [CALL-END-TRACE][SENDER-BRIDGE-ENTRY] method=ElementCallWidgetDriver.handleMessage room_id=!jFGCYbgmpjrPGtgDqt:mertis.kz local_trace_id=unknown widget_id=99E0E669-7687-4F4F-97D0-05B54F1C1F38 callkit_id=unknown message_type=update_state message_direction=toWidget | ElementCallWidgetDriver.swift:196 | spans: root
2026-04-22T10:59:32.374771Z  INFO elementx: [CALL-END-TRACE][SENDER-METHOD-ENTRY] method=requestLocalCallTermination room_id=!jFGCYbgmpjrPGtgDqt:mertis.kz local_trace_id=A45C391A-063C-4A41-904B-EC20DED589D5 widget_id=99E0E669-7687-4F4F-97D0-05B54F1C1F38 callkit_id=unknown send_hangup_message=false | CallScreenViewModel.swift:243 | spans: root
2026-04-22T10:59:32.375329Z  INFO elementx: [CALL-END-TRACE][UI-DISMISS-REQUEST] room_id=!jFGCYbgmpjrPGtgDqt:mertis.kz local_trace_id=A45C391A-063C-4A41-904B-EC20DED589D5 widget_id=99E0E669-7687-4F4F-97D0-05B54F1C1F38 callkit_id=unknown source=requestLocalCallTermination send_hangup_message=false | CallScreenViewModel.swift:256 | spans: root
2026-04-22T10:59:32.375966Z  INFO elementx: [CALL-END-TRACE][UI-COORDINATOR-CLOSED] room_id=!jFGCYbgmpjrPGtgDqt:mertis.kz local_trace_id=A45C391A-063C-4A41-904B-EC20DED589D5 widget_id=99E0E669-7687-4F4F-97D0-05B54F1C1F38 callkit_id=unknown | CallScreenViewModel.swift:208 | spans: root
2026-04-22T10:59:39.118086Z  INFO elementx: Network reachability changed to reachable | NetworkMonitor.swift:30 | spans: root
2026-04-22T10:59:47.519945Z  INFO elementx: Transitioning from `roomList(detailState: nil)` to `roomList(detailState: Optional(SalemX.ChatsTabFlowCoordinatorStateMachine.DetailState.room(roomID: "!jFGCYbgmpjrPGtgDqt:mertis.kz")))` with event `selectRoom(roomID: "!jFGCYbgmpjrPGtgDqt:mertis.kz", via: [], entryPoint: SalemX.RoomFlowCoordinatorEntryPoint.room)` | ChatsTabFlowCoordinatorStateMachine.swift:229 | spans: root
2026-04-22T10:59:47.522335Z  INFO elementx: NavigationSplitCoordinator(NavigationStackCoordinator(SalemX.HomeScreenCoordinator) | NavigationStackCoordinator(Empty)) Set detail: NavigationStackCoordinator(Empty) | NavigationCoordinators.swift:302 | spans: root
2026-04-22T10:59:47.523380Z  INFO elementx: Minimizing audio call without Picture in Picture. | UserSessionFlowCoordinator.swift:587 | spans: root
2026-04-22T10:59:47.537070Z ERROR elementx: Received background task early termination | ClientProxy.swift:247 | spans: root
2026-04-22T10:59:47.557722Z DEBUG matrix_sdk::http_client::native: Sending request num_attempt=1 | crates/matrix-sdk/src/http_client/native.rs:78 | spans: root > sync_once{conn_id="room-list" pos="581/s1140_6524_62_153_270_1_283_236_0_1_1_1" timeout=30000} > send{request_id="REQ-51" method=POST uri="https://matrix.mertis.kz/_matrix/client/unstable/org.matrix.simplified_msc3575/sync" request_size="1.2k"}
2026-04-22T10:59:47.559925Z  INFO elementx: Transitioning from `initial` to `room` with event `presentRoom(presentationAction: nil)` | RoomFlowCoordinator.swift:546 | spans: root
2026-04-22T10:59:47.560557Z DEBUG matrix_sdk::http_client::native: Sending request num_attempt=1 | crates/matrix-sdk/src/http_client/native.rs:78 | spans: root > fetch_members > send{request_id="REQ-52" method=GET uri="https://matrix.mertis.kz/_matrix/client/v3/rooms/!jFGCYbgmpjrPGtgDqt:mertis.kz/members"}
2026-04-22T10:59:47.585737Z  INFO elementx: NavigationStackCoordinator(SalemX.RoomScreenCoordinator) Set root: SalemX.RoomScreenCoordinator | NavigationCoordinators.swift:686 | spans: root
2026-04-22T10:59:47.668236Z DEBUG matrix_sdk::http_client: Got response | crates/matrix-sdk/src/http_client/mod.rs:214 | spans: root > fetch_members > send{request_id="REQ-52" method=GET uri="https://matrix.mertis.kz/_matrix/client/v3/rooms/!jFGCYbgmpjrPGtgDqt:mertis.kz/members" status=200 response_size="1.2k" request_duration=107.618791ms}
2026-04-22T10:59:47.671282Z  INFO elementx: Received room info update | JoinedRoomProxy.swift:147 | spans: root
2026-04-22T10:59:47.671313Z  INFO elementx: Received requests to join update, requests id: [] | JoinedRoomProxy.swift:787 | spans: root
2026-04-22T10:59:47.676449Z  INFO elementx: Flagging room !jFGCYbgmpjrPGtgDqt:mertis.kz as unread: false | JoinedRoomProxy.swift:554 | spans: root
2026-04-22T10:59:47.676655Z ERROR elementx: Received background task early termination | ClientProxy.swift:247 | spans: root
2026-04-22T10:59:47.676913Z ERROR elementx: Received background task early termination | ClientProxy.swift:247 | spans: root
2026-04-22T10:59:47.677100Z ERROR elementx: Received background task early termination | ClientProxy.swift:247 | spans: root
2026-04-22T10:59:47.682509Z ERROR elementx: Received background task early termination | ClientProxy.swift:247 | spans: root
2026-04-22T10:59:47.715843Z  INFO elementx: Sending read receipt for eventID: $6nHM0L-yXYhQOvS4JuUqhNFBrqQlSizv_Xpf7MWs6gY | TimelineProxy.swift:459 | spans: root
2026-04-22T10:59:47.716392Z  INFO elementx: Finished sending read receipt for eventID: $6nHM0L-yXYhQOvS4JuUqhNFBrqQlSizv_Xpf7MWs6gY | TimelineProxy.swift:463 | spans: root
2026-04-22T10:59:47.719882Z  INFO elementx: Started back pagination request | TimelineController.swift:102 | spans: root
2026-04-22T10:59:47.719907Z  INFO elementx: Paginating backwards | TimelineProxy.swift:124 | spans: root
2026-04-22T10:59:47.721411Z  INFO elementx: Finished paginating backwards | TimelineProxy.swift:128 | spans: root
2026-04-22T10:59:47.721651Z  INFO elementx: Finished back pagination request | TimelineController.swift:105 | spans: root
2026-04-22T10:59:47.722781Z  INFO elementx: Received room info update | JoinedRoomProxy.swift:147 | spans: root
2026-04-22T10:59:47.729839Z  INFO elementx: Sending read receipt for eventID: $6nHM0L-yXYhQOvS4JuUqhNFBrqQlSizv_Xpf7MWs6gY | TimelineProxy.swift:459 | spans: root
2026-04-22T10:59:47.729874Z  INFO elementx: Finished sending read receipt for eventID: $6nHM0L-yXYhQOvS4JuUqhNFBrqQlSizv_Xpf7MWs6gY | TimelineProxy.swift:463 | spans: root
2026-04-22T10:59:47.735494Z ERROR elementx: Received background task early termination | ClientProxy.swift:247 | spans: root
2026-04-22T10:59:47.735586Z ERROR elementx: Received background task early termination | ClientProxy.swift:247 | spans: root
2026-04-22T10:59:47.735850Z ERROR elementx: Received background task early termination | ClientProxy.swift:247 | spans: root
2026-04-22T10:59:47.745599Z  INFO elementx: Sending read receipt for eventID: $6nHM0L-yXYhQOvS4JuUqhNFBrqQlSizv_Xpf7MWs6gY | TimelineProxy.swift:459 | spans: root
2026-04-22T10:59:47.745642Z  INFO elementx: Finished sending read receipt for eventID: $6nHM0L-yXYhQOvS4JuUqhNFBrqQlSizv_Xpf7MWs6gY | TimelineProxy.swift:463 | spans: root
2026-04-22T10:59:47.754238Z  INFO elementx: Sending read receipt for eventID: $6nHM0L-yXYhQOvS4JuUqhNFBrqQlSizv_Xpf7MWs6gY | TimelineProxy.swift:459 | spans: root
2026-04-22T10:59:47.754276Z  INFO elementx: Finished sending read receipt for eventID: $6nHM0L-yXYhQOvS4JuUqhNFBrqQlSizv_Xpf7MWs6gY | TimelineProxy.swift:463 | spans: root
2026-04-22T10:59:47.818207Z  INFO elementx: Started back pagination request | TimelineController.swift:102 | spans: root
2026-04-22T10:59:47.818243Z  INFO elementx: Paginating backwards | TimelineProxy.swift:124 | spans: root
2026-04-22T10:59:47.819033Z  INFO elementx: Finished paginating backwards | TimelineProxy.swift:128 | spans: root
2026-04-22T10:59:47.819066Z  INFO elementx: Finished back pagination request | TimelineController.swift:105 | spans: root
2026-04-22T10:59:47.820555Z  INFO elementx: Received room info update | JoinedRoomProxy.swift:147 | spans: root
2026-04-22T10:59:47.828232Z  INFO elementx: Sending read receipt for eventID: $6nHM0L-yXYhQOvS4JuUqhNFBrqQlSizv_Xpf7MWs6gY | TimelineProxy.swift:459 | spans: root
2026-04-22T10:59:47.828282Z  INFO elementx: Finished sending read receipt for eventID: $6nHM0L-yXYhQOvS4JuUqhNFBrqQlSizv_Xpf7MWs6gY | TimelineProxy.swift:463 | spans: root
2026-04-22T10:59:47.832651Z  INFO elementx: Sending read receipt for eventID: $6nHM0L-yXYhQOvS4JuUqhNFBrqQlSizv_Xpf7MWs6gY | TimelineProxy.swift:459 | spans: root
2026-04-22T10:59:47.832697Z  INFO elementx: Finished sending read receipt for eventID: $6nHM0L-yXYhQOvS4JuUqhNFBrqQlSizv_Xpf7MWs6gY | TimelineProxy.swift:463 | spans: root
2026-04-22T10:59:47.836209Z ERROR elementx: Received background task early termination | ClientProxy.swift:247 | spans: root
2026-04-22T10:59:47.836274Z ERROR elementx: Received background task early termination | ClientProxy.swift:247 | spans: root
2026-04-22T10:59:47.836453Z ERROR elementx: Received background task early termination | ClientProxy.swift:247 | spans: root
2026-04-22T10:59:47.836778Z  INFO elementx: Sending read receipt for eventID: $6nHM0L-yXYhQOvS4JuUqhNFBrqQlSizv_Xpf7MWs6gY | TimelineProxy.swift:459 | spans: root
2026-04-22T10:59:47.836800Z  INFO elementx: Finished sending read receipt for eventID: $6nHM0L-yXYhQOvS4JuUqhNFBrqQlSizv_Xpf7MWs6gY | TimelineProxy.swift:463 | spans: root
2026-04-22T10:59:48.586238Z  INFO elementx: NavigationSplitCoordinator(NavigationStackCoordinator(SalemX.HomeScreenCoordinator) | Empty) Remove detail: NavigationStackCoordinator(SalemX.RoomScreenCoordinator) | NavigationCoordinators.swift:302 | spans: root
2026-04-22T10:59:48.586721Z  INFO elementx: Transitioning from `roomList(detailState: Optional(SalemX.ChatsTabFlowCoordinatorStateMachine.DetailState.room(roomID: "!jFGCYbgmpjrPGtgDqt:mertis.kz")))` to `roomList(detailState: nil)` with event `deselectRoom` | ChatsTabFlowCoordinatorStateMachine.swift:229 | spans: root
2026-04-22T10:59:48.587697Z  INFO elementx: Transitioning from `room` to `complete` with event `dismissFlow` | RoomFlowCoordinator.swift:546 | spans: root
2026-04-22T10:59:48.615411Z  INFO elementx: Marking as fullyRead | TimelineProxy.swift:472 | spans: root
2026-04-22T10:59:48.615469Z  INFO elementx: Successfully cleared draft | ComposerDraftService.swift:62 | spans: root
2026-04-22T10:59:48.615934Z DEBUG matrix_sdk::http_client::native: Sending request num_attempt=1 | crates/matrix-sdk/src/http_client/native.rs:78 | spans: root > mark_as_read{receipt_type="m.fully_read" room_id="!jFGCYbgmpjrPGtgDqt:mertis.kz"} > send_single_receipt{receipt_type="m.fully_read" event_id="$TJFeKzG2YLNMUMU_LueA_vLaFt8GE-sj85AOhjmogUk" room_id="!jFGCYbgmpjrPGtgDqt:mertis.kz"} > send_single_receipt > send{request_id="REQ-53" method=POST uri="https://matrix.mertis.kz/_matrix/client/v3/rooms/!jFGCYbgmpjrPGtgDqt:mertis.kz/receipt/m.fully_read/$TJFeKzG2YLNMUMU_LueA_vLaFt8GE-sj85AOhjmogUk" request_size="2B"}
2026-04-22T10:59:48.742407Z DEBUG matrix_sdk::http_client: Got response | crates/matrix-sdk/src/http_client/mod.rs:214 | spans: root > next_sync_with_lock{store_generation=11} > sync_once{conn_id="encryption" pos="0/s1140_6524_62_153_270_1_283_236_0_1_1_1" timeout=30000} > send{request_id="REQ-49" method=POST uri="https://matrix.mertis.kz/_matrix/client/unstable/org.matrix.simplified_msc3575/sync" request_size="106B" status=200 response_size="282B" request_duration=17.374935792s}
2026-04-22T10:59:48.747500Z DEBUG matrix_sdk::http_client::native: Sending request num_attempt=1 | crates/matrix-sdk/src/http_client/native.rs:78 | spans: root > next_sync_with_lock{store_generation=11} > sync_once{conn_id="encryption" pos="0/s1140_6525_62_153_270_1_283_236_0_1_1_1" timeout=30000} > send{request_id="REQ-54" method=POST uri="https://matrix.mertis.kz/_matrix/client/unstable/org.matrix.simplified_msc3575/sync" request_size="106B"}
2026-04-22T10:59:48.747922Z DEBUG matrix_sdk_crypto::session_manager::sessions: Collected user/device pairs that are missing an Olm session missing_session_devices_by_user={} timed_out_devices_by_user={} | crates/matrix-sdk-crypto/src/session_manager/sessions.rs:285 | spans: root > next_sync_with_lock{store_generation=11} > sync_once{conn_id="encryption" pos="0/s1140_6525_62_153_270_1_283_236_0_1_1_1" timeout=30000} > send_outgoing_requests > get_missing_sessions
2026-04-22T10:59:48.759869Z DEBUG matrix_sdk::http_client: Got response | crates/matrix-sdk/src/http_client/mod.rs:214 | spans: root > mark_as_read{receipt_type="m.fully_read" room_id="!jFGCYbgmpjrPGtgDqt:mertis.kz"} > send_single_receipt{receipt_type="m.fully_read" event_id="$TJFeKzG2YLNMUMU_LueA_vLaFt8GE-sj85AOhjmogUk" room_id="!jFGCYbgmpjrPGtgDqt:mertis.kz"} > send_single_receipt > send{request_id="REQ-53" method=POST uri="https://matrix.mertis.kz/_matrix/client/v3/rooms/!jFGCYbgmpjrPGtgDqt:mertis.kz/receipt/m.fully_read/$TJFeKzG2YLNMUMU_LueA_vLaFt8GE-sj85AOhjmogUk" request_size="2B" status=200 response_size="2B" request_duration=143.483666ms}
2026-04-22T10:59:48.759961Z  INFO elementx: Finished marking as read | TimelineProxy.swift:476 | spans: root
2026-04-22T10:59:48.764492Z DEBUG matrix_sdk::http_client: Got response | crates/matrix-sdk/src/http_client/mod.rs:214 | spans: root > sync_once{conn_id="room-list" pos="581/s1140_6524_62_153_270_1_283_236_0_1_1_1" timeout=30000} > send{request_id="REQ-51" method=POST uri="https://matrix.mertis.kz/_matrix/client/unstable/org.matrix.simplified_msc3575/sync" request_size="1.2k" status=200 response_size="503B" request_duration=1.206433541s}
2026-04-22T10:59:48.765518Z DEBUG matrix_sdk_base::response_processors::account_data::global: Found direct room data in the Store, applying it | crates/matrix-sdk-base/src/response_processors/account_data/global.rs:147 | spans: root > sync_once{conn_id="room-list" pos="581/s1140_6524_62_153_270_1_283_236_0_1_1_1" timeout=30000} > handle_response
2026-04-22T10:59:48.766667Z  INFO elementx: Received room list update: running | ClientProxy.swift:1143 | spans: root
2026-04-22T10:59:48.767014Z DEBUG matrix_sdk::http_client::native: Sending request num_attempt=1 | crates/matrix-sdk/src/http_client/native.rs:78 | spans: root > sync_once{conn_id="room-list" pos="581/s1140_6525_62_153_271_1_283_236_0_1_1_1" timeout=30000} > send{request_id="REQ-55" method=POST uri="https://matrix.mertis.kz/_matrix/client/unstable/org.matrix.simplified_msc3575/sync" request_size="1.2k"}
2026-04-22T10:59:48.784364Z DEBUG matrix_sdk::http_client: Got response | crates/matrix-sdk/src/http_client/mod.rs:214 | spans: root > next_sync_with_lock{store_generation=11} > sync_once{conn_id="encryption" pos="0/s1140_6525_62_153_270_1_283_236_0_1_1_1" timeout=30000} > send{request_id="REQ-54" method=POST uri="https://matrix.mertis.kz/_matrix/client/unstable/org.matrix.simplified_msc3575/sync" request_size="106B" status=200 response_size="282B" request_duration=36.8045ms}
2026-04-22T10:59:48.789777Z DEBUG matrix_sdk::http_client::native: Sending request num_attempt=1 | crates/matrix-sdk/src/http_client/native.rs:78 | spans: root > next_sync_with_lock{store_generation=11} > sync_once{conn_id="encryption" pos="0/s1140_6525_62_153_271_1_283_236_0_1_1_1" timeout=30000} > send{request_id="REQ-56" method=POST uri="https://matrix.mertis.kz/_matrix/client/unstable/org.matrix.simplified_msc3575/sync" request_size="106B"}
2026-04-22T10:59:48.789889Z DEBUG matrix_sdk_crypto::session_manager::sessions: Collected user/device pairs that are missing an Olm session missing_session_devices_by_user={} timed_out_devices_by_user={} | crates/matrix-sdk-crypto/src/session_manager/sessions.rs:285 | spans: root > next_sync_with_lock{store_generation=11} > sync_once{conn_id="encryption" pos="0/s1140_6525_62_153_271_1_283_236_0_1_1_1" timeout=30000} > send_outgoing_requests > get_missing_sessions
2026-04-22T11:00:14.908172Z  INFO elementx: Application will resign active | AppCoordinator.swift:1153 | spans: root
2026-04-22T11:00:14.908560Z  INFO elementx: Successfully scheduled background app refresh task | AppCoordinator.swift:1216 | spans: root
1.0
1.0
2026-04-22T11:00:15.122279Z  INFO elementx: Network reachability changed to reachable | NetworkMonitor.swift:30 | spans: root
2026-04-22T11:00:18.384683Z  INFO elementx: Application did become active | AppCoordinator.swift:1178 | spans: root
2026-04-22T11:00:18.384813Z  INFO elementx: Ending background task. | AppCoordinator.swift:1188 | spans: root
2026-04-22T11:00:18.385490Z  INFO elementx: Starting sync | ClientProxy.swift:442 | spans: root
2026-04-22T11:00:18.803714Z DEBUG matrix_sdk::http_client: Got response | crates/matrix-sdk/src/http_client/mod.rs:214 | spans: root > sync_once{conn_id="room-list" pos="581/s1140_6525_62_153_271_1_283_236_0_1_1_1" timeout=30000} > send{request_id="REQ-55" method=POST uri="https://matrix.mertis.kz/_matrix/client/unstable/org.matrix.simplified_msc3575/sync" request_size="1.2k" status=200 response_size="376B" request_duration=30.036003125s}
2026-04-22T11:00:18.806138Z  INFO elementx: Received room list update: running | ClientProxy.swift:1143 | spans: root
2026-04-22T11:00:18.808235Z DEBUG matrix_sdk::http_client::native: Sending request num_attempt=1 | crates/matrix-sdk/src/http_client/native.rs:78 | spans: root > sync_once{conn_id="room-list" pos="581/s1140_6525_62_153_271_1_283_236_0_1_1_1" timeout=30000} > send{request_id="REQ-57" method=POST uri="https://matrix.mertis.kz/_matrix/client/unstable/org.matrix.simplified_msc3575/sync" request_size="1.2k"}
2026-04-22T11:00:18.817926Z DEBUG matrix_sdk::http_client: Got response | crates/matrix-sdk/src/http_client/mod.rs:214 | spans: root > next_sync_with_lock{store_generation=11} > sync_once{conn_id="encryption" pos="0/s1140_6525_62_153_271_1_283_236_0_1_1_1" timeout=30000} > send{request_id="REQ-56" method=POST uri="https://matrix.mertis.kz/_matrix/client/unstable/org.matrix.simplified_msc3575/sync" request_size="106B" status=200 response_size="282B" request_duration=30.028068834s}
2026-04-22T11:00:18.823456Z DEBUG matrix_sdk::http_client::native: Sending request num_attempt=1 | crates/matrix-sdk/src/http_client/native.rs:78 | spans: root > next_sync_with_lock{store_generation=11} > sync_once{conn_id="encryption" pos="0/s1140_6525_62_153_271_1_283_236_0_1_1_1" timeout=30000} > send{request_id="REQ-58" method=POST uri="https://matrix.mertis.kz/_matrix/client/unstable/org.matrix.simplified_msc3575/sync" request_size="106B"}
2026-04-22T11:00:18.824325Z DEBUG matrix_sdk_crypto::session_manager::sessions: Collected user/device pairs that are missing an Olm session missing_session_devices_by_user={} timed_out_devices_by_user={} | crates/matrix-sdk-crypto/src/session_manager/sessions.rs:285 | spans: root > next_sync_with_lock{store_generation=11} > sync_once{conn_id="encryption" pos="0/s1140_6525_62_153_271_1_283_236_0_1_1_1" timeout=30000} > send_outgoing_requests > get_missing_sessions
2026-04-22T11:00:45.032149Z  INFO elementx: Application will resign active | AppCoordinator.swift:1153 | spans: root
2026-04-22T11:00:45.038868Z  INFO elementx: Successfully scheduled background app refresh task | AppCoordinator.swift:1216 | spans: root
2026-04-22T11:00:45.245542Z  INFO elementx: Network reachability changed to reachable | NetworkMonitor.swift:30 | spans: root
2026-04-22T11:00:48.850185Z DEBUG matrix_sdk::http_client: Got response | crates/matrix-sdk/src/http_client/mod.rs:214 | spans: root > sync_once{conn_id="room-list" pos="581/s1140_6525_62_153_271_1_283_236_0_1_1_1" timeout=30000} > send{request_id="REQ-57" method=POST uri="https://matrix.mertis.kz/_matrix/client/unstable/org.matrix.simplified_msc3575/sync" request_size="1.2k" status=200 response_size="376B" request_duration=30.040592417s}
2026-04-22T11:00:48.851340Z DEBUG matrix_sdk::http_client: Got response | crates/matrix-sdk/src/http_client/mod.rs:214 | spans: root > next_sync_with_lock{store_generation=11} > sync_once{conn_id="encryption" pos="0/s1140_6525_62_153_271_1_283_236_0_1_1_1" timeout=30000} > send{request_id="REQ-58" method=POST uri="https://matrix.mertis.kz/_matrix/client/unstable/org.matrix.simplified_msc3575/sync" request_size="106B" status=200 response_size="282B" request_duration=30.025587s}
2026-04-22T11:00:48.853526Z  INFO elementx: Received room list update: running | ClientProxy.swift:1143 | spans: root
2026-04-22T11:00:48.854215Z DEBUG matrix_sdk::http_client::native: Sending request num_attempt=1 | crates/matrix-sdk/src/http_client/native.rs:78 | spans: root > sync_once{conn_id="room-list" pos="581/s1140_6525_62_153_271_1_283_236_0_1_1_1" timeout=30000} > send{request_id="REQ-59" method=POST uri="https://matrix.mertis.kz/_matrix/client/unstable/org.matrix.simplified_msc3575/sync" request_size="1.2k"}
2026-04-22T11:00:48.863929Z DEBUG matrix_sdk::http_client::native: Sending request num_attempt=1 | crates/matrix-sdk/src/http_client/native.rs:78 | spans: root > next_sync_with_lock{store_generation=11} > sync_once{conn_id="encryption" pos="0/s1140_6525_62_153_271_1_283_236_0_1_1_1" timeout=30000} > send{request_id="REQ-60" method=POST uri="https://matrix.mertis.kz/_matrix/client/unstable/org.matrix.simplified_msc3575/sync" request_size="106B"}
2026-04-22T11:00:48.865224Z DEBUG matrix_sdk_crypto::session_manager::sessions: Collected user/device pairs that are missing an Olm session missing_session_devices_by_user={} timed_out_devices_by_user={} | crates/matrix-sdk-crypto/src/session_manager/sessions.rs:285 | spans: root > next_sync_with_lock{store_generation=11} > sync_once{conn_id="encryption" pos="0/s1140_6525_62_153_271_1_283_236_0_1_1_1" timeout=30000} > send_outgoing_requests > get_missing_sessions
2026-04-22T11:00:50.342084Z  INFO elementx: Network reachability changed to reachable | NetworkMonitor.swift:30 | spans: root
2026-04-22T11:01:11.290901Z  INFO elementx: Background task is about to expire. | AppCoordinator.swift:1165 | spans: root
2026-04-22T11:01:11.291188Z  INFO elementx: Stopping sync | ClientProxy.swift:479 | spans: root
2026-04-22T11:01:11.293283Z  INFO elementx: Received room list update: terminated | ClientProxy.swift:1143 | spans: root
2026-04-22T11:01:11.294532Z  INFO elementx: Received sync service update: idle | ClientProxy.swift:1106 | spans: root
2026-04-22T11:01:11.295624Z  INFO elementx: Sync stopped | ClientProxy.swift:496 | spans: root
2026-04-22T11:01:11.295779Z  INFO elementx: Ending background task. | AppCoordinator.swift:1188 | spans: root
2026-04-22T11:01:12.299068Z  INFO elementx: Send queue status changed to enabled: false, homeserver reachability: reachable | ClientProxy.swift:295 | spans: root
2026-04-22T11:01:12.299224Z  INFO elementx: Enabling all send queues | ClientProxy.swift:298 | spans: root
2026-04-22T11:01:22.166087Z  INFO elementx: Application did become active | AppCoordinator.swift:1178 | spans: root
2026-04-22T11:01:22.166704Z  INFO elementx: Starting sync | ClientProxy.swift:442 | spans: root
2026-04-22T11:01:22.172965Z  INFO elementx: Received sync service update: running | ClientProxy.swift:1106 | spans: root
2026-04-22T11:01:22.173616Z DEBUG matrix_sdk::http_client::native: Sending request num_attempt=1 | crates/matrix-sdk/src/http_client/native.rs:78 | spans: root > sync_once{conn_id="room-list" pos="581/s1140_6525_62_153_271_1_283_236_0_1_1_1" timeout=0} > send{request_id="REQ-61" method=POST uri="https://matrix.mertis.kz/_matrix/client/unstable/org.matrix.simplified_msc3575/sync" request_size="1.2k"}
2026-04-22T11:01:22.174729Z DEBUG matrix_sdk::http_client::native: Sending request num_attempt=1 | crates/matrix-sdk/src/http_client/native.rs:78 | spans: root > next_sync_with_lock{store_generation=11} > sync_once{conn_id="encryption" pos="0/s1140_6525_62_153_271_1_283_236_0_1_1_1" timeout=30000} > send{request_id="REQ-62" method=POST uri="https://matrix.mertis.kz/_matrix/client/unstable/org.matrix.simplified_msc3575/sync" request_size="106B"}
2026-04-22T11:01:22.175285Z DEBUG matrix_sdk_crypto::session_manager::sessions: Collected user/device pairs that are missing an Olm session missing_session_devices_by_user={} timed_out_devices_by_user={} | crates/matrix-sdk-crypto/src/session_manager/sessions.rs:285 | spans: root > next_sync_with_lock{store_generation=11} > sync_once{conn_id="encryption" pos="0/s1140_6525_62_153_271_1_283_236_0_1_1_1" timeout=30000} > send_outgoing_requests > get_missing_sessions
2026-04-22T11:01:22.843149Z DEBUG matrix_sdk::http_client: Got response | crates/matrix-sdk/src/http_client/mod.rs:214 | spans: root > sync_once{conn_id="room-list" pos="581/s1140_6525_62_153_271_1_283_236_0_1_1_1" timeout=0} > send{request_id="REQ-61" method=POST uri="https://matrix.mertis.kz/_matrix/client/unstable/org.matrix.simplified_msc3575/sync" request_size="1.2k" status=200 response_size="377B" request_duration=669.292625ms}
2026-04-22T11:01:22.845841Z  INFO elementx: Received room list update: recovering | ClientProxy.swift:1143 | spans: root
2026-04-22T11:01:22.852837Z DEBUG matrix_sdk::http_client::native: Sending request num_attempt=1 | crates/matrix-sdk/src/http_client/native.rs:78 | spans: root > sync_once{conn_id="room-list" pos="581/s1140_6525_62_153_271_1_283_236_0_1_1_1" timeout=0} > send{request_id="REQ-63" method=POST uri="https://matrix.mertis.kz/_matrix/client/unstable/org.matrix.simplified_msc3575/sync" request_size="1.2k"}
2026-04-22T11:01:23.097385Z DEBUG matrix_sdk::http_client: Got response | crates/matrix-sdk/src/http_client/mod.rs:214 | spans: root > sync_once{conn_id="room-list" pos="581/s1140_6525_62_153_271_1_283_236_0_1_1_1" timeout=0} > send{request_id="REQ-63" method=POST uri="https://matrix.mertis.kz/_matrix/client/unstable/org.matrix.simplified_msc3575/sync" request_size="1.2k" status=200 response_size="376B" request_duration=244.2935ms}
2026-04-22T11:01:23.102385Z  INFO elementx: Received room list update: running | ClientProxy.swift:1143 | spans: root
2026-04-22T11:01:23.103247Z DEBUG matrix_sdk::http_client::native: Sending request num_attempt=1 | crates/matrix-sdk/src/http_client/native.rs:78 | spans: root > sync_once{conn_id="room-list" pos="581/s1140_6525_62_153_271_1_283_236_0_1_1_1" timeout=30000} > send{request_id="REQ-64" method=POST uri="https://matrix.mertis.kz/_matrix/client/unstable/org.matrix.simplified_msc3575/sync" request_size="1.2k"}
2026-04-22T11:01:23.175006Z  INFO elementx: Send queue status changed to enabled: false, homeserver reachability: reachable | ClientProxy.swift:295 | spans: root
2026-04-22T11:01:23.175195Z  INFO elementx: Enabling all send queues | ClientProxy.swift:298 | spans: root
2026-04-22T11:01:24.277304Z  INFO elementx: Network reachability changed to reachable | NetworkMonitor.swift:30 | spans: root
ERROR: Command timeout of 180.0 seconds exceeded. Assuming command got stuck and aborting.
